cell_id,source_cycle_id,elapsed_test_s,voltage_V,current_A,temperature_C,charge_capacity_Ah,discharge_capacity_Ah
95k_case,1,468862.052,3.2017,0.0,24.4736,,
95k_case,1,468869.05,3.2027,0.0,24.4736,,
95k_case,1,468876.052,3.2036,0.0,24.3668,,
95k_case,1,468883.055,3.2046,0.0,24.3668,,
95k_case,1,468890.054,3.2053,0.0,24.3668,,
95k_case,1,468897.054,3.2061,0.0,24.4736,,
95k_case,1,468904.054,3.207,0.0,24.3668,,
95k_case,1,468911.054,3.2076,0.0,24.2599,,
95k_case,1,468918.05,3.2083,0.0,24.2599,,
95k_case,1,468926.0,3.1741,-1.0634,24.2599,,
95k_case,1,468932.998,3.1636,-1.0634,24.3668,,
95k_case,1,468939.999,3.35,3.5023,24.2599,,
95k_case,1,468946.997,3.6,10.2532,24.2599,,
95k_case,1,468953.996,3.2263,-2.5302,24.4736,,
95k_case,1,468960.994,3.5613,14.7605,24.3668,,
95k_case,1,468967.997,3.5659,7.0757,24.4736,,
95k_case,1,468974.998,3.3166,0.4822,24.4736,,
95k_case,1,468981.999,3.6,7.2102,24.5805,,
95k_case,1,468988.991,3.6,5.5377,24.6874,,
95k_case,1,468995.994,3.4014,1.0659,24.7943,,
95k_case,1,469002.995,3.2414,-4.5732,24.7943,,
95k_case,1,469009.991,3.299,-1.0634,24.7943,,
95k_case,1,469016.993,3.5821,5.454,25.008,,
95k_case,1,469023.994,3.3476,-1.0634,24.9011,,
95k_case,1,469031.0,3.3041,-1.0634,24.9011,,
95k_case,1,469037.998,3.2803,-1.0634,24.9011,,
95k_case,1,469044.999,3.2634,-1.0634,25.008,,
95k_case,1,469051.992,3.2505,-1.0634,25.008,,
95k_case,1,469058.996,3.2398,-1.0634,25.008,,
95k_case,1,469065.992,3.4466,5.9793,25.008,,
95k_case,1,469072.992,3.5369,5.1976,25.008,,
95k_case,1,469079.997,3.4016,-1.0608,25.1149,,
95k_case,1,469086.996,3.6,4.7789,25.1149,,
95k_case,1,469093.997,3.2783,-6.0401,25.2218,,
95k_case,1,469100.995,3.0894,-13.7729,25.1149,,
95k_case,1,469107.992,3.5875,10.8267,25.1149,,
95k_case,1,469115.001,3.3945,0.1472,25.2218,,
95k_case,1,469122.003,3.2648,-2.8018,25.1149,,
95k_case,1,469128.994,3.6,5.3017,25.1149,,
95k_case,1,469135.993,3.3476,-1.6242,25.2218,,
95k_case,1,469142.998,3.2889,-1.4567,25.3286,,
95k_case,1,469149.995,3.4736,3.1749,25.3286,,
95k_case,1,469156.995,3.6,7.898,25.3286,,
95k_case,1,469163.995,3.6,5.2103,25.4355,,
95k_case,1,469170.994,3.6,4.1165,25.3286,,
95k_case,1,469177.998,3.3567,-2.482,25.3286,,
95k_case,1,469184.998,3.6,4.3398,25.4355,,
95k_case,1,469191.998,3.3007,-2.4389,25.5424,,
95k_case,1,469198.992,3.6,9.9232,25.4355,,
95k_case,1,469205.999,2.7977,-25.744,25.5424,,
95k_case,1,469212.991,2.9361,-13.5217,25.5424,,
95k_case,1,469219.997,3.1044,-6.3776,25.5424,,
95k_case,1,469226.993,3.2856,3.1394,25.6492,,
95k_case,1,469233.992,3.2827,-1.0608,25.6492,,
95k_case,1,469240.993,3.5205,7.6823,25.7561,,
95k_case,1,469248.0,3.3194,-1.0608,25.7561,,
95k_case,1,469254.998,3.3673,-1.0583,25.6492,,
95k_case,1,469261.992,3.2307,-4.3803,25.7561,,
95k_case,1,469268.993,3.0374,-7.2177,25.863,,
95k_case,1,469275.996,3.2002,-3.6114,25.863,,
95k_case,1,469282.996,3.3839,6.3397,25.863,,
95k_case,1,469289.996,3.1646,-4.2331,25.863,,
95k_case,1,469297.001,3.4883,10.5425,25.9699,,
95k_case,1,469304.001,3.2913,-0.4238,25.9699,,
95k_case,1,469310.994,3.2601,-1.0608,25.863,,
95k_case,1,469317.998,3.1354,-5.7406,25.863,,
95k_case,1,469324.993,3.2103,-1.0608,25.9699,,
95k_case,1,469331.991,3.3409,1.7258,25.863,,
95k_case,1,469338.993,3.5983,10.2887,25.9699,,
95k_case,1,469345.992,3.2977,-2.5226,25.9699,,
95k_case,1,469353.009,2.8244,-13.3237,25.9699,,
95k_case,1,469359.999,3.3991,9.6415,26.0767,,
95k_case,1,469366.997,3.2908,-0.7004,26.1836,,
95k_case,1,469373.998,3.2488,-1.0608,26.1836,,
95k_case,1,469380.998,3.2371,-1.0608,26.1836,,
95k_case,1,469387.993,3.2295,-1.0608,26.2905,,
95k_case,1,469394.999,3.2235,-1.0608,26.2905,,
95k_case,1,469401.992,3.2184,-1.0583,26.2905,,
95k_case,1,469409.003,3.2139,-1.0608,26.2905,,
95k_case,1,469415.992,3.21,-1.0608,26.2905,,
95k_case,1,469422.994,3.2063,-1.0608,26.1836,,
95k_case,1,469429.999,3.2031,-1.0608,26.1836,,
95k_case,1,469436.998,3.5897,14.0016,26.1836,,
95k_case,1,469443.995,3.3073,0.8248,26.1836,,
95k_case,1,469450.994,3.3722,1.1573,26.1836,,
95k_case,1,469457.999,3.2628,-1.6572,26.2905,,
95k_case,1,469465.0,2.9528,-7.9993,26.1836,,
95k_case,1,469472.001,3.2516,2.0735,26.1836,,
95k_case,1,469479.0,3.1579,-2.2409,26.1836,,
95k_case,1,469485.994,3.6,11.3368,26.2905,,
95k_case,1,469492.999,3.3078,-1.0608,26.3973,,
95k_case,1,469499.992,3.2731,-1.0608,26.3973,,
95k_case,1,469506.992,3.256,-1.0608,26.3973,,
95k_case,1,469513.998,3.2441,-1.0583,26.3973,,
95k_case,1,469520.999,3.2348,-1.0608,26.3973,,
95k_case,1,469527.993,2.8988,-15.0241,26.2905,,
95k_case,1,469534.992,2.9932,-6.3243,26.1836,,
95k_case,1,469541.998,3.226,-1.0608,26.2905,,
95k_case,1,469548.998,2.8718,-14.0775,26.2905,,
95k_case,1,469555.997,3.3222,3.2257,26.2905,,
95k_case,1,469562.996,3.5767,12.3698,26.1836,,
95k_case,1,469569.992,3.4367,4.619,26.2905,,
95k_case,1,469576.996,3.6,8.002,26.2905,,
95k_case,1,469583.998,3.5998,5.7103,26.2905,,
95k_case,1,469591.004,3.48,3.5785,26.3973,,
95k_case,1,469598.0,3.3716,0.3071,26.3973,,
95k_case,1,469605.0,3.6,5.8093,26.5042,,
95k_case,1,469612.0,3.4144,5.8651,26.5042,,
95k_case,1,469618.993,3.236,-4.02,26.6111,,
95k_case,1,469625.992,3.3302,-2.9591,26.6111,,
95k_case,1,469633.0,3.3485,-2.6647,26.6111,,
95k_case,1,469640.0,3.55,7.7584,26.718,,
95k_case,1,469646.996,3.6,9.4385,26.718,,
95k_case,1,469653.999,3.4166,4.1216,26.6111,,
95k_case,1,469660.995,3.6,5.3474,26.6111,,
95k_case,1,469668.002,3.6,4.1596,26.6111,,
95k_case,1,469674.996,3.3309,-6.4918,26.718,,
95k_case,1,469681.993,3.6,4.4921,26.718,,
95k_case,1,469688.994,3.6,3.9896,26.718,,
95k_case,1,469695.994,3.1312,-12.037,26.718,,
95k_case,1,469703.0,3.1235,-7.1441,26.8248,,
95k_case,1,469709.994,3.6,7.3371,26.8248,,
95k_case,1,469716.994,3.6,4.756,26.6111,,
95k_case,1,469723.992,3.478,-1.0532,26.718,,
95k_case,1,469730.997,3.1479,-6.1137,26.718,,
95k_case,1,469738.001,3.6,6.2534,26.718,,
95k_case,1,469744.998,3.5583,2.1623,26.718,,
95k_case,1,469751.999,3.4073,-1.7993,26.8248,,
95k_case,1,469758.998,3.5345,5.2865,26.718,,
95k_case,1,469765.995,3.5988,5.6494,26.718,,
95k_case,1,469772.996,3.6,3.01,26.718,,
95k_case,1,469779.998,3.6,2.477,26.6111,,
95k_case,1,469787.002,3.2223,-9.6997,26.6111,,
95k_case,1,469793.999,3.1165,-11.0676,26.6111,,
95k_case,1,469800.994,3.4729,5.4743,26.6111,,
95k_case,1,469807.997,3.4574,5.3093,26.5042,,
95k_case,1,469815.0,3.2587,-1.0507,26.5042,,
95k_case,1,469821.999,3.0735,-9.6083,26.6111,,
95k_case,1,469828.996,3.6,9.7177,26.3973,,
95k_case,1,469836.0,3.0562,-10.7478,26.6111,,
95k_case,1,469842.991,2.9276,-13.6486,26.6111,,
95k_case,1,469850.0,3.2378,4.6824,26.6111,,
95k_case,1,469856.995,3.1224,-1.0532,26.6111,,
95k_case,1,469863.997,3.157,-1.0532,26.8248,,
95k_case,1,469870.992,2.6395,-20.9576,26.9317,,
95k_case,1,469877.991,3.5755,18.6206,26.9317,,
95k_case,1,469884.999,3.0308,-8.7937,27.0386,,
95k_case,1,469891.996,3.0172,-5.5376,27.1454,,
95k_case,1,469899.004,3.6,15.8645,27.2523,,
95k_case,1,469905.995,3.3365,0.9187,27.3592,,
95k_case,1,469912.994,3.267,-1.0532,27.4661,,
95k_case,1,469919.995,3.2518,-1.0532,27.5729,,
95k_case,1,469926.998,3.2425,-1.0532,27.6798,,
95k_case,1,469933.998,3.2356,-1.0532,27.6798,,
95k_case,1,469940.998,3.2299,-1.0532,27.5729,,
95k_case,1,469947.991,3.225,-1.0532,27.5729,,
95k_case,1,469954.996,3.1847,-5.2711,27.4661,,
95k_case,1,469961.999,3.2395,-1.0202,27.5729,,
95k_case,1,469968.996,3.4148,8.8167,27.5729,,
95k_case,1,469976.0,3.6,13.7199,27.4661,,
95k_case,1,469982.994,3.6,7.6543,27.5729,,
95k_case,1,469990.003,2.7569,-26.749,27.4661,,
95k_case,1,469996.993,2.9703,-11.5142,27.4661,,
95k_case,1,470003.997,2.9469,-8.1693,27.5729,,
95k_case,1,470011.0,2.9858,-9.8469,27.5729,,
95k_case,1,470017.996,2.4999,-25.7567,27.6798,,
95k_case,1,470024.995,3.2139,4.3424,27.5729,,
95k_case,1,470031.995,2.851,-6.1365,27.7867,,
95k_case,1,470038.993,2.7003,-12.6893,28.0004,,
95k_case,1,470045.992,3.0497,-1.0557,28.1073,,
95k_case,1,470052.997,3.5352,17.2679,28.2142,,
95k_case,1,470059.992,3.4293,6.3524,28.2142,,
95k_case,1,470066.997,2.8559,-20.3104,28.321,,
95k_case,1,470073.993,3.2532,0.0127,28.321,,
95k_case,1,470080.993,2.9322,-13.4354,28.5348,,
95k_case,1,470087.995,2.5793,-22.5082,28.6417,,
95k_case,1,470094.996,2.8817,-7.7887,28.7485,,
95k_case,1,470101.992,3.1113,0.5939,28.9623,,
95k_case,1,470108.99,3.2066,1.9567,29.0691,,
95k_case,1,470115.993,3.0261,-5.5579,29.0691,,
95k_case,1,470122.999,3.3272,10.4689,29.0691,,
95k_case,1,470129.997,3.2913,5.6824,29.0691,,
95k_case,1,470136.991,3.0066,-7.2811,29.0691,,
95k_case,1,470143.997,3.0263,-4.4235,29.176,,
95k_case,1,470151.003,3.0577,-3.421,29.176,,
95k_case,1,470157.999,2.9996,-5.4412,29.0691,,
95k_case,1,470164.993,3.376,10.5171,28.9623,,
95k_case,1,470171.991,3.4851,12.1109,28.9623,,
95k_case,1,470178.998,3.5898,12.0652,28.8554,,
95k_case,1,470185.996,3.4954,4.5302,28.9623,,
95k_case,1,470192.997,3.3771,3.4059,28.9623,,
95k_case,1,470199.993,3.4849,4.2561,28.9623,,
95k_case,1,470206.989,2.8806,-17.5696,28.9623,,
95k_case,1,470213.999,2.9931,-8.1034,28.9623,,
95k_case,1,470220.993,3.2901,3.6673,29.0691,,
95k_case,1,470227.994,3.1938,-0.8553,29.0691,,
95k_case,1,470234.995,3.3387,5.0022,29.0691,,
95k_case,1,470241.991,3.5586,10.7252,28.9623,,
95k_case,1,470248.997,3.3102,0.8933,28.8554,,
95k_case,1,470255.995,2.8175,-17.1813,28.7485,,
95k_case,1,470263.0,2.7237,-17.4579,28.7485,,
95k_case,1,470269.999,2.4999,-22.5767,28.7485,,
95k_case,1,470276.993,3.1633,6.0275,28.7485,,
95k_case,1,470284.002,3.5009,16.735,28.8554,,
95k_case,1,470290.999,3.1032,-6.4614,28.8554,,
95k_case,1,470297.994,3.1774,-1.0583,29.0691,,
95k_case,1,470304.997,3.6,12.4611,29.2829,,
95k_case,1,470311.999,3.0275,-5.332,29.2829,,
95k_case,1,470319.0,3.3591,11.3952,29.4966,,
95k_case,1,470325.993,3.4434,12.1363,29.6035,,
95k_case,1,470332.999,3.1955,-5.6645,29.6035,,
95k_case,1,470339.999,3.1609,-1.8095,29.7104,,
95k_case,1,470346.996,3.4394,11.8749,29.7104,,
95k_case,1,470353.994,3.2139,6.695,29.8172,,
95k_case,1,470360.996,3.0892,-8.3698,29.9241,,
95k_case,1,470367.995,3.158,-2.7028,30.1379,,
95k_case,1,470374.991,3.2311,-0.5025,30.031,,
95k_case,1,470381.994,3.1975,-1.0583,30.031,,
95k_case,1,470388.993,3.1894,-1.0583,30.1379,,
95k_case,1,470395.996,3.1838,-1.0583,30.1379,,
95k_case,1,470402.994,3.4743,14.7199,30.1379,,
95k_case,1,470409.999,3.5618,10.4004,30.031,,
95k_case,1,470416.995,3.1749,-6.535,30.031,,
95k_case,1,470424.0,3.2872,3.2434,29.9241,,
95k_case,1,470430.997,3.327,3.0734,29.9241,,
95k_case,1,470437.991,3.0766,-8.012,29.8172,,
95k_case,1,470444.994,2.7471,-22.5539,29.6035,,
95k_case,1,470451.999,3.5492,17.3948,29.4966,,
95k_case,1,470458.996,3.1631,-1.6242,29.6035,,
95k_case,1,470465.995,2.4999,-26.4723,29.4966,,
95k_case,1,470472.994,3.3156,11.2785,29.7104,,
95k_case,1,470479.992,3.1764,0.6015,29.8172,,
95k_case,1,470486.997,2.6945,-17.7904,29.8172,,
95k_case,1,470493.999,2.5287,-17.265,29.9241,,
95k_case,1,470500.997,2.8352,-1.6445,30.031,,
95k_case,1,470507.999,2.8477,-2.9642,30.031,,
95k_case,1,470515.0,2.8558,-6.1594,30.1379,,
95k_case,1,470521.999,2.9803,2.7866,30.1379,,
95k_case,1,470528.999,2.9401,-4.5453,30.1379,,
95k_case,1,470535.994,2.9543,-2.2841,30.2447,,
95k_case,1,470542.994,2.6014,-15.9682,30.2447,,
95k_case,1,470549.996,2.4999,-15.9758,30.3516,,
95k_case,1,470556.993,2.6056,-15.5418,30.4585,,
95k_case,1,470563.995,2.8131,-0.4365,30.4585,,
95k_case,1,470570.994,2.619,-9.0881,30.5653,,
95k_case,1,470578.0,2.4999,-7.5653,30.7791,,
95k_case,1,470584.993,2.4999,-5.1874,30.6722,,
95k_case,1,470591.996,2.4999,-4.0022,30.7791,,
95k_case,1,470598.998,2.6279,0.5025,30.7791,,
95k_case,1,470605.999,2.5225,-2.4033,30.6722,,
95k_case,1,470612.998,2.4999,-2.7155,30.6722,,
95k_case,1,470619.991,2.4999,-2.3323,30.6722,,
95k_case,1,470626.998,2.4999,-2.2105,30.7791,,
95k_case,1,470633.996,2.5758,0.7132,30.7791,,
95k_case,1,470640.995,2.4999,-1.812,30.6722,,
95k_case,1,470647.999,2.4999,-1.6166,30.5653,,
95k_case,1,470654.994,2.9361,10.3775,30.3516,,
95k_case,1,470661.994,3.3451,18.5445,30.2447,,
95k_case,1,470668.991,3.0152,-1.0659,30.1379,,
95k_case,1,470675.995,3.0923,7.8269,30.1379,,
95k_case,1,470682.999,2.9199,-8.4561,30.2447,,
95k_case,1,470689.997,3.1267,6.3905,30.2447,,
95k_case,1,470696.995,3.4402,10.6694,30.1379,,
95k_case,1,470704.0,3.6,11.2125,30.1379,,
95k_case,1,470710.997,3.4974,5.6545,30.2447,,
95k_case,1,470717.998,3.3544,0.3756,30.2447,,
95k_case,1,470724.04,3.2641,-1.0634,30.1379,,
95k_case,1,470731.058,3.3456,2.4973,30.031,,
95k_case,1,470738.047,3.3523,2.4973,30.031,,
95k_case,1,470745.053,3.3574,2.4973,30.031,,
95k_case,1,470752.053,3.3623,2.4973,29.8172,,
95k_case,1,470759.05,3.367,2.4998,29.8172,,
95k_case,1,470766.052,3.3716,2.4973,29.8172,,
95k_case,1,470773.048,3.3761,2.4973,29.8172,,
95k_case,1,470780.05,3.3803,2.4973,29.7104,,
95k_case,1,470787.046,3.3846,2.4973,29.7104,,
95k_case,1,470794.045,3.3886,2.4973,29.6035,,
95k_case,1,470801.051,3.3927,2.4973,29.6035,,
95k_case,1,470808.048,3.3964,2.4973,29.4966,,
95k_case,1,470815.046,3.4001,2.4973,29.4966,,
95k_case,1,470822.053,3.4038,2.4973,29.3898,,
95k_case,1,470829.044,3.4073,2.4973,29.2829,,
95k_case,1,470836.051,3.4109,2.4973,29.2829,,
95k_case,1,470843.048,3.4142,2.4973,29.0691,,
95k_case,1,470850.055,3.4178,2.4973,29.0691,,
95k_case,1,470857.052,3.421,2.4973,28.9623,,
95k_case,1,470864.048,3.4244,2.4973,28.9623,,
95k_case,1,470871.051,3.4276,2.4973,28.8554,,
95k_case,1,470878.053,3.4306,2.4973,28.8554,,
95k_case,1,470885.051,3.4338,2.4973,28.7485,,
95k_case,1,470892.054,3.4369,2.4973,28.7485,,
95k_case,1,470899.046,3.4401,2.4973,28.7485,,
95k_case,1,507096.356,3.1488,0.0,28.8554,,
95k_case,1,507166.358,3.143,0.0,28.2142,,
95k_case,1,507236.36,3.1319,0.0,27.4661,,
95k_case,1,507306.36,3.1253,0.0,26.5042,,
95k_case,1,507376.366,3.1216,0.0,26.2905,,
95k_case,1,507446.362,3.1192,0.0,25.863,,
95k_case,1,507516.366,3.1177,0.0,25.3286,,
95k_case,1,507586.364,3.1167,0.0,25.3286,,
95k_case,1,507656.359,3.116,0.0,25.1149,,
95k_case,1,514471.087,3.1693,-1.0608,24.4736,,
95k_case,1,514478.082,3.1587,-1.0608,24.3668,,
95k_case,1,514485.084,3.3473,3.4998,24.3668,,
95k_case,1,514492.084,3.6,10.2684,24.3668,,
95k_case,1,514499.096,3.2236,-2.5328,24.3668,,
95k_case,1,514506.085,3.5617,14.7605,24.3668,,
95k_case,1,514513.087,3.5661,7.0757,24.4736,,
95k_case,1,514520.09,3.3147,0.4797,24.5805,,
95k_case,1,514527.086,3.6,7.1848,24.5805,,
95k_case,1,514534.089,3.6,5.492,24.5805,,
95k_case,1,514541.093,3.4011,1.0659,24.7943,,
95k_case,1,514548.089,3.239,-4.5732,24.7943,,
95k_case,1,514555.088,3.2975,-1.0634,24.9011,,
95k_case,1,514562.088,3.5838,5.454,24.9011,,
95k_case,1,514569.082,3.3469,-1.0634,24.9011,,
95k_case,1,514576.086,3.3027,-1.0634,24.9011,,
95k_case,1,514583.085,3.2788,-1.0634,24.9011,,
95k_case,1,514590.087,3.2618,-1.0634,24.9011,,
95k_case,1,514597.087,3.2486,-1.0634,24.9011,,
95k_case,1,514604.091,3.2378,-1.0634,24.9011,,
95k_case,1,514611.085,3.4466,5.9793,24.9011,,
95k_case,1,514618.085,3.5384,5.1976,24.9011,,
95k_case,1,514625.088,3.4014,-1.0634,24.9011,,
95k_case,1,514632.084,3.6,4.7104,24.9011,,
95k_case,1,514639.081,3.2769,-6.0401,25.008,,
95k_case,1,514646.084,3.0853,-13.7729,25.008,,
95k_case,1,514653.088,3.5883,10.8267,25.1149,,
95k_case,1,514660.089,3.394,0.1472,25.1149,,
95k_case,1,514667.082,3.2629,-2.8043,25.1149,,
95k_case,1,514674.083,3.6,5.2408,25.3286,,
95k_case,1,514681.088,3.3464,-1.6242,25.2218,,
95k_case,1,514688.089,3.2874,-1.4567,25.2218,,
95k_case,1,514695.079,3.474,3.1749,25.2218,,
95k_case,1,514702.098,3.6,7.8371,25.3286,,
95k_case,1,514709.084,3.6,5.1393,25.2218,,
95k_case,1,514716.083,3.6,4.0632,25.2218,,
95k_case,1,514723.086,3.3559,-2.482,25.3286,,
95k_case,1,514730.082,3.6,4.2891,25.3286,,
95k_case,1,514737.091,3.299,-2.4389,25.3286,,
95k_case,1,514744.091,3.6,9.8446,25.3286,,
95k_case,1,514751.092,2.79,-25.744,25.4355,,
95k_case,1,514758.085,2.9305,-13.5217,25.3286,,
95k_case,1,514765.085,3.1002,-6.3751,25.3286,,
95k_case,1,514772.086,3.2837,3.1394,25.4355,,
95k_case,1,514779.085,3.2793,-1.0608,25.3286,,
95k_case,1,514786.088,3.52,7.6823,25.3286,,
95k_case,1,514793.085,3.3174,-1.0608,25.3286,,
95k_case,1,514800.091,3.3665,-1.0557,25.3286,,
95k_case,1,514807.089,3.2279,-4.3803,25.4355,,
95k_case,1,514814.088,3.033,-7.2151,25.5424,,
95k_case,1,514821.083,3.197,-3.6114,25.5424,,
95k_case,1,514828.089,3.3827,6.3372,25.5424,,
95k_case,1,514835.091,3.1611,-4.2331,25.6492,,
95k_case,1,514842.086,3.4885,10.5425,25.5424,,
95k_case,1,514849.083,3.2891,-0.4213,25.6492,,
95k_case,1,514856.091,3.2575,-1.0608,25.7561,,
95k_case,1,514863.082,3.1317,-5.7406,25.7561,,
95k_case,1,514870.084,3.2068,-1.0608,25.7561,,
95k_case,1,514877.083,3.3387,1.7258,25.863,,
95k_case,1,514884.086,3.5989,10.2608,25.7561,,
95k_case,1,514891.088,3.295,-2.5201,25.7561,,
95k_case,1,514898.088,2.8187,-13.3237,25.863,,
95k_case,1,514905.084,3.3989,9.6415,25.863,,
95k_case,1,514912.087,3.2889,-0.7004,26.0767,,
95k_case,1,514919.09,3.2464,-1.0583,26.0767,,
95k_case,1,514926.084,3.2348,-1.0608,26.1836,,
95k_case,1,514933.086,3.227,-1.0583,26.2905,,
95k_case,1,514940.086,3.2209,-1.0608,26.1836,,
95k_case,1,514947.094,3.2157,-1.0608,26.2905,,
95k_case,1,514954.086,3.2112,-1.0608,26.2905,,
95k_case,1,514961.084,3.2071,-1.0583,26.2905,,
95k_case,1,514968.086,3.2036,-1.0608,26.1836,,
95k_case,1,514975.088,3.2002,-1.0608,26.1836,,
95k_case,1,514982.091,3.5908,14.0016,26.0767,,
95k_case,1,514989.084,3.3049,0.8248,26.0767,,
95k_case,1,514996.088,3.3706,1.1573,25.9699,,
95k_case,1,515003.09,3.2602,-1.6598,25.9699,,
95k_case,1,515010.089,2.9485,-7.9993,25.9699,,
95k_case,1,515017.095,3.2501,2.0735,26.1836,,
95k_case,1,515024.082,3.155,-2.2409,26.1836,,
95k_case,1,515031.082,3.6,11.281,26.0767,,
95k_case,1,515038.087,3.306,-1.0608,26.1836,,
95k_case,1,515045.087,3.271,-1.0608,26.0767,,
95k_case,1,515052.09,3.2538,-1.0608,26.2905,,
95k_case,1,515059.088,3.2419,-1.0583,26.2905,,
95k_case,1,515066.084,3.2324,-1.0583,26.2905,,
95k_case,1,515073.082,2.893,-15.0241,26.1836,,
95k_case,1,515080.082,2.9889,-6.3218,26.2905,,
95k_case,1,515087.085,3.2238,-1.0608,26.2905,,
95k_case,1,515094.083,2.8664,-14.0775,26.2905,,
95k_case,1,515101.091,3.3205,3.2257,26.3973,,
95k_case,1,515108.085,3.5768,12.3698,26.3973,,
95k_case,1,515115.09,3.436,4.619,26.5042,,
95k_case,1,515122.082,3.6,7.969,26.5042,,
95k_case,1,515129.086,3.6,5.6697,26.3973,,
95k_case,1,515136.082,3.481,3.5785,26.3973,,
95k_case,1,515143.09,3.3709,0.3045,26.5042,,
95k_case,1,515150.088,3.6,5.7737,26.5042,,
95k_case,1,515157.091,3.4132,5.8651,26.6111,,
95k_case,1,515164.083,3.2333,-4.0225,26.6111,,
95k_case,1,515171.087,3.3282,-2.9591,26.6111,,
95k_case,1,515178.088,3.3469,-2.6647,26.6111,,
95k_case,1,515185.09,3.551,7.7584,26.718,,
95k_case,1,515192.086,3.6,9.375,26.8248,,
95k_case,1,515199.083,3.4163,4.1216,26.8248,,
95k_case,1,515206.091,3.6,5.3144,26.718,,
95k_case,1,515213.089,3.6,4.1343,26.718,,
95k_case,1,515220.087,3.3275,-6.4918,26.718,,
95k_case,1,515227.088,3.6,4.4743,26.6111,,
95k_case,1,515234.092,3.6,3.9972,26.6111,,
95k_case,1,515241.082,3.128,-12.037,26.6111,,
95k_case,1,515248.094,3.1204,-7.1441,26.6111,,
95k_case,1,515255.088,3.6,7.3143,26.6111,,
95k_case,1,515262.084,3.6,4.7231,26.6111,,
95k_case,1,515269.082,3.4766,-1.0532,26.6111,,
95k_case,1,515276.086,3.1447,-6.1162,26.6111,,
95k_case,1,515283.088,3.6,6.2509,26.6111,,
95k_case,1,515290.088,3.558,2.1623,26.6111,,
95k_case,1,515297.089,3.4056,-1.7993,26.6111,,
95k_case,1,515304.09,3.5337,5.2865,26.6111,,
95k_case,1,515311.089,3.5988,5.6443,26.718,,
95k_case,1,515318.083,3.6,3.0176,26.6111,,
95k_case,1,515325.088,3.5998,2.4821,26.5042,,
95k_case,1,515332.089,3.2193,-9.6997,26.6111,,
95k_case,1,515339.088,3.1127,-11.0701,26.5042,,
95k_case,1,515346.084,3.4723,5.4743,26.5042,,
95k_case,1,515353.083,3.4573,5.3093,26.6111,,
95k_case,1,515360.085,3.2572,-1.0532,26.6111,,
95k_case,1,515367.081,3.0703,-9.6083,26.6111,,
95k_case,1,515374.087,3.6,9.6821,26.6111,,
95k_case,1,515381.09,3.0528,-10.7453,26.6111,,
95k_case,1,515388.088,2.9226,-13.6486,26.718,,
95k_case,1,515395.086,3.2368,4.6824,26.718,,
95k_case,1,515402.095,3.1201,-1.0532,26.8248,,
95k_case,1,515409.089,3.1547,-1.0507,26.9317,,
95k_case,1,515416.091,2.6321,-20.9576,27.0386,,
95k_case,1,515423.089,3.5762,18.6206,26.9317,,
95k_case,1,515430.089,3.0275,-8.7937,27.0386,,
95k_case,1,515437.081,3.014,-5.5376,27.2523,,
95k_case,1,515444.089,3.6,15.8163,27.3592,,
95k_case,1,515451.084,3.3353,0.9187,27.5729,,
95k_case,1,515458.083,3.2653,-1.0532,27.5729,,
95k_case,1,515465.087,3.2501,-1.0507,27.6798,,
95k_case,1,515472.089,3.2407,-1.0532,27.6798,,
95k_case,1,515479.088,3.2336,-1.0532,27.6798,,
95k_case,1,515486.091,3.2279,-1.0532,27.6798,,
95k_case,1,515493.088,3.223,-1.0507,27.6798,,
95k_case,1,515500.084,3.1823,-5.2711,27.6798,,
95k_case,1,515507.086,3.2375,-1.0202,27.5729,,
95k_case,1,515514.088,3.4139,8.8167,27.6798,,
95k_case,1,515521.085,3.6,13.7073,27.5729,,
95k_case,1,515528.089,3.6,7.6137,27.4661,,
95k_case,1,515535.084,2.7514,-26.749,27.4661,,
95k_case,1,515542.083,2.9661,-11.5142,27.3592,,
95k_case,1,515549.084,2.9426,-8.1693,27.3592,,
95k_case,1,515556.088,2.9821,-9.8469,27.4661,,
95k_case,1,515563.082,2.4999,-25.4471,27.4661,,
95k_case,1,515570.084,3.2122,4.3424,27.5729,,
95k_case,1,515577.09,2.8467,-6.1365,27.6798,,
95k_case,1,515584.082,2.6922,-12.6893,27.8935,,
95k_case,1,515591.087,3.0454,-1.0532,27.8935,,
95k_case,1,515598.086,3.5359,17.2679,28.1073,,
95k_case,1,515605.084,3.4291,6.3549,28.1073,,
95k_case,1,515612.082,2.8512,-20.3104,28.1073,,
95k_case,1,515619.089,3.2513,0.0127,28.321,,
95k_case,1,515626.082,2.9275,-13.4354,28.321,,
95k_case,1,515633.086,2.5697,-22.5082,28.5348,,
95k_case,1,515640.084,2.8747,-7.7861,28.7485,,
95k_case,1,515647.086,3.1068,0.5939,28.7485,,
95k_case,1,515654.082,3.2032,1.9567,28.9623,,
95k_case,1,515661.082,3.0214,-5.5579,29.0691,,
95k_case,1,515668.089,3.3249,10.4689,29.0691,,
95k_case,1,515675.083,3.2889,5.6849,29.176,,
95k_case,1,515682.083,3.002,-7.2811,29.176,,
95k_case,1,515689.084,3.0214,-4.4235,29.176,,
95k_case,1,515696.096,3.0531,-3.421,29.176,,
95k_case,1,515703.089,2.9946,-5.4412,29.176,,
95k_case,1,515710.086,3.3739,10.5171,29.176,,
95k_case,1,515717.09,3.4841,12.1109,28.9623,,
95k_case,1,515724.083,3.5897,12.0652,28.8554,,
95k_case,1,515731.089,3.4955,4.5302,28.9623,,
95k_case,1,515738.078,3.376,3.4059,28.8554,,
95k_case,1,515745.092,3.4854,4.2561,28.8554,,
95k_case,1,515752.088,2.8763,-17.567,28.8554,,
95k_case,1,515759.087,2.9894,-8.1034,28.8554,,
95k_case,1,515766.088,3.2886,3.6673,28.8554,,
95k_case,1,515773.083,3.1914,-0.8578,28.9623,,
95k_case,1,515780.084,3.3373,5.0022,28.8554,,
95k_case,1,515787.086,3.5595,10.7252,28.8554,,
95k_case,1,515794.09,3.3092,0.8933,28.8554,,
95k_case,1,515801.089,2.8121,-17.1813,28.8554,,
95k_case,1,515808.085,2.7171,-17.4579,28.8554,,
95k_case,1,515815.086,2.4999,-22.2291,28.9623,,
95k_case,1,515822.087,3.1589,6.0275,29.0691,,
95k_case,1,515829.084,3.5001,16.735,29.0691,,
95k_case,1,515836.089,3.0998,-6.4639,29.176,,
95k_case,1,515843.082,3.1749,-1.0583,29.2829,,
95k_case,1,515850.09,3.6,12.4231,29.4966,,
95k_case,1,515857.084,3.0236,-5.332,29.6035,,
95k_case,1,515864.083,3.3571,11.3952,29.6035,,
95k_case,1,515871.089,3.4422,12.1363,29.7104,,
95k_case,1,515878.086,3.1933,-5.6645,29.7104,,
95k_case,1,515885.089,3.159,-1.812,30.031,,
95k_case,1,515892.09,3.4389,11.8749,30.031,,
95k_case,1,515899.084,3.2115,6.695,30.031,,
95k_case,1,515906.084,3.0872,-8.3698,30.031,,
95k_case,1,515913.088,3.1562,-2.7003,30.031,,
95k_case,1,515920.082,3.2294,-0.5025,30.1379,,
95k_case,1,515927.083,3.1955,-1.0557,30.031,,
95k_case,1,515934.084,3.1872,-1.0583,30.031,,
95k_case,1,515941.091,3.1815,-1.0557,29.9241,,
95k_case,1,515948.082,3.4755,14.7199,29.8172,,
95k_case,1,515955.083,3.5642,10.4004,29.7104,,
95k_case,1,515962.084,3.1727,-6.535,29.7104,,
95k_case,1,515969.088,3.2861,3.2434,29.4966,,
95k_case,1,515976.085,3.3262,3.0734,29.4966,,
95k_case,1,515983.09,3.0732,-8.012,29.3898,,
95k_case,1,515990.087,2.7399,-22.5539,29.2829,,
95k_case,1,515997.084,3.5504,17.3948,29.2829,,
95k_case,1,516004.09,3.1607,-1.6268,29.2829,,
95k_case,1,516011.086,2.4999,-25.9927,29.2829,,
95k_case,1,516018.09,3.3147,11.2785,29.4966,,
95k_case,1,516025.087,3.1737,0.6015,29.6035,,
95k_case,1,516032.086,2.6851,-17.7904,29.4966,,
95k_case,1,516039.088,2.5184,-17.265,29.6035,,
95k_case,1,516046.087,2.8247,-1.6445,29.9241,,
95k_case,1,516053.085,2.8359,-2.9642,29.9241,,
95k_case,1,516060.082,2.8441,-6.1594,30.031,,
95k_case,1,516067.086,2.9686,2.7866,30.031,,
95k_case,1,516074.092,2.9285,-4.5453,30.031,,
95k_case,1,516081.089,2.942,-2.2841,30.031,,
95k_case,1,516088.088,2.5813,-15.9682,30.1379,,
95k_case,1,516095.091,2.4999,-14.9987,30.031,,
95k_case,1,516102.084,2.5852,-15.5418,30.031,,
95k_case,1,516109.087,2.7944,-0.4365,30.1379,,
95k_case,1,516116.088,2.593,-9.0881,30.1379,,
95k_case,1,516123.089,2.4999,-6.8801,30.031,,
95k_case,1,516130.089,2.4999,-4.7382,30.3516,,
95k_case,1,516137.082,2.4999,-3.6748,30.3516,,
95k_case,1,516144.082,2.6191,0.5025,30.5653,,
95k_case,1,516151.084,2.5154,-2.4059,30.6722,,
95k_case,1,516158.085,2.5,-2.4972,30.5653,,
95k_case,1,516165.082,2.4999,-2.1623,30.5653,,
95k_case,1,516172.09,2.4999,-2.0582,30.5653,,
95k_case,1,516179.091,2.5738,0.7106,30.4585,,
95k_case,1,516186.092,2.4999,-1.6978,30.5653,,
95k_case,1,516193.089,2.4999,-1.5176,30.5653,,
95k_case,1,516200.09,2.9386,10.3775,30.4585,,
95k_case,1,516207.082,3.3517,18.5445,30.3516,,
95k_case,1,516214.084,3.016,-1.0659,30.2447,,
95k_case,1,516221.09,3.0946,7.8269,30.1379,,
95k_case,1,516228.085,2.9189,-8.4561,30.031,,
95k_case,1,516235.09,3.1287,6.3905,30.031,,
95k_case,1,516242.083,3.4495,10.6719,29.9241,,
95k_case,1,516249.084,3.6,10.8673,29.8172,,
95k_case,1,516256.091,3.5025,5.6545,29.8172,,
95k_case,1,516263.082,3.3571,0.3756,29.9241,,
95k_case,1,516269.123,3.2651,-1.0634,29.9241,,
95k_case,1,516276.131,3.348,2.4973,30.031,,
95k_case,1,516283.133,3.3549,2.4973,30.031,,
95k_case,1,516290.127,3.3601,2.4973,30.031,,
95k_case,1,516297.131,3.365,2.4973,30.031,,
95k_case,1,516304.128,3.3697,2.4973,29.9241,,
95k_case,1,516311.131,3.3744,2.4973,29.7104,,
95k_case,1,516318.128,3.379,2.4973,29.4966,,
95k_case,1,516325.131,3.3834,2.4973,29.4966,,
95k_case,1,516332.135,3.3876,2.4973,29.4966,,
95k_case,1,516339.13,3.3916,2.4973,29.4966,,
95k_case,1,516346.127,3.3957,2.4973,29.2829,,
95k_case,1,516353.126,3.3996,2.4998,29.2829,,
95k_case,1,516360.136,3.4036,2.4973,29.176,,
95k_case,1,516367.126,3.4073,2.4998,29.0691,,
95k_case,1,516374.135,3.411,2.4973,28.8554,,
95k_case,1,516381.131,3.4146,2.4973,28.7485,,
95k_case,1,516388.135,3.4181,2.4973,28.7485,,
95k_case,1,516395.135,3.4217,2.4973,28.6417,,
95k_case,1,516402.136,3.4252,2.4973,28.5348,,
95k_case,1,516409.129,3.4286,2.4973,28.5348,,
95k_case,1,516416.133,3.4318,2.4973,28.4279,,
95k_case,1,516423.133,3.435,2.4973,28.321,,
95k_case,1,516430.136,3.4384,2.4973,28.4279,,
95k_case,1,516437.127,3.4416,2.4973,28.2142,,
95k_case,1,519755.544,3.2495,0.0,24.153,,
95k_case,1,519762.549,3.2498,0.0,24.3668,,
95k_case,1,519769.542,3.2501,0.0,24.2599,,
95k_case,1,519776.547,3.2505,0.0,24.2599,,
95k_case,1,519783.547,3.2508,0.0,24.153,,
95k_case,1,519790.542,3.2511,0.0,24.3668,,
95k_case,1,519797.539,3.2515,0.0,24.2599,,
95k_case,1,519804.547,3.2516,0.0,24.3668,,
95k_case,1,519811.544,3.252,0.0,24.3668,,
95k_case,1,519818.822,3.2272,-1.0634,24.3668,,
95k_case,1,519825.821,3.2218,-1.0634,24.2599,,
95k_case,1,519832.819,3.2694,-0.4847,24.3668,,
95k_case,1,519839.835,3.4824,9.573,24.3668,,
95k_case,1,519846.816,3.0138,-14.415,24.2599,,
95k_case,1,519853.818,3.5573,15.9279,24.2599,,
95k_case,1,519860.816,3.3508,0.7461,24.3668,,
95k_case,1,519867.819,3.3625,2.5582,24.3668,,
95k_case,1,519874.818,3.5849,12.4484,24.3668,,
95k_case,1,519881.82,3.5824,10.0197,24.4736,,
95k_case,1,519888.817,3.4284,3.213,24.5805,,
95k_case,1,519895.814,3.3866,2.4364,24.5805,,
95k_case,1,519902.813,3.4169,5.2408,24.6874,,
95k_case,1,519909.813,3.4677,4.7738,24.6874,,
95k_case,1,519916.825,3.3338,-1.0634,24.9011,,
95k_case,1,519923.822,3.3134,-1.0608,24.9011,,
95k_case,1,519930.823,3.3004,-1.0634,24.9011,,
95k_case,1,519937.82,3.2911,-1.0634,25.008,,
95k_case,1,519944.817,3.2839,-1.0634,24.9011,,
95k_case,1,519951.817,3.2781,-1.0608,25.008,,
95k_case,1,519958.813,3.5009,10.5374,24.9011,,
95k_case,1,519965.82,3.4466,4.3271,24.9011,,
95k_case,1,519972.826,3.5266,7.1747,25.1149,,
95k_case,1,519979.822,3.5087,6.1671,25.008,,
95k_case,1,519986.82,3.6,11.7911,25.1149,,
95k_case,1,519993.823,3.1671,-11.3366,25.1149,,
95k_case,1,520000.823,3.5163,8.5198,25.2218,,
95k_case,1,520007.823,3.3461,-1.0608,25.2218,,
95k_case,1,520014.823,3.5841,13.0246,25.1149,,
95k_case,1,520021.813,3.4222,0.4035,25.2218,,
95k_case,1,520028.814,3.4163,2.01,25.3286,,
95k_case,1,520035.823,3.3814,2.7003,25.2218,,
95k_case,1,520042.816,3.4374,3.7155,25.2218,,
95k_case,1,520049.819,3.5541,8.469,25.2218,,
95k_case,1,520056.82,3.6,8.6771,25.3286,,
95k_case,1,520063.827,3.4783,0.7918,25.3286,,
95k_case,1,520070.814,3.4318,1.7994,25.3286,,
95k_case,1,520077.811,3.3562,-5.0199,25.3286,,
95k_case,1,520084.817,3.0906,-16.8184,25.3286,,
95k_case,1,520091.813,3.6,10.5526,25.4355,,
95k_case,1,520098.816,3.272,-4.7179,25.3286,,
95k_case,1,520105.816,3.1894,-7.0349,25.3286,,
95k_case,1,520112.817,3.1326,-9.8418,25.5424,,
95k_case,1,520119.818,3.4041,6.9793,25.5424,,
95k_case,1,520126.815,3.362,2.4288,25.5424,,
95k_case,1,520133.812,3.5222,9.1796,25.5424,,
95k_case,1,520140.824,3.5937,15.0346,25.6492,,
95k_case,1,520147.814,3.3549,-1.0608,25.5424,,
95k_case,1,520154.825,3.0464,-17.7599,25.5424,,
95k_case,1,520161.817,3.4419,11.9307,25.5424,,
95k_case,1,520168.831,3.2446,-3.6114,25.5424,,
95k_case,1,520175.813,3.3913,5.3068,25.5424,,
95k_case,1,520182.823,3.4239,8.601,25.5424,,
95k_case,1,520189.82,3.4318,6.8371,25.4355,,
95k_case,1,520196.82,3.3205,-0.165,25.5424,,
95k_case,1,520203.825,3.2958,-1.0608,25.5424,,
95k_case,1,520210.812,3.4424,8.1949,25.5424,,
95k_case,1,520217.82,3.3797,5.3347,25.6492,,
95k_case,1,520224.821,3.2854,-2.312,25.5424,,
95k_case,1,520231.815,3.5645,11.1465,25.5424,,
95k_case,1,520238.825,3.1963,-9.2429,25.5424,,
95k_case,1,520245.824,3.2515,1.8882,25.6492,,
95k_case,1,520252.813,3.5338,17.3695,25.6492,,
95k_case,1,520259.823,3.2953,-1.0608,25.7561,,
95k_case,1,520266.823,3.2842,-1.0608,25.7561,,
95k_case,1,520273.823,3.2788,-1.0608,25.7561,,
95k_case,1,520280.811,3.2749,-1.0608,25.7561,,
95k_case,1,520287.815,3.2719,-1.0608,25.863,,
95k_case,1,520294.812,3.2694,-1.0608,25.863,,
95k_case,1,520301.822,3.2673,-1.0608,25.9699,,
95k_case,1,520308.813,3.2655,-1.0608,25.863,,
95k_case,1,520315.815,3.2638,-1.0583,25.9699,,
95k_case,1,520322.816,3.2623,-1.0583,25.9699,,
95k_case,1,520329.82,3.4109,5.4895,25.863,,
95k_case,1,520336.831,3.355,2.4364,25.7561,,
95k_case,1,520343.82,3.3228,-0.972,25.7561,,
95k_case,1,520350.814,3.2329,-5.1671,25.7561,,
95k_case,1,520357.817,3.2145,-1.0608,25.6492,,
95k_case,1,520364.822,3.2724,0.302,25.6492,,
95k_case,1,520371.818,3.4802,14.1159,25.7561,,
95k_case,1,520378.826,3.4795,8.7279,25.6492,,
95k_case,1,520385.82,3.3191,-1.0608,25.6492,,
95k_case,1,520392.819,3.3024,-1.0583,25.7561,,
95k_case,1,520399.82,3.2925,-1.0608,25.7561,,
95k_case,1,520406.814,3.2852,-1.0608,25.7561,,
95k_case,1,520413.823,3.2798,-1.0608,25.7561,,
95k_case,1,520420.821,3.1685,-4.6874,25.7561,,
95k_case,1,520427.812,3.2871,4.5023,25.7561,,
95k_case,1,520434.823,3.3351,3.1546,25.7561,,
95k_case,1,520441.821,3.3986,10.441,25.7561,,
95k_case,1,520448.824,3.2803,-1.2106,25.863,,
95k_case,1,520455.824,3.4718,8.0807,25.863,,
95k_case,1,520462.817,3.4384,5.7382,25.863,,
95k_case,1,520469.828,3.6,11.0374,25.863,,
95k_case,1,520476.814,3.6,7.997,25.9699,,
95k_case,1,520483.822,3.3657,-2.2257,26.0767,,
95k_case,1,520490.822,3.5541,10.2861,25.9699,,
95k_case,1,520497.823,3.5809,6.6366,25.9699,,
95k_case,1,520504.824,3.5042,8.7685,25.9699,,
95k_case,1,520511.821,3.6,12.8088,26.0767,,
95k_case,1,520518.82,3.3687,-1.0557,26.0767,,
95k_case,1,520525.827,3.4207,3.5226,26.0767,,
95k_case,1,520532.824,3.3237,-3.6469,26.0767,,
95k_case,1,520539.816,3.419,0.3858,26.0767,,
95k_case,1,520546.814,3.5635,11.0018,26.0767,,
95k_case,1,520553.818,3.5679,5.5859,26.0767,,
95k_case,1,520560.818,3.6,6.0148,26.0767,,
95k_case,1,520567.823,3.4104,-1.0557,26.1836,,
95k_case,1,520574.815,3.6,5.7078,26.1836,,
95k_case,1,520581.826,3.6,4.9743,26.0767,,
95k_case,1,520588.816,3.3194,-3.4439,26.0767,,
95k_case,1,520595.824,3.4262,6.4539,26.1836,,
95k_case,1,520602.823,3.5507,6.228,26.1836,,
95k_case,1,520609.821,3.6,5.8524,26.2905,,
95k_case,1,520616.815,3.3893,-2.9515,26.3973,,
95k_case,1,520623.832,3.4674,8.4462,26.1836,,
95k_case,1,520630.827,3.6,5.9971,26.2905,,
95k_case,1,520637.824,3.4711,-1.0202,26.1836,,
95k_case,1,520644.825,3.2719,-8.8292,26.1836,,
95k_case,1,520651.817,3.5445,5.0073,26.2905,,
95k_case,1,520658.813,3.5408,2.4161,26.2905,,
95k_case,1,520665.814,3.6,3.5531,26.2905,,
95k_case,1,520672.82,3.5554,0.7081,26.3973,,
95k_case,1,520679.822,3.6,6.5478,26.5042,,
95k_case,1,520686.815,3.2469,-7.5958,26.3973,,
95k_case,1,520693.817,3.2508,-8.781,26.5042,,
95k_case,1,520700.813,3.4239,1.6902,26.3973,,
95k_case,1,520707.817,3.4237,4.8753,26.3973,,
95k_case,1,520714.821,3.2214,-5.9919,26.3973,,
95k_case,1,520721.82,3.4375,-1.0507,26.5042,,
95k_case,1,520728.816,3.2127,-7.842,26.3973,,
95k_case,1,520735.82,2.7478,-35.4107,26.5042,,
95k_case,1,520742.823,3.2132,-1.0507,26.3973,,
95k_case,1,520749.822,3.3021,4.2028,26.5042,,
95k_case,1,520756.82,3.158,-6.3396,26.5042,,
95k_case,1,520763.82,3.0411,-10.8671,26.5042,,
95k_case,1,520770.816,3.5632,19.3516,26.5042,,
95k_case,1,520777.815,3.0448,-15.2855,26.6111,,
95k_case,1,520784.819,3.3552,8.3776,26.6111,,
95k_case,1,520791.818,3.5639,15.9127,26.8248,,
95k_case,1,520798.817,3.3416,0.1218,26.9317,,
95k_case,1,520805.812,3.3061,-1.0507,26.9317,,
95k_case,1,520812.815,3.296,-1.0532,26.9317,,
95k_case,1,520819.814,3.2894,-1.0532,27.0386,,
95k_case,1,520826.826,3.2845,-1.0507,26.9317,,
95k_case,1,520833.818,3.2807,-1.0507,26.9317,,
95k_case,1,520840.828,3.2776,-1.0507,26.8248,,
95k_case,1,520847.818,3.2889,-1.6242,26.9317,,
95k_case,1,520854.82,3.1496,-9.9357,26.9317,,
95k_case,1,520861.819,3.4196,7.8472,26.718,,
95k_case,1,520868.816,3.6,15.6817,26.9317,,
95k_case,1,520875.82,3.5244,5.0352,26.9317,,
95k_case,1,520882.816,3.1547,-9.5246,26.9317,,
95k_case,1,520889.819,3.0222,-16.7904,26.9317,,
95k_case,1,520896.815,3.351,8.0223,26.9317,,
95k_case,1,520903.817,3.1278,-9.9052,26.9317,,
95k_case,1,520910.817,2.8858,-19.5262,26.9317,,
95k_case,1,520917.823,2.8669,-24.9369,26.9317,,
95k_case,1,520924.817,3.2285,4.6368,27.0386,,
95k_case,1,520931.814,3.2543,5.926,27.1454,,
95k_case,1,520938.824,3.4304,16.5421,27.3592,,
95k_case,1,520945.812,3.5515,19.6561,27.3592,,
95k_case,1,520952.818,3.2968,-2.3094,27.3592,,
95k_case,1,520959.813,3.112,-11.3163,27.4661,,
95k_case,1,520966.824,3.2241,-5.1315,27.5729,,
95k_case,1,520973.814,2.9597,-21.5159,27.6798,,
95k_case,1,520980.819,2.9904,-12.504,27.7867,,
95k_case,1,520987.819,3.1744,-0.9009,27.7867,,
95k_case,1,520994.819,3.3039,5.8397,27.8935,,
95k_case,1,521001.832,3.1918,-5.5579,27.7867,,
95k_case,1,521008.826,3.1577,-5.5579,27.8935,,
95k_case,1,521015.82,3.282,2.2664,28.0004,,
95k_case,1,521022.812,3.35,5.5555,28.0004,,
95k_case,1,521029.822,3.124,-8.182,27.8935,,
95k_case,1,521036.819,3.2159,-0.6801,27.8935,,
95k_case,1,521043.823,3.1843,-3.2485,27.8935,,
95k_case,1,521050.814,3.2047,-1.1192,27.8935,,
95k_case,1,521057.818,3.4153,10.2379,27.7867,,
95k_case,1,521064.814,3.4802,11.8495,27.6798,,
95k_case,1,521071.811,3.5239,12.4155,27.6798,,
95k_case,1,521078.832,3.3306,-2.3145,27.6798,,
95k_case,1,521085.821,3.4519,8.3396,27.5729,,
95k_case,1,521092.82,3.3593,0.203,27.6798,,
95k_case,1,521099.818,3.0585,-14.25,27.4661,,
95k_case,1,521106.812,3.1236,-7.6542,27.4661,,
95k_case,1,521113.813,3.2663,-0.9415,27.5729,,
95k_case,1,521120.822,3.3076,2.3222,27.4661,,
95k_case,1,521127.816,3.4062,7.6848,27.4661,,
95k_case,1,521134.815,3.3113,-2.3932,27.5729,,
95k_case,1,521141.812,2.9715,-26.6069,27.4661,,
95k_case,1,521148.828,3.069,-11.1386,27.4661,,
95k_case,1,521155.825,3.1901,-0.7766,27.7867,,
95k_case,1,521162.815,2.9158,-15.7854,27.7867,,
95k_case,1,521169.82,3.3783,12.6972,27.7867,,
95k_case,1,521176.825,3.351,4.4769,28.0004,,
95k_case,1,521183.816,3.4935,15.6614,28.1073,,
95k_case,1,521190.817,3.5333,19.0115,28.1073,,
95k_case,1,521197.832,2.9706,-28.9797,28.1073,,
95k_case,1,521204.824,3.0901,-11.0549,28.1073,,
95k_case,1,521211.82,3.2344,-1.0557,28.2142,,
95k_case,1,521218.82,3.5458,18.0928,28.2142,,
95k_case,1,521225.814,3.2726,-3.4413,28.2142,,
95k_case,1,521232.814,3.184,-6.3193,28.2142,,
95k_case,1,521239.814,3.0978,-14.5292,28.2142,,
95k_case,1,521246.817,3.4814,18.9328,28.321,,
95k_case,1,521253.816,3.1904,-6.0401,28.321,,
95k_case,1,521260.814,3.2346,-2.5505,28.6417,,
95k_case,1,521267.822,3.2749,-1.0583,28.6417,,
95k_case,1,521274.818,3.2653,-1.0583,28.4279,,
95k_case,1,521281.82,3.2604,-1.0583,28.4279,,
95k_case,1,521288.823,3.257,-1.0557,28.321,,
95k_case,1,521295.821,3.475,12.9839,28.321,,
95k_case,1,521302.832,3.4073,4.053,28.321,,
95k_case,1,521309.818,3.2177,-6.7608,28.2142,,
95k_case,1,521316.824,3.3264,2.5075,28.321,,
95k_case,1,521323.814,3.4451,10.0197,28.2142,,
95k_case,1,521330.821,3.1435,-8.8038,28.0004,,
95k_case,1,521337.822,3.0939,-9.4408,28.0004,,
95k_case,1,521344.815,3.4519,10.5095,27.8935,,
95k_case,1,521351.833,3.0944,-12.2477,27.7867,,
95k_case,1,521358.825,2.8865,-17.6482,27.7867,,
95k_case,1,521365.814,3.3085,6.5224,27.7867,,
95k_case,1,521372.822,3.0963,-10.6108,28.0004,,
95k_case,1,521379.814,2.8453,-23.2721,28.1073,,
95k_case,1,521386.817,2.9244,-13.108,28.2142,,
95k_case,1,521393.823,3.0874,-2.9871,28.4279,,
95k_case,1,521400.819,3.2021,3.5556,28.4279,,
95k_case,1,521407.824,3.0098,-11.9431,28.5348,,
95k_case,1,521414.82,3.2925,8.5756,28.4279,,
95k_case,1,521421.825,3.0487,-11.1792,28.5348,,
95k_case,1,521428.814,3.1794,-1.8856,28.6417,,
95k_case,1,521435.817,2.9167,-16.9529,28.6417,,
95k_case,1,521442.82,3.102,-1.0634,28.5348,,
95k_case,1,521449.816,2.9514,-12.8568,28.6417,,
95k_case,1,521456.818,2.9816,-11.5269,28.7485,,
95k_case,1,521463.818,2.8622,-18.9146,28.6417,,
95k_case,1,521470.818,2.8144,-17.803,28.6417,,
95k_case,1,521477.82,2.7942,-15.7169,28.9623,,
95k_case,1,521484.824,2.915,-7.0425,28.9623,,
95k_case,1,521491.814,2.9131,-10.9102,29.176,,
95k_case,1,521498.815,2.9389,-9.4713,29.176,,
95k_case,1,521505.813,2.9809,-4.0453,29.3898,,
95k_case,1,521512.828,3.0236,-2.4592,29.3898,,
95k_case,1,521519.817,2.9062,-9.1007,29.2829,,
95k_case,1,521526.823,2.9715,-4.1291,29.3898,,
95k_case,1,521533.813,2.7935,-12.2781,29.3898,,
95k_case,1,521540.818,2.4999,-26.8505,29.176,,
95k_case,1,521547.823,3.1722,9.875,29.3898,,
95k_case,1,521554.812,3.3992,17.6943,29.3898,,
95k_case,1,521561.832,3.1572,-1.0659,29.4966,,
95k_case,1,521568.814,3.2643,8.2178,29.4966,,
95k_case,1,521575.814,3.0712,-8.2886,29.6035,,
95k_case,1,521582.821,3.3552,13.4129,29.4966,,
95k_case,1,521589.821,3.3797,9.6035,29.2829,,
95k_case,1,521596.822,3.5288,18.9074,29.2829,,
95k_case,1,521603.822,3.3802,6.4615,29.2829,,
95k_case,1,521610.828,3.2717,-1.0634,29.2829,,
95k_case,1,521616.891,3.3012,2.4973,29.2829,,
95k_case,1,521623.884,3.3039,2.4973,29.3898,,
95k_case,1,521630.892,3.3055,2.4973,29.3898,,
95k_case,1,521637.886,3.3071,2.4973,29.3898,,
95k_case,1,521644.884,3.309,2.4973,29.3898,,
95k_case,1,521651.883,3.3112,2.4973,29.176,,
95k_case,1,521658.894,3.3134,2.4973,29.176,,
95k_case,1,521665.891,3.3156,2.4973,28.9623,,
95k_case,1,521672.891,3.3179,2.4973,28.9623,,
95k_case,1,521679.888,3.3203,2.4973,28.8554,,
95k_case,1,521686.883,3.3227,2.4973,28.7485,,
95k_case,1,521693.889,3.325,2.4973,28.7485,,
95k_case,1,521700.887,3.3272,2.4973,28.7485,,
95k_case,1,521707.885,3.3296,2.4973,28.6417,,
95k_case,1,521714.884,3.3318,2.4973,28.6417,,
95k_case,1,521721.883,3.3341,2.4973,28.6417,,
95k_case,1,521728.889,3.3363,2.4973,28.5348,,
95k_case,1,521735.891,3.3385,2.4973,28.321,,
95k_case,1,521742.886,3.3407,2.4973,28.321,,
95k_case,1,521749.883,3.3429,2.4973,28.1073,,
95k_case,1,521756.893,3.3451,2.4998,27.8935,,
95k_case,1,521763.891,3.3473,2.4998,27.7867,,
95k_case,1,521770.892,3.3493,2.4973,27.7867,,
95k_case,1,521777.888,3.3515,2.4973,27.6798,,
95k_case,1,521784.893,3.3535,2.4973,27.6798,,
95k_case,1,521791.886,3.3556,2.4973,27.5729,,
95k_case,1,521798.884,3.3576,2.4973,27.5729,,
95k_case,1,521805.883,3.3596,2.4973,27.4661,,
95k_case,1,521812.883,3.3616,2.4973,27.4661,,
95k_case,1,521819.882,3.3636,2.4973,27.3592,,
95k_case,1,521826.891,3.3657,2.4973,27.4661,,
95k_case,1,521833.893,3.3677,2.4973,27.4661,,
95k_case,1,521840.901,3.3697,2.4973,27.3592,,
95k_case,1,521847.899,3.3716,2.4973,27.1454,,
95k_case,1,561468.744,3.2933,0.0,27.0386,,
95k_case,1,561538.744,3.2744,0.0,26.718,,
95k_case,1,561608.738,3.2694,0.0,26.0767,,
95k_case,1,561678.742,3.267,0.0,25.7561,,
95k_case,1,561748.735,3.2655,0.0,25.4355,,
95k_case,1,561818.741,3.2646,0.0,25.1149,,
95k_case,1,561888.739,3.264,0.0,24.9011,,
95k_case,1,561958.736,3.2635,0.0,24.7943,,
95k_case,1,562028.736,3.2631,0.0,24.6874,,
95k_case,1,570498.577,3.2274,-1.0608,24.2599,,
95k_case,1,570505.585,3.2214,-1.0634,24.153,,
95k_case,1,570512.577,3.3173,2.2105,24.2599,,
95k_case,1,570519.581,3.4704,9.1365,24.2599,,
95k_case,1,570526.576,2.9749,-18.2522,24.3668,,
95k_case,1,570533.578,3.5607,17.3009,24.3668,,
95k_case,1,570540.57,3.3594,0.7918,24.3668,,
95k_case,1,570547.578,3.3942,4.7129,24.3668,,
95k_case,1,570554.57,3.5693,11.8317,24.3668,,
95k_case,1,570561.57,3.6,11.1896,24.4736,,
95k_case,1,570568.578,3.4633,5.5047,24.4736,,
95k_case,1,570575.577,3.3302,-1.0634,24.6874,,
95k_case,1,570582.57,3.3139,-1.0634,24.6874,,
95k_case,1,570589.581,3.465,4.454,24.6874,,
95k_case,1,570596.578,3.3377,-1.0608,24.6874,,
95k_case,1,570603.572,3.3152,-1.0634,24.7943,,
95k_case,1,570610.575,3.3016,-1.0634,24.9011,,
95k_case,1,570617.571,3.292,-1.0634,25.008,,
95k_case,1,570624.571,3.2844,-1.0634,25.008,,
95k_case,1,570631.574,3.2785,-1.0634,25.008,,
95k_case,1,570638.572,3.4315,6.7965,25.008,,
95k_case,1,570645.581,3.5811,13.0398,25.008,,
95k_case,1,570652.576,3.5986,12.1997,25.008,,
95k_case,1,570659.57,3.4286,1.1395,25.1149,,
95k_case,1,570666.575,3.4831,5.8524,25.008,,
95k_case,1,570673.58,3.1003,-17.2726,25.1149,,
95k_case,1,570680.587,3.5224,9.6847,25.1149,,
95k_case,1,570687.58,3.3518,-1.0634,25.1149,,
95k_case,1,570694.581,3.5679,13.8443,25.2218,,
95k_case,1,570701.579,3.4839,3.4668,25.3286,,
95k_case,1,570708.568,3.4657,5.3981,25.3286,,
95k_case,1,570715.578,3.3076,-1.8983,25.2218,,
95k_case,1,570722.575,3.4304,3.4414,25.3286,,
95k_case,1,570729.584,3.6,12.286,25.3286,,
95k_case,1,570736.575,3.6,9.1923,25.3286,,
95k_case,1,570743.573,3.5968,7.0554,25.4355,,
95k_case,1,570750.569,3.4104,0.4771,25.4355,,
95k_case,1,570757.572,3.5042,2.6927,25.4355,,
95k_case,1,570764.569,3.2968,-4.3321,25.3286,,
95k_case,1,570771.569,3.6,11.9155,25.4355,,
95k_case,1,570778.57,3.2722,-4.86,25.5424,,
95k_case,1,570785.569,3.3333,2.8755,25.4355,,
95k_case,1,570792.57,3.1501,-9.2682,25.5424,,
95k_case,1,570799.58,3.3965,7.2711,25.6492,,
95k_case,1,570806.573,3.3102,-1.0608,25.6492,,
95k_case,1,570813.565,3.4799,7.2026,25.6492,,
95k_case,1,570820.57,3.3022,-3.119,25.7561,,
95k_case,1,570827.575,3.3613,-1.0583,25.7561,,
95k_case,1,570834.569,3.1855,-9.6794,25.6492,,
95k_case,1,570841.578,3.1452,-7.4562,25.6492,,
95k_case,1,570848.574,3.2493,-3.6038,25.863,,
95k_case,1,570855.571,3.3901,5.8042,25.863,,
95k_case,1,570862.583,3.1906,-6.7405,25.7561,,
95k_case,1,570869.577,3.4691,10.1542,25.7561,,
95k_case,1,570876.579,3.3242,0.0508,25.6492,,
95k_case,1,570883.579,3.2968,-1.0608,25.6492,,
95k_case,1,570890.572,3.4173,7.596,25.6492,,
95k_case,1,570897.569,3.341,3.4719,25.7561,,
95k_case,1,570904.572,3.3267,0.1929,25.6492,,
95k_case,1,570911.582,3.5505,11.3343,25.6492,,
95k_case,1,570918.568,3.2793,-4.6747,25.6492,,
95k_case,1,570925.575,3.1601,-3.4692,25.6492,,
95k_case,1,570932.575,3.4632,13.4788,25.6492,,
95k_case,1,570939.578,3.2987,-1.0405,25.7561,,
95k_case,1,570946.581,3.285,-1.0608,25.863,,
95k_case,1,570953.569,3.2791,-1.0583,25.9699,,
95k_case,1,570960.574,3.2751,-1.0608,25.9699,,
95k_case,1,570967.579,3.272,-1.0608,25.863,,
95k_case,1,570974.57,3.2695,-1.0608,25.9699,,
95k_case,1,570981.576,3.2673,-1.0608,26.0767,,
95k_case,1,570988.572,3.2655,-1.0608,26.0767,,
95k_case,1,570995.578,3.2638,-1.0583,25.9699,,
95k_case,1,571002.571,3.2621,-1.0608,25.9699,,
95k_case,1,571009.568,3.4387,7.6696,25.863,,
95k_case,1,571016.574,3.3277,0.736,25.863,,
95k_case,1,571023.574,3.3348,-0.5025,25.7561,,
95k_case,1,571030.579,3.2697,-3.1292,25.863,,
95k_case,1,571037.567,3.1739,-3.3043,25.7561,,
95k_case,1,571044.576,3.2724,0.3832,25.7561,,
95k_case,1,571051.577,3.2285,-2.4262,25.863,,
95k_case,1,571058.575,3.3581,0.4441,25.863,,
95k_case,1,571065.576,3.3225,-1.0608,25.863,,
95k_case,1,571072.577,3.3039,-1.0583,25.7561,,
95k_case,1,571079.57,3.2933,-1.0583,25.9699,,
95k_case,1,571086.569,3.2859,-1.0583,25.9699,,
95k_case,1,571093.574,3.2801,-1.0608,25.9699,,
95k_case,1,571100.582,2.8581,-26.82,25.9699,,
95k_case,1,571107.578,3.0025,-14.25,25.9699,,
95k_case,1,571114.572,3.3333,3.2612,25.9699,,
95k_case,1,571121.571,3.0567,-12.3517,25.9699,,
95k_case,1,571128.574,3.3373,2.6115,25.9699,,
95k_case,1,571135.574,3.5254,12.4155,25.9699,,
95k_case,1,571142.58,3.4146,4.4616,26.0767,,
95k_case,1,571149.582,3.6,11.9409,26.0767,,
95k_case,1,571156.574,3.6,8.2964,26.0767,,
95k_case,1,571163.574,3.3776,-2.1952,26.0767,,
95k_case,1,571170.57,3.4154,2.2105,26.1836,,
95k_case,1,571177.579,3.6,8.0147,26.0767,,
95k_case,1,571184.576,3.4262,4.7586,26.1836,,
95k_case,1,571191.567,3.5682,13.6844,26.1836,,
95k_case,1,571198.576,3.3469,-2.9769,26.1836,,
95k_case,1,571205.576,3.2032,-11.9964,26.0767,,
95k_case,1,571212.568,3.39,0.0102,26.0767,,
95k_case,1,571219.578,3.5438,8.4792,26.0767,,
95k_case,1,571226.576,3.5246,10.3394,26.0767,,
95k_case,1,571233.571,3.6,7.7787,26.2905,,
95k_case,1,571240.573,3.6,6.2661,26.1836,,
95k_case,1,571247.573,3.3586,-5.327,26.0767,,
95k_case,1,571254.57,3.6,6.0478,26.1836,,
95k_case,1,571261.576,3.6,5.2636,26.1836,,
95k_case,1,571268.569,3.258,-8.1465,26.1836,,
95k_case,1,571275.573,3.3591,2.8678,26.1836,,
95k_case,1,571282.578,3.4875,2.4009,26.1836,,
95k_case,1,571289.579,3.6,6.6087,26.3973,,
95k_case,1,571296.578,3.3151,-9.588,26.3973,,
95k_case,1,571303.569,3.3795,3.746,26.2905,,
95k_case,1,571310.576,3.6,6.6316,26.3973,,
95k_case,1,571317.576,3.5026,-0.1142,26.5042,,
95k_case,1,571324.574,3.31,-8.0932,26.5042,,
95k_case,1,571331.574,3.5441,5.9819,26.5042,,
95k_case,1,571338.577,3.6,6.492,26.6111,,
95k_case,1,571345.569,3.5868,2.9795,26.5042,,
95k_case,1,571352.581,3.6,2.9389,26.6111,,
95k_case,1,571359.58,3.5475,5.9895,26.6111,,
95k_case,1,571366.574,3.2542,-7.8242,26.5042,,
95k_case,1,571373.577,3.3829,-1.0507,26.3973,,
95k_case,1,571380.58,3.4309,2.3882,26.3973,,
95k_case,1,571387.572,3.4102,5.0048,26.5042,,
95k_case,1,571394.57,3.2206,-6.4081,26.5042,,
95k_case,1,571401.583,3.6,8.9994,26.5042,,
95k_case,1,571408.576,3.3289,0.1751,26.3973,,
95k_case,1,571415.577,2.9647,-21.356,26.3973,,
95k_case,1,571422.579,3.2083,-1.0507,26.2905,,
95k_case,1,571429.581,3.294,4.3043,26.3973,,
95k_case,1,571436.576,3.1705,-5.7254,26.5042,,
95k_case,1,571443.572,2.9388,-18.3741,26.5042,,
95k_case,1,571450.579,3.5505,19.4911,26.6111,,
95k_case,1,571457.571,3.044,-16.392,26.6111,,
95k_case,1,571464.571,3.2172,-1.0532,26.6111,,
95k_case,1,571471.571,3.5855,18.542,26.6111,,
95k_case,1,571478.569,3.3554,0.9619,26.718,,
95k_case,1,571485.569,3.3078,-1.0507,26.8248,,
95k_case,1,571492.576,3.2968,-1.0532,26.8248,,
95k_case,1,571499.575,3.2899,-1.0532,26.8248,,
95k_case,1,571506.576,3.2847,-1.0532,26.718,,
95k_case,1,571513.578,3.2808,-1.0507,26.8248,,
95k_case,1,571520.574,3.2774,-1.0532,26.718,,
95k_case,1,571527.57,3.2999,-0.9314,26.8248,,
95k_case,1,571534.578,3.2093,-6.2761,26.8248,,
95k_case,1,571541.582,3.4218,8.7862,26.9317,,
95k_case,1,571548.579,3.5831,16.0447,26.8248,,
95k_case,1,571555.57,3.6,10.0501,26.9317,,
95k_case,1,571562.572,3.032,-19.4222,27.0386,,
95k_case,1,571569.571,3.1034,-11.4609,26.9317,,
95k_case,1,571576.571,3.3044,5.6443,26.9317,,
95k_case,1,571583.569,3.3596,7.398,27.0386,,
95k_case,1,571590.572,2.7515,-29.5457,27.0386,,
95k_case,1,571597.578,3.1041,-8.616,27.0386,,
95k_case,1,571604.57,3.2118,4.7763,27.1454,,
95k_case,1,571611.579,3.2599,7.7381,27.2523,,
95k_case,1,571618.574,3.2682,4.9109,27.2523,,
95k_case,1,571625.569,3.5289,18.6587,27.3592,,
95k_case,1,571632.571,3.352,1.5887,27.5729,,
95k_case,1,571639.571,3.0015,-21.0845,27.4661,,
95k_case,1,571646.575,3.2675,-2.1394,27.4661,,
95k_case,1,571653.58,3.0956,-11.7553,27.6798,,
95k_case,1,571660.567,2.8386,-24.1223,27.6798,,
95k_case,1,571667.574,3.1565,-1.6851,27.6798,,
95k_case,1,571674.578,3.3038,6.5123,27.6798,,
95k_case,1,571681.571,3.3545,7.3549,27.7867,,
95k_case,1,571688.577,3.1594,-5.5579,27.7867,,
95k_case,1,571695.57,3.3269,6.1392,27.6798,,
95k_case,1,571702.578,3.3466,5.6215,27.7867,,
95k_case,1,571709.577,3.1283,-8.182,27.8935,,
95k_case,1,571716.572,3.1983,-1.7054,27.7867,,
95k_case,1,571723.569,3.1835,-3.3068,27.8935,,
95k_case,1,571730.573,3.1671,-3.7484,27.8935,,
95k_case,1,571737.576,3.405,10.0171,27.8935,,
95k_case,1,571744.58,3.48,12.3342,27.7867,,
95k_case,1,571751.575,3.5165,12.2429,27.7867,,
95k_case,1,571758.569,3.3837,1.1471,27.6798,,
95k_case,1,571765.569,3.4171,6.2077,27.6798,,
95k_case,1,571772.568,3.3825,1.5887,27.6798,,
95k_case,1,571779.572,3.0344,-16.7397,27.5729,,
95k_case,1,571786.579,3.1202,-7.9993,27.5729,,
95k_case,1,571793.577,3.2933,1.0735,27.4661,,
95k_case,1,571800.571,3.2874,1.0608,27.5729,,
95k_case,1,571807.58,3.3739,5.6875,27.4661,,
95k_case,1,571814.574,3.4247,5.9286,27.3592,,
95k_case,1,571821.574,3.4266,7.6467,27.3592,,
95k_case,1,571828.574,3.0475,-12.9202,27.4661,,
95k_case,1,571835.58,3.1973,0.6548,27.5729,,
95k_case,1,571842.58,2.8669,-19.2851,27.4661,,
95k_case,1,571849.573,3.3675,12.9763,27.5729,,
95k_case,1,571856.573,3.491,16.1157,27.4661,,
95k_case,1,571863.577,3.4161,10.4613,27.5729,,
95k_case,1,571870.577,3.3974,9.4004,27.5729,,
95k_case,1,571877.569,3.3135,-3.5124,27.5729,,
95k_case,1,571884.577,3.1958,-2.7815,27.6798,,
95k_case,1,571891.571,3.1821,-5.5655,27.7867,,
95k_case,1,571898.581,3.5502,19.6866,27.7867,,
95k_case,1,571905.574,3.2758,-3.7027,27.8935,,
95k_case,1,571912.569,3.158,-8.7531,28.0004,,
95k_case,1,571919.58,3.2801,-1.0557,28.0004,,
95k_case,1,571926.569,3.4416,17.3162,28.2142,,
95k_case,1,571933.585,3.1523,-9.8393,28.2142,,
95k_case,1,571940.57,3.222,-3.7966,28.321,,
95k_case,1,571947.578,3.2776,-1.0583,28.321,,
95k_case,1,571954.579,3.266,-1.0583,28.4279,,
95k_case,1,571961.576,3.2607,-1.0583,28.4279,,
95k_case,1,571968.578,3.257,-1.0583,28.4279,,
95k_case,1,571975.574,3.4697,13.5626,28.4279,,
95k_case,1,571982.58,3.4562,7.7482,28.4279,,
95k_case,1,571989.569,3.2177,-7.4004,28.4279,,
95k_case,1,571996.569,3.31,1.4644,28.321,,
95k_case,1,572003.567,3.3289,1.3933,28.2142,,
95k_case,1,572010.573,3.0588,-16.156,28.2142,,
95k_case,1,572017.575,2.9973,-17.1559,28.0004,,
95k_case,1,572024.571,3.5198,16.7756,28.0004,,
95k_case,1,572031.573,3.1413,-9.3038,27.8935,,
95k_case,1,572038.57,2.6616,-34.4437,27.8935,,
95k_case,1,572045.567,3.327,8.6086,28.0004,,
95k_case,1,572052.577,3.166,-5.7888,28.0004,,
95k_case,1,572059.571,2.8849,-21.0642,28.1073,,
95k_case,1,572066.57,2.891,-15.2373,28.2142,,
95k_case,1,572073.572,3.0481,-5.5148,28.2142,,
95k_case,1,572080.577,3.1579,0.84,28.5348,,
95k_case,1,572087.574,3.0545,-9.0398,28.6417,,
95k_case,1,572094.574,3.2501,6.1823,28.7485,,
95k_case,1,572101.576,3.0944,-8.3191,28.7485,,
95k_case,1,572108.578,3.2549,4.4667,28.8554,,
95k_case,1,572115.571,2.9701,-13.4455,28.9623,,
95k_case,1,572122.577,2.9676,-10.3214,28.9623,,
95k_case,1,572129.58,2.7719,-27.9088,28.8554,,
95k_case,1,572136.568,3.0737,-4.9031,28.8554,,
95k_case,1,572143.583,2.9143,-16.1534,28.8554,,
95k_case,1,572150.579,2.8323,-17.0112,28.9623,,
95k_case,1,572157.573,2.8053,-15.1281,28.8554,,
95k_case,1,572164.572,2.8676,-9.8139,28.9623,,
95k_case,1,572171.569,3.0135,-3.7383,29.2829,,
95k_case,1,572178.58,3.0435,-1.5912,29.2829,,
95k_case,1,572185.576,2.957,-5.1062,29.2829,,
95k_case,1,572192.578,2.987,-4.7052,29.4966,,
95k_case,1,572199.575,2.9209,-8.0958,29.6035,,
95k_case,1,572206.569,2.9823,-2.8627,29.6035,,
95k_case,1,572213.578,2.8264,-10.1438,29.4966,,
95k_case,1,572220.573,2.7755,-10.6209,29.4966,,
95k_case,1,572227.571,3.1526,10.1237,29.4966,,
95k_case,1,572234.571,3.3888,18.1004,29.6035,,
95k_case,1,572241.581,3.1579,-1.0634,29.4966,,
95k_case,1,572248.57,3.2481,8.0223,29.4966,,
95k_case,1,572255.579,3.0816,-8.347,29.3898,,
95k_case,1,572262.568,3.2562,6.2686,29.3898,,
95k_case,1,572269.573,3.4438,15.6564,29.3898,,
95k_case,1,572276.575,3.4625,13.6895,29.4966,,
95k_case,1,572283.58,3.3648,5.1317,29.3898,,
95k_case,1,572290.568,3.2761,-1.0634,29.3898,,
95k_case,1,572296.626,3.2992,2.4973,29.3898,,
95k_case,1,572303.643,3.3033,2.4973,29.2829,,
95k_case,1,572310.637,3.3048,2.4973,29.2829,,
95k_case,1,572317.63,3.3065,2.4973,29.176,,
95k_case,1,572324.638,3.3085,2.4973,29.176,,
95k_case,1,572331.639,3.3105,2.4973,29.0691,,
95k_case,1,572338.639,3.3127,2.4973,28.9623,,
95k_case,1,572345.63,3.3151,2.4973,28.8554,,
95k_case,1,572352.632,3.3174,2.4973,28.8554,,
95k_case,1,572359.637,3.3198,2.4973,28.7485,,
95k_case,1,572366.64,3.3222,2.4998,28.6417,,
95k_case,1,572373.632,3.3245,2.4998,28.6417,,
95k_case,1,572380.635,3.3269,2.4973,28.5348,,
95k_case,1,572387.647,3.3292,2.4973,28.4279,,
95k_case,1,572394.63,3.3314,2.4973,28.321,,
95k_case,1,572401.636,3.3338,2.4973,28.321,,
95k_case,1,572408.631,3.3362,2.4973,28.2142,,
95k_case,1,572415.632,3.3383,2.4973,28.1073,,
95k_case,1,572422.637,3.3405,2.4973,28.0004,,
95k_case,1,572429.628,3.3427,2.4973,28.0004,,
95k_case,1,572436.631,3.3449,2.4998,27.8935,,
95k_case,1,572443.637,3.3471,2.4998,27.6798,,
95k_case,1,572450.631,3.3491,2.4973,27.6798,,
95k_case,1,572457.639,3.3513,2.4998,27.6798,,
95k_case,1,572464.64,3.3535,2.4998,27.5729,,
95k_case,1,572471.648,3.3556,2.4973,27.5729,,
95k_case,1,572478.637,3.3576,2.4973,27.3592,,
95k_case,1,572485.638,3.3596,2.4973,27.3592,,
95k_case,1,572492.631,3.3618,2.4973,27.2523,,
95k_case,1,572499.637,3.3638,2.4973,27.2523,,
95k_case,1,572506.63,3.3658,2.4998,27.1454,,
95k_case,1,572513.642,3.3679,2.4973,27.1454,,
95k_case,1,572520.636,3.3699,2.4973,27.0386,,
95k_case,1,572526.429,3.3345,-2.5049,27.0386,,
95k_case,1,367724.926,3.2653,0.0,23.9393,,
95k_case,1,367731.925,3.2656,0.0,23.8324,,
95k_case,1,367738.928,3.266,0.0,23.7255,,
95k_case,1,367745.933,3.2663,0.0,23.9393,,
95k_case,1,367752.927,3.2665,0.0,23.9393,,
95k_case,1,367759.933,3.2668,0.0,23.9393,,
95k_case,1,367766.927,3.2672,0.0,23.9393,,
95k_case,1,367773.93,3.2675,0.0,23.8324,,
95k_case,1,367781.098,3.2508,-1.0634,23.9393,,
95k_case,1,367788.1,3.2451,-1.0634,24.0462,,
95k_case,1,367795.093,3.366,5.6468,23.9393,,
95k_case,1,367802.093,3.4615,11.6439,23.9393,,
95k_case,1,367809.099,3.257,-3.9286,23.9393,,
95k_case,1,367816.091,3.2879,2.9922,23.9393,,
95k_case,1,367823.091,3.5355,14.7986,24.0462,,
95k_case,1,367830.097,3.2876,-2.4896,24.0462,,
95k_case,1,367837.095,3.5374,14.9026,24.153,,
95k_case,1,367844.101,3.5316,11.8926,24.2599,,
95k_case,1,367851.089,3.3189,-3.3449,24.2599,,
95k_case,1,367858.091,3.2186,-10.8062,24.3668,,
95k_case,1,367865.097,3.3127,-1.0634,24.4736,,
95k_case,1,367872.108,3.5399,12.6515,24.4736,,
95k_case,1,367879.092,3.3377,-1.0608,24.4736,,
95k_case,1,367886.1,3.3156,-1.0608,24.4736,,
95k_case,1,367893.097,3.3039,-1.0634,24.4736,,
95k_case,1,367900.094,3.2963,-1.0634,24.5805,,
95k_case,1,367907.089,3.2908,-1.0634,24.6874,,
95k_case,1,367914.098,3.2866,-1.0608,24.6874,,
95k_case,1,367921.094,3.3793,5.5174,24.5805,,
95k_case,1,367928.102,3.4164,5.3093,24.5805,,
95k_case,1,367935.093,3.4716,6.2559,24.6874,,
95k_case,1,367942.098,3.4787,7.398,24.5805,,
95k_case,1,367949.091,3.4601,6.558,24.6874,,
95k_case,1,367956.099,3.5649,12.6033,24.6874,,
95k_case,1,367963.093,3.4137,6.7407,24.5805,,
95k_case,1,367970.097,3.3645,0.2208,24.6874,,
95k_case,1,367977.109,3.3073,-2.1572,24.7943,,
95k_case,1,367984.1,3.5149,9.9385,24.9011,,
95k_case,1,367991.096,3.368,0.6193,25.008,,
95k_case,1,367998.093,3.2611,-5.6797,24.9011,,
95k_case,1,368005.093,3.4021,3.8982,25.008,,
95k_case,1,368012.099,3.3356,-1.0583,25.008,,
95k_case,1,368019.1,3.5919,16.3543,25.008,,
95k_case,1,368026.093,3.6,11.5932,25.008,,
95k_case,1,368033.093,3.3846,-1.0608,25.1149,,
95k_case,1,368040.094,3.5155,7.0605,25.1149,,
95k_case,1,368047.098,3.352,-0.5989,25.1149,,
95k_case,1,368054.099,3.5261,15.1006,25.1149,,
95k_case,1,368061.1,3.3309,-7.0806,25.1149,,
95k_case,1,368068.096,3.1934,-9.8849,25.1149,,
95k_case,1,368075.101,3.2508,-5.0656,25.1149,,
95k_case,1,368082.097,3.2705,-1.0608,25.2218,,
95k_case,1,368089.091,3.5095,15.2325,25.2218,,
95k_case,1,368096.094,3.4099,4.9997,25.2218,,
95k_case,1,368103.102,3.3409,-1.0608,25.2218,,
95k_case,1,368110.096,3.4252,3.7485,25.2218,,
95k_case,1,368117.093,3.3152,-2.3627,25.2218,,
95k_case,1,368124.096,3.2103,-5.0427,25.2218,,
95k_case,1,368131.095,3.2771,-3.6418,25.3286,,
95k_case,1,368138.098,3.2793,-1.0608,25.3286,,
95k_case,1,368145.098,3.2714,-2.9668,25.3286,,
95k_case,1,368152.094,3.3569,5.4717,25.3286,,
95k_case,1,368159.1,3.3223,-0.3528,25.3286,,
95k_case,1,368166.102,3.3038,-1.0583,25.3286,,
95k_case,1,368173.097,3.2776,-2.4998,25.3286,,
95k_case,1,368180.101,3.1909,-8.3242,25.3286,,
95k_case,1,368187.092,3.3653,3.614,25.3286,,
95k_case,1,368194.093,3.4954,12.786,25.3286,,
95k_case,1,368201.095,3.3621,0.4061,25.2218,,
95k_case,1,368208.097,2.8499,-33.3931,25.2218,,
95k_case,1,368215.1,3.2798,1.6826,25.3286,,
95k_case,1,368222.1,3.339,1.3882,25.3286,,
95k_case,1,368229.097,3.2938,-1.0608,25.3286,,
95k_case,1,368236.092,3.2879,-1.0608,25.4355,,
95k_case,1,368243.092,3.2844,-1.0608,25.4355,,
95k_case,1,368250.102,3.2817,-1.0608,25.4355,,
95k_case,1,368257.099,3.2796,-1.0608,25.4355,,
95k_case,1,368264.101,3.278,-1.0583,25.3286,,
95k_case,1,368271.097,3.2764,-1.0608,25.4355,,
95k_case,1,368278.091,3.2753,-1.0608,25.4355,,
95k_case,1,368285.096,3.2741,-1.0608,25.4355,,
95k_case,1,368292.106,3.4849,15.9432,25.3286,,
95k_case,1,368299.094,3.3046,-1.0583,25.3286,,
95k_case,1,368306.092,3.4046,5.1418,25.2218,,
95k_case,1,368313.098,3.3078,-1.109,25.2218,,
95k_case,1,368320.095,2.9701,-23.229,25.2218,,
95k_case,1,368327.094,3.2999,2.3095,25.2218,,
95k_case,1,368334.094,3.2653,-1.0608,25.2218,,
95k_case,1,368341.093,3.4989,13.9357,25.2218,,
95k_case,1,368348.092,3.3296,-1.0583,25.3286,,
95k_case,1,368355.097,3.3081,-1.0583,25.3286,,
95k_case,1,368362.102,3.298,-1.0608,25.3286,,
95k_case,1,368369.093,3.2916,-1.0608,25.3286,,
95k_case,1,368376.099,3.2871,-1.0608,25.3286,,
95k_case,1,368383.093,3.2157,-6.3345,25.3286,,
95k_case,1,368390.099,3.1872,-4.3905,25.3286,,
95k_case,1,368397.103,3.466,14.8315,25.4355,,
95k_case,1,368404.103,3.1466,-11.0295,25.3286,,
95k_case,1,368411.099,3.3422,3.3018,25.3286,,
95k_case,1,368418.093,3.4502,11.0323,25.4355,,
95k_case,1,368425.1,3.3984,5.2433,25.4355,,
95k_case,1,368432.092,3.5369,14.0803,25.3286,,
95k_case,1,368439.093,3.6,12.1033,25.3286,,
95k_case,1,368446.108,3.3446,-5.5884,25.4355,,
95k_case,1,368453.094,3.3945,1.5507,25.4355,,
95k_case,1,368460.09,3.6,12.3875,25.5424,,
95k_case,1,368467.098,3.1224,-19.6912,25.5424,,
95k_case,1,368474.1,3.2398,-10.5549,25.5424,,
95k_case,1,368481.095,3.392,-1.0557,25.6492,,
95k_case,1,368488.091,3.4304,2.4567,25.6492,,
95k_case,1,368495.092,3.5055,12.1997,25.6492,,
95k_case,1,368502.097,3.4195,4.4616,25.6492,,
95k_case,1,368509.095,3.3188,-2.0887,25.6492,,
95k_case,1,368516.097,3.52,7.3066,25.6492,,
95k_case,1,368523.096,3.5844,10.545,25.6492,,
95k_case,1,368530.093,3.5844,8.8878,25.7561,,
95k_case,1,368537.107,3.6,10.6262,25.7561,,
95k_case,1,368544.092,3.4895,0.0076,25.7561,,
95k_case,1,368551.099,3.3183,-8.7429,25.6492,,
95k_case,1,368558.097,3.2663,-5.2838,25.863,,
95k_case,1,368565.095,3.5468,10.1745,25.863,,
95k_case,1,368572.102,3.5359,7.1011,25.863,,
95k_case,1,368579.111,3.6,6.3803,25.863,,
95k_case,1,368586.099,3.1184,-19.7953,25.863,,
95k_case,1,368593.098,3.6,10.111,25.863,,
95k_case,1,368600.095,3.5903,5.0784,25.863,,
95k_case,1,368607.101,3.461,-0.2284,25.863,,
95k_case,1,368614.094,3.4827,5.4565,25.9699,,
95k_case,1,368621.099,3.4724,1.7562,25.863,,
95k_case,1,368628.091,3.6,5.3296,25.863,,
95k_case,1,368635.102,3.5973,3.6749,25.863,,
95k_case,1,368642.102,3.3883,-9.1413,25.9699,,
95k_case,1,368649.097,3.1769,-21.5108,25.863,,
95k_case,1,368656.101,3.4514,5.6062,25.863,,
95k_case,1,368663.09,3.4422,5.8829,25.863,,
95k_case,1,368670.096,3.3235,-1.0532,25.7561,,
95k_case,1,368677.093,3.2505,-8.3495,25.7561,,
95k_case,1,368684.098,3.6,14.6184,25.7561,,
95k_case,1,368691.102,3.2845,-6.304,25.7561,,
95k_case,1,368698.101,3.2076,-8.7632,25.863,,
95k_case,1,368705.095,3.2788,4.8093,25.7561,,
95k_case,1,368712.09,3.1843,-6.1112,25.7561,,
95k_case,1,368719.096,3.2618,-1.0507,25.863,,
95k_case,1,368726.095,3.0752,-15.9276,25.863,,
95k_case,1,368733.1,3.4645,16.7883,25.9699,,
95k_case,1,368740.098,3.2073,-8.3495,25.9699,,
95k_case,1,368747.095,3.17,-7.5628,26.0767,,
95k_case,1,368754.102,3.5224,18.1156,26.1836,,
95k_case,1,368761.1,3.3679,1.3552,26.1836,,
95k_case,1,368768.103,3.3191,-1.0532,26.2905,,
95k_case,1,368775.091,3.3076,-1.0532,26.2905,,
95k_case,1,368782.093,3.3009,-1.0507,26.3973,,
95k_case,1,368789.094,3.2963,-1.0532,26.3973,,
95k_case,1,368796.097,3.293,-1.0532,26.2905,,
95k_case,1,368803.099,3.2903,-1.0507,26.2905,,
95k_case,1,368810.104,3.3205,-1.071,26.2905,,
95k_case,1,368817.097,3.3087,0.0508,26.2905,,
95k_case,1,368824.099,3.3412,4.954,26.2905,,
95k_case,1,368831.096,3.4689,12.9966,26.1836,,
95k_case,1,368838.094,3.6,13.1311,26.0767,,
95k_case,1,368845.099,3.1528,-19.1075,26.1836,,
95k_case,1,368852.107,3.2665,-1.8298,26.0767,,
95k_case,1,368859.098,3.0732,-16.0722,26.0767,,
95k_case,1,368866.101,3.2194,-6.0477,26.0767,,
95k_case,1,368873.091,2.8817,-33.0251,26.1836,,
95k_case,1,368880.095,3.3478,10.1263,26.1836,,
95k_case,1,368887.092,2.9986,-15.8286,26.2905,,
95k_case,1,368894.093,3.0438,-13.9658,26.5042,,
95k_case,1,368901.095,3.2231,-1.0557,26.6111,,
95k_case,1,368908.099,3.5048,19.6561,26.5042,,
95k_case,1,368915.099,3.461,11.1414,26.8248,,
95k_case,1,368922.1,3.1877,-12.0091,26.8248,,
95k_case,1,368929.097,3.3756,6.4767,26.8248,,
95k_case,1,368936.09,3.1798,-9.6591,26.9317,,
95k_case,1,368943.094,2.9949,-20.615,26.9317,,
95k_case,1,368950.093,3.1261,-8.1617,26.9317,,
95k_case,1,368957.097,3.2785,3.416,26.9317,,
95k_case,1,368964.092,3.3829,9.9232,27.0386,,
95k_case,1,368971.102,3.2042,-5.5579,27.0386,,
95k_case,1,368978.101,3.3019,4.855,27.0386,,
95k_case,1,368985.094,3.3375,4.9159,27.0386,,
95k_case,1,368992.098,3.1889,-7.342,27.0386,,
95k_case,1,368999.11,3.1891,-5.3549,27.0386,,
95k_case,1,369006.097,3.2177,-3.4769,26.9317,,
95k_case,1,369013.098,3.1884,-5.4995,26.9317,,
95k_case,1,369020.094,3.4043,11.7962,26.9317,,
95k_case,1,369027.092,3.447,11.8825,26.9317,,
95k_case,1,369034.095,3.4753,11.8876,26.8248,,
95k_case,1,369041.092,3.4574,8.4436,26.718,,
95k_case,1,369048.093,3.3201,-0.7284,26.8248,,
95k_case,1,369055.09,3.4284,6.8321,26.8248,,
95k_case,1,369062.099,3.0953,-17.5163,26.9317,,
95k_case,1,369069.098,3.1643,-7.7608,26.9317,,
95k_case,1,369076.098,3.3655,7.4285,26.9317,,
95k_case,1,369083.099,3.2707,-1.3704,26.9317,,
95k_case,1,369090.096,3.3397,3.6673,26.9317,,
95k_case,1,369097.11,3.4706,12.4256,26.8248,,
95k_case,1,369104.09,3.2277,-9.3545,26.8248,,
95k_case,1,369111.095,3.0607,-18.0391,26.718,,
95k_case,1,369118.096,3.0437,-16.6026,26.8248,,
95k_case,1,369125.1,2.9006,-26.9647,26.9317,,
95k_case,1,369132.09,3.278,6.1595,26.8248,,
95k_case,1,369139.096,3.4719,17.3821,26.8248,,
95k_case,1,369146.093,3.4264,11.9206,26.8248,,
95k_case,1,369153.11,3.2253,-6.0731,26.8248,,
95k_case,1,369160.101,3.5396,17.9659,26.8248,,
95k_case,1,369167.097,3.047,-19.5872,27.0386,,
95k_case,1,369174.094,3.3201,6.3752,27.0386,,
95k_case,1,369181.101,3.4247,12.6261,27.1454,,
95k_case,1,369188.097,3.3081,-3.4819,27.1454,,
95k_case,1,369195.1,3.0622,-21.8864,27.0386,,
95k_case,1,369202.092,3.4883,19.8617,27.0386,,
95k_case,1,369209.092,3.1567,-6.0223,27.1454,,
95k_case,1,369216.1,3.2972,-1.0583,27.1454,,
95k_case,1,369223.09,3.2942,0.5558,27.3592,,
95k_case,1,369230.095,3.338,3.0963,27.3592,,
95k_case,1,369237.097,3.281,-1.0557,27.2523,,
95k_case,1,369244.097,3.2758,-1.0557,27.2523,,
95k_case,1,369251.098,3.2724,-1.0557,27.3592,,
95k_case,1,369258.098,3.27,-1.0583,27.2523,,
95k_case,1,369265.1,3.476,12.0805,27.3592,,
95k_case,1,369272.101,3.2791,-4.7128,27.1454,,
95k_case,1,369279.102,3.2798,-0.8299,27.0386,,
95k_case,1,369286.098,3.3508,3.7536,27.0386,,
95k_case,1,369293.099,3.1184,-16.9605,27.0386,,
95k_case,1,369300.096,2.999,-26.2922,27.0386,,
95k_case,1,369307.095,3.476,18.0648,27.0386,,
95k_case,1,369314.091,3.055,-21.9575,26.9317,,
95k_case,1,369321.095,2.8263,-35.7812,26.9317,,
95k_case,1,369328.093,3.3534,12.385,27.0386,,
95k_case,1,369335.095,3.3009,3.581,27.1454,,
95k_case,1,369342.099,3.0064,-19.8612,27.1454,,
95k_case,1,369349.095,2.8936,-24.3913,27.1454,,
95k_case,1,369356.093,3.1169,-3.9997,27.3592,,
95k_case,1,369363.094,3.1192,-6.837,27.4661,,
95k_case,1,369370.1,3.1982,-2.3805,27.5729,,
95k_case,1,369377.098,3.1619,-3.6875,27.4661,,
95k_case,1,369384.097,3.2474,-0.0279,27.4661,,
95k_case,1,369391.101,3.1948,-3.6444,27.4661,,
95k_case,1,369398.09,3.0319,-16.6255,27.4661,,
95k_case,1,369405.099,2.8003,-35.9665,27.4661,,
95k_case,1,369412.098,3.2061,-1.0608,27.4661,,
95k_case,1,369419.108,3.1638,-1.642,27.4661,,
95k_case,1,369426.101,3.1415,-4.926,27.5729,,
95k_case,1,369433.092,2.9978,-14.113,27.3592,,
95k_case,1,369440.097,2.96,-14.278,27.4661,,
95k_case,1,369447.09,2.9732,-12.5852,27.5729,,
95k_case,1,369454.105,3.1346,-0.6497,27.5729,,
95k_case,1,369461.09,3.0659,-7.4613,27.6798,,
95k_case,1,369468.099,3.002,-11.3417,27.6798,,
95k_case,1,369475.099,3.097,-4.4869,27.7867,,
95k_case,1,369482.093,3.0325,-9.791,27.7867,,
95k_case,1,369489.093,2.9856,-12.136,27.6798,,
95k_case,1,369496.101,2.9357,-15.991,27.7867,,
95k_case,1,369503.101,2.9826,-8.9662,27.7867,,
95k_case,1,369510.09,3.2323,10.6009,27.6798,,
95k_case,1,369517.096,3.4154,18.9886,27.6798,,
95k_case,1,369524.093,3.2287,-1.0659,27.7867,,
95k_case,1,369531.092,3.1,-9.5499,27.8935,,
95k_case,1,369538.099,3.3893,13.5702,27.7867,,
95k_case,1,369545.089,3.2095,-1.0659,27.6798,,
95k_case,1,369552.091,3.4568,17.3923,27.7867,,
95k_case,1,369559.1,3.4345,12.0322,27.7867,,
95k_case,1,369566.095,3.3856,6.1874,27.6798,,
95k_case,1,369573.099,3.309,-0.2919,27.7867,,
95k_case,1,369580.1,3.2761,-1.0634,27.6798,,
95k_case,1,369586.159,3.3146,2.4973,27.6798,,
95k_case,1,369593.153,3.3159,2.4973,27.6798,,
95k_case,1,369600.154,3.3173,2.4973,27.6798,,
95k_case,1,369607.158,3.3188,2.4973,27.6798,,
95k_case,1,369614.159,3.3205,2.4973,27.5729,,
95k_case,1,369621.159,3.3223,2.4973,27.6798,,
95k_case,1,369628.16,3.324,2.4973,27.4661,,
95k_case,1,369635.166,3.3259,2.4973,27.4661,,
95k_case,1,369642.161,3.3277,2.4973,27.4661,,
95k_case,1,369649.153,3.3294,2.4973,27.4661,,
95k_case,1,369656.159,3.3313,2.4973,27.3592,,
95k_case,1,369663.158,3.3329,2.4973,27.3592,,
95k_case,1,369670.159,3.3346,2.4973,27.3592,,
95k_case,1,369677.153,3.3363,2.4998,27.3592,,
95k_case,1,369684.155,3.3378,2.4973,27.2523,,
95k_case,1,369691.159,3.3395,2.4973,27.0386,,
95k_case,1,369698.159,3.341,2.4973,27.1454,,
95k_case,1,369705.164,3.3426,2.4973,27.1454,,
95k_case,1,406886.692,3.2908,0.0,26.9317,,
95k_case,1,406956.695,3.2756,0.0,26.3973,,
95k_case,1,407026.689,3.2736,0.0,26.0767,,
95k_case,1,407096.701,3.2732,0.0,25.7561,,
95k_case,1,407166.697,3.2734,0.0,25.3286,,
95k_case,1,407236.693,3.2736,0.0,25.008,,
95k_case,1,407306.692,3.2739,0.0,24.7943,,
95k_case,1,407376.695,3.2743,0.0,24.7943,,
95k_case,1,407446.695,3.2746,0.0,24.5805,,
95k_case,1,416027.907,3.2489,-1.0634,23.9393,,
95k_case,1,416034.907,3.2437,-1.0634,23.9393,,
95k_case,1,416041.908,3.3383,3.4998,23.9393,,
95k_case,1,416048.902,3.4652,11.3165,24.0462,,
95k_case,1,416055.905,3.2687,-2.5328,23.9393,,
95k_case,1,416062.906,3.46,14.7605,23.9393,,
95k_case,1,416069.897,3.4395,7.0757,23.9393,,
95k_case,1,416076.906,3.3222,0.4797,24.153,,
95k_case,1,416083.897,3.5409,14.4788,24.0462,,
95k_case,1,416090.901,3.5483,12.8545,24.153,,
95k_case,1,416097.914,3.3685,1.0659,24.2599,,
95k_case,1,416104.901,3.2813,-4.5732,24.3668,,
95k_case,1,416111.904,3.3105,-1.0634,24.3668,,
95k_case,1,416118.898,3.4483,5.454,24.4736,,
95k_case,1,416125.906,3.3333,-1.0608,24.3668,,
95k_case,1,416132.897,3.3135,-1.0634,24.4736,,
95k_case,1,416139.915,3.3026,-1.0634,24.4736,,
95k_case,1,416146.895,3.2953,-1.0634,24.4736,,
95k_case,1,416153.907,3.2899,-1.0634,24.5805,,
95k_case,1,416160.906,3.2859,-1.0608,24.5805,,
95k_case,1,416167.904,3.3913,5.9793,24.5805,,
95k_case,1,416174.897,3.4166,5.1976,24.5805,,
95k_case,1,416181.897,3.3687,-1.0634,24.5805,,
95k_case,1,416188.9,3.4728,6.6823,24.5805,,
95k_case,1,416195.902,3.2948,-6.0376,24.6874,,
95k_case,1,416202.904,3.2169,-13.7729,24.5805,,
95k_case,1,416209.9,3.479,10.8267,24.5805,,
95k_case,1,416216.896,3.3598,0.1472,24.6874,,
95k_case,1,416223.898,3.2958,-2.8043,24.6874,,
95k_case,1,416230.91,3.4972,8.0832,24.6874,,
95k_case,1,416237.901,3.337,-1.6242,24.7943,,
95k_case,1,416244.905,3.3092,-1.4567,24.9011,,
95k_case,1,416251.899,3.3947,3.1749,24.9011,,
95k_case,1,416258.906,3.4709,9.1999,24.7943,,
95k_case,1,416265.897,3.6,14.9254,24.9011,,
95k_case,1,416272.906,3.6,11.2125,24.9011,,
95k_case,1,416279.904,3.3582,-2.482,24.9011,,
95k_case,1,416286.898,3.4994,5.789,25.008,,
95k_case,1,416293.904,3.3277,-2.4389,25.008,,
95k_case,1,416300.905,3.5898,17.674,25.008,,
95k_case,1,416307.905,3.0664,-25.744,25.1149,,
95k_case,1,416314.903,3.1417,-13.5217,25.1149,,
95k_case,1,416321.903,3.229,-6.3776,25.1149,,
95k_case,1,416328.907,3.3252,3.1419,25.1149,,
95k_case,1,416335.901,3.322,-1.0608,25.1149,,
95k_case,1,416342.907,3.4493,7.6823,25.2218,,
95k_case,1,416349.896,3.3367,-1.0608,25.3286,,
95k_case,1,416356.902,3.3596,-1.0583,25.2218,,
95k_case,1,416363.902,3.2845,-4.3803,25.1149,,
95k_case,1,416370.899,3.1847,-7.2177,25.2218,,
95k_case,1,416377.912,3.268,-3.6114,25.2218,,
95k_case,1,416384.897,3.3726,6.3372,25.2218,,
95k_case,1,416391.904,3.2518,-4.2331,25.1149,,
95k_case,1,416398.904,3.4309,10.545,25.2218,,
95k_case,1,416405.907,3.3189,-0.4238,25.2218,,
95k_case,1,416412.901,3.3021,-1.0583,25.2218,,
95k_case,1,416419.914,3.2339,-5.7406,25.2218,,
95k_case,1,416426.898,3.2753,-1.0583,25.1149,,
95k_case,1,416433.897,3.3444,1.7258,25.1149,,
95k_case,1,416440.902,3.4807,10.2912,25.2218,,
95k_case,1,416447.899,3.3206,-2.5226,25.2218,,
95k_case,1,416454.901,3.0702,-13.3237,25.2218,,
95k_case,1,416461.901,3.3797,9.6415,25.2218,,
95k_case,1,416468.905,3.3107,-0.7004,25.3286,,
95k_case,1,416475.896,3.2925,-1.0583,25.4355,,
95k_case,1,416482.9,3.2871,-1.0608,25.4355,,
95k_case,1,416489.907,3.2837,-1.0608,25.4355,,
95k_case,1,416496.907,3.2812,-1.0608,25.4355,,
95k_case,1,416503.898,3.2791,-1.0608,25.4355,,
95k_case,1,416510.899,3.2774,-1.0583,25.4355,,
95k_case,1,416517.898,3.2761,-1.0608,25.4355,,
95k_case,1,416524.897,3.2747,-1.0608,25.3286,,
95k_case,1,416531.902,3.2736,-1.0608,25.2218,,
95k_case,1,416538.901,3.4837,14.0016,25.2218,,
95k_case,1,416545.916,3.3267,0.8248,25.3286,,
95k_case,1,416552.897,3.3557,1.1573,25.1149,,
95k_case,1,416559.907,3.2987,-1.6572,25.2218,,
95k_case,1,416566.901,3.1415,-7.9968,25.2218,,
95k_case,1,416573.897,3.2996,2.0735,25.3286,,
95k_case,1,416580.899,3.2505,-2.2409,25.3286,,
95k_case,1,416587.904,3.5235,14.8798,25.3286,,
95k_case,1,416594.897,3.3247,-1.0608,25.4355,,
95k_case,1,416601.898,3.3063,-1.0608,25.3286,,
95k_case,1,416608.905,3.297,-1.0608,25.4355,,
95k_case,1,416615.9,3.2909,-1.0608,25.3286,,
95k_case,1,416622.899,3.2864,-1.0608,25.3286,,
95k_case,1,416629.904,3.1027,-15.0241,25.3286,,
95k_case,1,416636.899,3.1665,-6.3243,25.3286,,
95k_case,1,416643.914,3.2847,-1.0583,25.2218,,
95k_case,1,416650.902,3.0998,-14.0775,25.2218,,
95k_case,1,416657.9,3.3421,3.2257,25.2218,,
95k_case,1,416664.905,3.478,12.3698,25.3286,,
95k_case,1,416671.907,3.3954,4.619,25.4355,,
95k_case,1,416678.901,3.6,17.3441,25.4355,,
95k_case,1,416685.917,3.6,11.6033,25.4355,,
95k_case,1,416692.9,3.4482,3.5785,25.5424,,
95k_case,1,416699.906,3.3785,0.3071,25.6492,,
95k_case,1,416706.908,3.6,11.4764,25.5424,,
95k_case,1,416713.896,3.4107,5.8651,25.5424,,
95k_case,1,416720.903,3.3038,-4.0225,25.5424,,
95k_case,1,416727.904,3.3571,-2.9591,25.5424,,
95k_case,1,416734.912,3.3596,-2.6647,25.5424,,
95k_case,1,416741.908,3.4711,7.7584,25.7561,,
95k_case,1,416748.904,3.5198,11.4764,25.7561,,
95k_case,1,416755.897,3.395,4.1216,25.7561,,
95k_case,1,416762.908,3.5276,7.5173,25.863,,
95k_case,1,416769.906,3.6,10.276,25.863,,
95k_case,1,416776.91,3.3726,-6.4918,25.863,,
95k_case,1,416783.899,3.6,9.2989,25.863,,
95k_case,1,416790.898,3.6,8.4106,25.863,,
95k_case,1,416797.896,3.2527,-12.037,25.9699,,
95k_case,1,416804.912,3.2414,-7.1441,25.863,,
95k_case,1,416811.901,3.5451,8.7634,25.863,,
95k_case,1,416818.906,3.5187,4.954,25.863,,
95k_case,1,416825.905,3.4859,-1.0532,25.863,,
95k_case,1,416832.906,3.2569,-6.1137,25.863,,
95k_case,1,416839.897,3.6,8.7329,25.863,,
95k_case,1,416846.904,3.5435,2.1623,25.9699,,
95k_case,1,416853.903,3.4296,-1.7993,25.863,,
95k_case,1,416860.898,3.4962,5.2865,25.863,,
95k_case,1,416867.899,3.5325,5.6748,25.9699,,
95k_case,1,416874.908,3.5799,3.6825,25.863,,
95k_case,1,416881.908,3.6,3.7155,25.863,,
95k_case,1,416888.9,3.3334,-9.6997,25.863,,
95k_case,1,416895.906,3.2569,-11.0701,25.863,,
95k_case,1,416902.907,3.4669,5.4743,25.863,,
95k_case,1,416909.901,3.4549,5.3093,25.863,,
95k_case,1,416916.908,3.3267,-1.0507,25.863,,
95k_case,1,416923.898,3.2221,-9.6083,25.863,,
95k_case,1,416930.907,3.6,11.5703,25.863,,
95k_case,1,416937.903,3.2204,-10.7478,25.863,,
95k_case,1,416944.9,3.1439,-13.6486,25.9699,,
95k_case,1,416951.901,3.292,4.6824,25.9699,,
95k_case,1,416958.897,3.2414,-1.0532,25.9699,,
95k_case,1,416965.898,3.2623,-1.0507,25.9699,,
95k_case,1,416972.906,3.0086,-20.9576,25.9699,,
95k_case,1,416979.901,3.4988,18.6206,25.9699,,
95k_case,1,416986.899,3.1951,-8.7937,25.9699,,
95k_case,1,416993.905,3.1916,-5.5376,25.9699,,
95k_case,1,417000.903,3.5315,17.7679,25.9699,,
95k_case,1,417007.9,3.3591,0.9213,26.0767,,
95k_case,1,417014.897,3.3167,-1.0507,26.1836,,
95k_case,1,417021.898,3.3063,-1.0532,26.1836,,
95k_case,1,417028.904,3.2999,-1.0532,26.2905,,
95k_case,1,417035.897,3.2955,-1.0507,26.2905,,
95k_case,1,417042.903,3.2923,-1.0532,26.2905,,
95k_case,1,417049.896,3.2896,-1.0532,26.2905,,
95k_case,1,417056.907,3.2651,-5.2711,26.2905,,
95k_case,1,417063.9,3.297,-1.0202,26.1836,,
95k_case,1,417070.9,3.3957,8.8167,26.1836,,
95k_case,1,417077.903,3.5352,16.9202,26.1836,,
95k_case,1,417084.903,3.6,12.0424,26.2905,,
95k_case,1,417091.899,3.0376,-26.749,26.2905,,
95k_case,1,417098.907,3.1572,-11.5142,26.1836,,
95k_case,1,417105.902,3.1538,-8.1693,26.3973,,
95k_case,1,417112.905,3.1687,-9.8469,26.3973,,
95k_case,1,417119.905,2.8158,-37.1643,26.3973,,
95k_case,1,417126.903,3.2942,4.3424,26.5042,,
95k_case,1,417133.904,3.1121,-6.1365,26.5042,,
95k_case,1,417140.906,3.0546,-12.6893,26.5042,,
95k_case,1,417147.902,3.2243,-1.0557,26.6111,,
95k_case,1,417154.914,3.4896,17.2679,26.718,,
95k_case,1,417161.898,3.4099,6.3524,26.8248,,
95k_case,1,417168.904,3.0857,-20.3104,26.8248,,
95k_case,1,417175.897,3.3076,0.0076,26.9317,,
95k_case,1,417182.902,3.1304,-13.4354,26.8248,,
95k_case,1,417189.904,2.9661,-22.5082,26.8248,,
95k_case,1,417196.905,3.1285,-7.7887,27.0386,,
95k_case,1,417203.913,3.2516,0.5939,27.0386,,
95k_case,1,417210.903,3.3024,1.9593,27.1454,,
95k_case,1,417217.898,3.2004,-5.5579,27.2523,,
95k_case,1,417224.906,3.3722,10.4689,27.2523,,
95k_case,1,417231.898,3.3488,5.6824,27.2523,,
95k_case,1,417238.908,3.1843,-7.2811,27.3592,,
95k_case,1,417245.901,3.1977,-4.4235,27.3592,,
95k_case,1,417252.9,3.2162,-3.421,27.3592,,
95k_case,1,417259.905,3.1862,-5.4412,27.3592,,
95k_case,1,417266.897,3.3994,10.5171,27.2523,,
95k_case,1,417273.897,3.4546,12.1109,27.0386,,
95k_case,1,417280.9,3.4809,12.0652,27.0386,,
95k_case,1,417287.904,3.4129,4.5302,27.0386,,
95k_case,1,417294.897,3.3647,3.4059,27.0386,,
95k_case,1,417301.897,3.4008,4.2561,26.9317,,
95k_case,1,417308.908,3.0841,-17.5696,26.9317,,
95k_case,1,417315.901,3.1589,-8.1034,26.8248,,
95k_case,1,417322.907,3.3286,3.6673,26.8248,,
95k_case,1,417329.901,3.2751,-0.8578,26.8248,,
95k_case,1,417336.909,3.3569,5.0022,26.9317,,
95k_case,1,417343.902,3.4589,10.7252,26.9317,,
95k_case,1,417350.904,3.3303,0.8933,26.9317,,
95k_case,1,417357.9,3.0607,-17.1813,26.8248,,
95k_case,1,417364.901,3.0275,-17.4554,26.8248,,
95k_case,1,417371.909,2.9264,-23.6173,26.9317,,
95k_case,1,417378.898,3.2857,6.0275,26.9317,,
95k_case,1,417385.9,3.4741,16.735,26.8248,,
95k_case,1,417392.897,3.2327,-6.4614,26.9317,,
95k_case,1,417399.906,3.2753,-1.0583,26.9317,,
95k_case,1,417406.9,3.5441,17.5852,26.9317,,
95k_case,1,417413.901,3.1909,-5.332,26.9317,,
95k_case,1,417420.901,3.3844,11.3952,27.0386,,
95k_case,1,417427.912,3.4293,12.1363,27.0386,,
95k_case,1,417434.907,3.2731,-5.6645,27.0386,,
95k_case,1,417441.897,3.2604,-1.812,27.1454,,
95k_case,1,417448.898,3.4223,11.8749,27.0386,,
95k_case,1,417455.901,3.2989,6.695,27.0386,,
95k_case,1,417462.897,3.211,-8.3698,27.2523,,
95k_case,1,417469.901,3.2579,-2.7028,27.4661,,
95k_case,1,417476.911,3.298,-0.5025,27.5729,,
95k_case,1,417483.896,3.2796,-1.0583,27.5729,,
95k_case,1,417490.902,3.2747,-1.0583,27.4661,,
95k_case,1,417497.898,3.2717,-1.0583,27.5729,,
95k_case,1,417504.897,3.4461,14.7199,27.5729,,
95k_case,1,417511.904,3.4627,10.4004,27.3592,,
95k_case,1,417518.914,3.252,-6.535,27.3592,,
95k_case,1,417525.901,3.3269,3.2434,27.3592,,
95k_case,1,417532.904,3.3459,3.0734,27.2523,,
95k_case,1,417539.903,3.2004,-8.012,27.1454,,
95k_case,1,417546.898,3.0143,-22.5539,27.1454,,
95k_case,1,417553.911,3.4849,17.3948,27.1454,,
95k_case,1,417560.902,3.258,-1.6268,27.1454,,
95k_case,1,417567.905,2.7429,-41.7248,27.1454,,
95k_case,1,417574.899,3.3535,11.2785,27.1454,,
95k_case,1,417581.896,3.271,0.604,27.3592,,
95k_case,1,417588.909,3.018,-17.7904,27.3592,,
95k_case,1,417595.899,2.9661,-17.265,27.4661,,
95k_case,1,417602.901,3.1504,-1.6445,27.4661,,
95k_case,1,417609.902,3.1599,-2.9642,27.5729,,
95k_case,1,417616.897,3.1547,-6.1568,27.5729,,
95k_case,1,417623.897,3.2356,2.7892,27.5729,,
95k_case,1,417630.902,3.1956,-4.5453,27.6798,,
95k_case,1,417637.903,3.2073,-2.2841,27.5729,,
95k_case,1,417644.899,3.0275,-15.9682,27.6798,,
95k_case,1,417651.9,2.9463,-20.1404,27.4661,,
95k_case,1,417658.899,3.041,-15.5418,27.5729,,
95k_case,1,417665.902,3.181,-0.4365,27.4661,,
95k_case,1,417672.905,3.0916,-9.0881,27.4661,,
95k_case,1,417679.906,2.9529,-17.6076,27.4661,,
95k_case,1,417686.899,2.9546,-14.5698,27.5729,,
95k_case,1,417693.904,2.9789,-11.8645,27.6798,,
95k_case,1,417700.902,3.153,0.5025,27.7867,,
95k_case,1,417707.897,3.1213,-2.4033,27.7867,,
95k_case,1,417714.903,3.0465,-7.2227,28.1073,,
95k_case,1,417721.906,3.0955,-4.5961,28.1073,,
95k_case,1,417728.901,3.0442,-8.3851,28.1073,,
95k_case,1,417735.906,3.1317,0.7106,28.2142,,
95k_case,1,417742.897,2.974,-11.8772,28.1073,,
95k_case,1,417749.901,3.0413,-4.223,28.1073,,
95k_case,1,417756.902,3.2469,10.3775,28.1073,,
95k_case,1,417763.905,3.4208,18.5445,28.2142,,
95k_case,1,417770.903,3.2243,-1.0634,28.1073,,
95k_case,1,417777.899,3.2842,7.8269,28.1073,,
95k_case,1,417784.91,3.1599,-8.4561,28.1073,,
95k_case,1,417791.904,3.2896,6.3905,27.8935,,
95k_case,1,417798.898,3.3932,10.6694,27.8935,,
95k_case,1,417805.901,3.508,18.9886,27.7867,,
95k_case,1,417812.905,3.3771,5.6545,27.8935,,
95k_case,1,417819.899,3.3098,0.3756,27.7867,,
95k_case,1,417825.959,3.2751,-1.0608,27.8935,,
95k_case,1,417832.988,3.3139,2.4998,27.7867,,
95k_case,1,417839.981,3.3152,2.4973,27.7867,,
95k_case,1,417846.982,3.3166,2.4998,27.6798,,
95k_case,1,417853.983,3.3183,2.4973,27.6798,,
95k_case,1,417860.982,3.32,2.4973,27.6798,,
95k_case,1,417867.981,3.3216,2.4973,27.7867,,
95k_case,1,417874.983,3.3235,2.4973,27.7867,,
95k_case,1,417881.974,3.3254,2.4973,27.6798,,
95k_case,1,417888.978,3.3272,2.4973,27.6798,,
95k_case,1,417895.976,3.3291,2.4973,27.4661,,
95k_case,1,417902.978,3.3308,2.4973,27.4661,,
95k_case,1,417909.979,3.3326,2.4973,27.3592,,
95k_case,1,417916.984,3.3343,2.4973,27.3592,,
95k_case,1,417923.975,3.336,2.4973,27.2523,,
95k_case,1,417930.972,3.3377,2.4973,27.2523,,
95k_case,1,417937.973,3.3392,2.4973,27.1454,,
95k_case,1,417944.98,3.3409,2.4973,27.1454,,
95k_case,1,417951.98,3.3424,2.4973,27.1454,,
206k_case,0,15.053,3.461,0.0,23.3618,,
206k_case,0,25.057,3.4603,0.0,23.3618,,
206k_case,0,35.049,3.4598,0.0,23.3618,,
206k_case,0,45.054,3.4593,0.0,23.3618,,
206k_case,0,55.054,3.4586,0.0,23.3618,,
206k_case,0,65.055,3.4581,0.0,23.3618,,
206k_case,0,65.055,3.4581,0.0,23.3618,,
206k_case,0,75.065,3.5,0.3494,23.3618,,
206k_case,0,85.06700000000001,3.5,0.176,23.3618,,
206k_case,0,95.063,3.5,0.1199,23.3618,,
206k_case,0,105.062,3.4998,0.0944,23.3618,,
206k_case,0,115.064,3.4998,0.0791,23.4671,,
206k_case,0,125.065,3.4998,0.0689,23.2566,,
206k_case,0,135.065,3.4998,0.0638,23.3618,,
206k_case,0,145.063,3.4998,0.0587,23.4671,,
206k_case,0,155.064,3.4998,0.0561,23.4671,,
206k_case,0,165.07,3.4998,0.0536,23.4671,,
206k_case,0,175.065,3.4998,0.051,23.3618,,
206k_case,0,178.7,3.4998,0.051,23.3618,,
206k_case,0,188.706,3.4952,0.0,23.3618,,
206k_case,0,198.71,3.493,0.0,23.4671,,
206k_case,0,208.707,3.491,0.0,23.4671,,
206k_case,0,218.70499999999998,3.4892,0.0,23.4671,,
206k_case,0,228.70499999999998,3.4876,0.0,23.3618,,
206k_case,0,238.704,3.4861,0.0,23.3618,,
206k_case,0,248.71,3.4846,0.0,23.3618,,
206k_case,0,258.706,3.4833,0.0,23.4671,,
206k_case,0,268.711,3.4821,0.0,23.4671,,
206k_case,0,278.712,3.4807,0.0,23.3618,,
206k_case,0,288.71,3.4797,0.0,23.3618,,
206k_case,0,298.70799999999997,3.4785,0.0,23.3618,,
206k_case,0,308.708,3.4775,0.0,23.3618,,
206k_case,0,318.71,3.4765,0.0,23.3618,,
206k_case,0,328.71,3.4755,0.0,23.2566,,
206k_case,0,338.712,3.4746,0.0,23.2566,,
206k_case,0,348.71,3.4736,0.0,23.4671,,
206k_case,0,358.703,3.4728,0.0,23.3618,,
206k_case,0,368.708,3.4719,0.0,23.2566,,
206k_case,0,378.707,3.4713,0.0,23.3618,,
206k_case,0,388.704,3.4704,0.0,23.3618,,
206k_case,0,398.71500000000003,3.4697,0.0,23.4671,,
206k_case,0,408.706,3.4689,0.0,23.3618,,
206k_case,0,418.706,3.4682,0.0,23.3618,,
206k_case,0,428.712,3.4675,0.0,23.4671,,
206k_case,0,438.705,3.4669,0.0,23.3618,,
206k_case,0,448.705,3.4662,0.0,23.3618,,
206k_case,0,458.704,3.4655,0.0,23.3618,,
206k_case,0,468.711,3.465,0.0,23.3618,,
206k_case,0,478.709,3.4643,0.0,23.3618,,
206k_case,0,488.704,3.4638,0.0,23.3618,,
206k_case,0,498.71,3.4632,0.0,23.3618,,
206k_case,0,508.717,3.4626,0.0,23.4671,,
206k_case,0,518.7090000000001,3.4621,0.0,23.4671,,
206k_case,0,528.706,3.4616,0.0,23.4671,,
206k_case,0,538.706,3.461,0.0,23.5723,,
206k_case,0,548.716,3.4606,0.0,23.5723,,
206k_case,0,558.71,3.4601,0.0,23.4671,,
206k_case,0,568.709,3.4596,0.0,23.2566,,
206k_case,0,578.706,3.4591,0.0,23.2566,,
206k_case,0,588.707,3.4586,0.0,23.3618,,
206k_case,0,598.708,3.4583,0.0,23.3618,,
206k_case,0,608.708,3.4578,0.0,23.4671,,
206k_case,0,618.713,3.4572,0.0,23.4671,,
206k_case,0,628.707,3.4569,0.0,23.3618,,
206k_case,0,638.711,3.4564,0.0,23.3618,,
206k_case,0,648.713,3.4561,0.0,23.3618,,
206k_case,0,658.706,3.4556,0.0,23.5723,,
206k_case,0,668.71,3.4552,0.0,23.3618,,
206k_case,0,678.709,3.4549,0.0,23.3618,,
206k_case,0,688.715,3.4544,0.0,23.4671,,
206k_case,0,698.708,3.454,0.0,23.3618,,
206k_case,0,708.705,3.4537,0.0,23.3618,,
206k_case,0,718.71,3.4534,0.0,23.2566,,
206k_case,0,728.713,3.453,0.0,23.2566,,
206k_case,0,738.706,3.4527,0.0,23.3618,,
206k_case,0,748.709,3.4523,0.0,23.3618,,
206k_case,0,758.71,3.452,0.0,23.3618,,
206k_case,0,768.7090000000001,3.4517,0.0,23.3618,,
206k_case,0,778.708,3.4513,0.0,23.3618,,
206k_case,0,788.706,3.451,0.0,23.4671,,
206k_case,0,798.708,3.4507,0.0,23.4671,,
206k_case,0,808.71,3.4503,0.0,23.3618,,
206k_case,0,818.711,3.4502,0.0,23.4671,,
206k_case,0,828.704,3.4498,0.0,23.4671,,
206k_case,0,838.705,3.4495,0.0,23.4671,,
206k_case,0,848.708,3.4491,0.0,23.5723,,
206k_case,0,858.703,3.449,0.0,23.4671,,
206k_case,0,868.704,3.4486,0.0,23.4671,,
206k_case,0,878.708,3.4483,0.0,23.4671,,
206k_case,0,888.704,3.4481,0.0,23.5723,,
206k_case,0,898.706,3.4478,0.0,23.4671,,
206k_case,0,908.704,3.4476,0.0,23.3618,,
206k_case,0,918.71,3.4473,0.0,23.4671,,
206k_case,0,928.711,3.4471,0.0,23.3618,,
206k_case,0,938.705,3.4468,0.0,23.3618,,
206k_case,0,948.704,3.4464,0.0,23.4671,,
206k_case,0,958.708,3.4463,0.0,23.4671,,
206k_case,0,968.706,3.4461,0.0,23.5723,,
206k_case,0,978.711,3.4458,0.0,23.4671,,
206k_case,0,988.706,3.4456,0.0,23.4671,,
206k_case,0,998.712,3.4453,0.0,23.3618,,
206k_case,0,1008.71,3.4451,0.0,23.4671,,
206k_case,0,1018.706,3.4449,0.0,23.3618,,
206k_case,0,1028.712,3.4446,0.0,23.4671,,
206k_case,0,1038.709,3.4444,0.0,23.4671,,
206k_case,0,1048.715,3.4442,0.0,23.4671,,
206k_case,0,1058.71,3.4439,0.0,23.3618,,
206k_case,0,1068.711,3.4437,0.0,23.4671,,
206k_case,0,1078.702,3.4436,0.0,23.2566,,
206k_case,0,1078.719,3.4436,0.0,23.2566,,
206k_case,0,2934.976,3.0378,0.0,24.0985,,
206k_case,0,2944.973,3.0415,0.0,24.0985,,
206k_case,0,2954.975,3.0449,0.0,24.0985,,
206k_case,0,2964.979,3.0481,0.0,24.0985,,
206k_case,0,2974.98,3.0513,0.0,23.9932,,
206k_case,0,2984.973,3.0545,0.0,23.888,,
206k_case,0,2984.982,3.0545,0.0,23.888,,
206k_case,0,2994.99,3.1453,2.4967,23.888,,
206k_case,0,3004.991,3.1729,2.4967,23.9932,,
206k_case,0,3014.987,3.195,2.4967,23.9932,,
206k_case,0,3024.993,3.2137,2.4967,23.888,,
206k_case,0,3034.987,3.2303,2.4967,23.888,,
206k_case,0,3044.987,3.2451,2.4967,23.888,,
206k_case,0,3054.989,3.2585,2.4967,23.9932,,
206k_case,0,3064.986,3.2703,2.4967,23.888,,
206k_case,0,3074.991,3.2804,2.4967,23.888,,
206k_case,0,3084.992,3.2885,2.4967,23.7828,,
206k_case,0,3094.992,3.2951,2.4967,23.888,,
206k_case,0,3104.985,3.3004,2.4967,23.888,,
206k_case,0,3114.988,3.3049,2.4967,23.7828,,
206k_case,0,3124.988,3.309,2.4967,23.888,,
206k_case,0,3134.989,3.3127,2.4967,23.888,,
206k_case,0,3144.99,3.3164,2.4967,23.7828,,
206k_case,0,3154.984,3.3198,2.4967,23.7828,,
206k_case,0,3164.986,3.3232,2.4967,23.7828,,
206k_case,0,3174.986,3.3265,2.4967,23.6775,,
206k_case,0,3184.992,3.3297,2.4967,23.6775,,
206k_case,0,3194.986,3.3331,2.4967,23.7828,,
206k_case,0,3204.985,3.3362,2.4967,23.7828,,
206k_case,0,3214.988,3.3394,2.4967,23.888,,
206k_case,0,3224.988,3.3426,2.4967,23.7828,,
206k_case,0,3234.986,3.3456,2.4967,23.7828,,
206k_case,0,3244.99,3.3487,2.4967,23.6775,,
206k_case,0,3254.984,3.3517,2.4967,23.7828,,
206k_case,0,3264.986,3.3546,2.4967,23.7828,,
206k_case,0,3274.987,3.3576,2.4967,23.6775,,
206k_case,0,3284.996,3.3605,2.4967,23.7828,,
206k_case,0,3294.992,3.3634,2.4967,23.7828,,
206k_case,0,3304.991,3.3662,2.4967,23.7828,,
206k_case,0,3314.994,3.3689,2.4967,23.7828,,
206k_case,0,3324.997,3.3718,2.4967,23.7828,,
206k_case,0,3334.985,3.3745,2.4967,23.888,,
206k_case,0,3344.992,3.3772,2.4967,23.888,,
206k_case,0,3354.992,3.3799,2.4967,23.7828,,
206k_case,0,3364.991,3.3826,2.4967,23.7828,,
206k_case,0,3374.987,3.3853,2.4967,23.7828,,
206k_case,0,3384.985,3.388,2.4967,23.6775,,
206k_case,0,3394.986,3.3907,2.4967,23.7828,,
206k_case,0,3404.986,3.3934,2.4967,23.7828,,
206k_case,0,3414.985,3.3961,2.4967,23.6775,,
206k_case,0,3424.989,3.3988,2.4967,23.7828,,
206k_case,0,3434.989,3.4015,2.4967,23.888,,
206k_case,0,3444.989,3.4044,2.4967,23.7828,,
206k_case,0,3454.992,3.4071,2.4967,23.888,,
206k_case,0,3464.993,3.4098,2.4967,23.7828,,
206k_case,0,3474.994,3.4127,2.4967,23.7828,,
206k_case,0,3484.985,3.4155,2.4967,23.888,,
206k_case,0,3494.992,3.4184,2.4967,23.7828,,
206k_case,0,3504.993,3.4213,2.4967,23.7828,,
206k_case,0,3514.991,3.4241,2.4967,23.888,,
206k_case,0,3524.989,3.427,2.4967,23.7828,,
206k_case,0,3534.992,3.4299,2.4967,23.7828,,
206k_case,0,3544.988,3.4329,2.4967,23.7828,,
206k_case,0,3554.987,3.4358,2.4967,23.7828,,
206k_case,0,3564.99,3.4388,2.4967,23.7828,,
206k_case,0,3574.99,3.4417,2.4967,23.7828,,
206k_case,0,3584.992,3.4447,2.4967,23.888,,
206k_case,0,3594.987,3.4478,2.4967,23.7828,,
206k_case,0,3604.992,3.4508,2.4967,23.888,,
206k_case,0,3614.985,3.4539,2.4967,23.7828,,
206k_case,0,3624.988,3.4569,2.4967,23.888,,
206k_case,0,3634.992,3.4601,2.4967,23.888,,
206k_case,0,3644.987,3.4633,2.4967,23.6775,,
206k_case,0,3654.988,3.4665,2.4967,23.6775,,
206k_case,0,3664.986,3.4701,2.4967,23.7828,,
206k_case,0,3674.991,3.4736,2.4967,23.7828,,
206k_case,0,3684.987,3.4773,2.4967,23.888,,
206k_case,0,3694.991,3.4811,2.4967,23.7828,,
206k_case,0,3704.986,3.4851,2.4967,23.888,,
206k_case,0,3714.992,3.4892,2.4967,23.7828,,
206k_case,0,3724.992,3.4934,2.4967,23.7828,,
206k_case,0,3734.988,3.4978,2.4967,23.888,,
206k_case,0,3744.992,3.5,2.4151,23.888,,
206k_case,0,3754.986,3.5,2.3233,23.888,,
206k_case,0,3764.988,3.5,2.2493,23.888,,
206k_case,0,3774.984,3.5,2.183,23.888,,
206k_case,0,3784.987,3.5,2.1218,23.888,,
206k_case,0,3794.988,3.5,2.0657,23.888,,
206k_case,0,3804.988,3.5,2.0122,23.9932,,
206k_case,0,3814.992,3.5,1.9586,23.888,,
206k_case,0,3824.991,3.5,1.9076,23.9932,,
206k_case,0,3834.99,3.5,1.8591,23.888,,
206k_case,0,3844.992,3.5,1.8132,23.9932,,
206k_case,0,3854.985,3.5,1.7673,24.0985,,
206k_case,0,3864.993,3.5,1.7265,23.9932,,
206k_case,0,3874.986,3.5,1.6832,23.888,,
206k_case,0,3884.987,3.5,1.6449,23.9932,,
206k_case,0,3894.99,3.5,1.6067,23.9932,,
206k_case,0,3904.99,3.5,1.571,23.9932,,
206k_case,0,3914.986,3.5,1.5353,23.9932,,
206k_case,0,3924.992,3.5,1.5021,23.9932,,
206k_case,0,3934.992,3.5,1.4715,23.888,,
206k_case,0,3944.988,3.5,1.4409,23.9932,,
206k_case,0,3954.985,3.4998,1.4103,23.9932,,
206k_case,0,3964.99,3.4998,1.3822,23.9932,,
206k_case,0,3974.984,3.4998,1.3567,23.9932,,
206k_case,0,3984.997,3.4998,1.3312,23.9932,,
206k_case,0,3994.987,3.4998,1.3057,23.9932,,
206k_case,0,4004.987,3.4998,1.2828,23.9932,,
206k_case,0,4014.988,3.4998,1.2598,23.9932,,
206k_case,0,4024.99,3.4998,1.2394,23.9932,,
206k_case,0,4034.985,3.4998,1.2165,23.9932,,
206k_case,0,4044.989,3.4998,1.1961,23.888,,
206k_case,0,4054.993,3.4998,1.1757,23.888,,
206k_case,0,4064.986,3.4998,1.1578,23.9932,,
206k_case,0,4074.991,3.4998,1.1374,23.888,,
206k_case,0,4084.985,3.4998,1.1221,23.9932,,
206k_case,0,4094.989,3.4998,1.1043,23.888,,
206k_case,0,4104.997,3.4998,1.0864,23.9932,,
206k_case,0,4114.985,3.4998,1.0711,23.9932,,
206k_case,0,4124.991,3.4998,1.0558,23.888,,
206k_case,0,4134.994,3.4998,1.0405,23.9932,,
206k_case,0,4144.992,3.4998,1.0252,24.0985,,
206k_case,0,4154.988,3.4998,1.0125,24.0985,,
206k_case,0,4164.989,3.4998,0.9972,23.9932,,
206k_case,0,4174.993,3.4998,0.9844,23.9932,,
206k_case,0,4184.99,3.4998,0.9717,23.9932,,
206k_case,0,4194.989,3.4998,0.9589,23.9932,,
206k_case,0,4204.987,3.4998,0.9487,23.888,,
206k_case,0,4214.985,3.4998,0.9359,23.7828,,
206k_case,0,4224.986,3.4998,0.9232,23.888,,
206k_case,0,4234.989,3.4998,0.913,23.9932,,
206k_case,0,4244.993,3.4998,0.9002,23.888,,
206k_case,0,4254.988,3.4998,0.89,23.888,,
206k_case,0,4264.991,3.4998,0.8798,23.888,,
206k_case,0,4274.987,3.4998,0.8696,23.9932,,
206k_case,0,4284.986,3.4998,0.8594,23.888,,
206k_case,0,4294.991,3.4998,0.8492,23.9932,,
206k_case,0,4304.989,3.4998,0.839,23.888,,
206k_case,0,4314.991,3.4998,0.8288,23.7828,,
206k_case,0,4324.987,3.4998,0.8212,23.888,,
206k_case,0,4334.988,3.4998,0.811,23.888,,
206k_case,0,4344.989,3.4998,0.8033,23.888,,
206k_case,0,4354.991,3.4998,0.7931,23.888,,
206k_case,0,4364.988,3.4998,0.7855,23.888,,
206k_case,0,4374.99,3.4998,0.7753,23.7828,,
206k_case,0,4384.993,3.4998,0.7676,23.7828,,
206k_case,0,4394.986,3.4998,0.76,23.7828,,
206k_case,0,4404.985,3.4998,0.7498,23.6775,,
206k_case,0,4414.986,3.4998,0.7421,23.7828,,
206k_case,0,4424.987,3.4998,0.7345,23.6775,,
206k_case,0,4434.995,3.4998,0.7268,23.5723,,
206k_case,0,4444.989,3.4998,0.7192,23.6775,,
206k_case,0,4454.987,3.4998,0.7115,23.5723,,
206k_case,0,4464.991,3.4998,0.7039,23.5723,,
206k_case,0,4474.998,3.4998,0.6962,23.5723,,
206k_case,0,4484.987,3.4998,0.6886,23.6775,,
206k_case,0,4494.992,3.4998,0.6809,23.6775,,
206k_case,0,4504.989,3.4998,0.6733,23.6775,,
206k_case,0,4514.987,3.4998,0.6682,23.6775,,
206k_case,0,4524.987,3.4998,0.6605,23.6775,,
206k_case,0,4534.987,3.4998,0.6529,23.6775,,
206k_case,0,4544.996,3.4998,0.6478,23.6775,,
206k_case,0,4554.992,3.4998,0.6401,23.7828,,
206k_case,0,4564.991,3.4998,0.635,23.7828,,
206k_case,0,4574.992,3.4998,0.6274,23.6775,,
206k_case,0,4584.989,3.4998,0.6223,23.6775,,
206k_case,0,4594.991,3.4998,0.6146,23.6775,,
206k_case,0,4604.994,3.4998,0.6095,23.6775,,
206k_case,0,4614.993,3.4998,0.6044,23.7828,,
206k_case,0,4624.988,3.4998,0.5968,23.5723,,
206k_case,0,4634.986,3.4998,0.5917,23.5723,,
206k_case,0,4644.993,3.4998,0.5866,23.5723,,
206k_case,0,4654.987,3.4998,0.5815,23.6775,,
206k_case,0,4664.993,3.4998,0.5764,23.6775,,
206k_case,0,4674.989,3.4998,0.5687,23.7828,,
206k_case,0,4684.992,3.4998,0.5636,23.6775,,
206k_case,0,4694.993,3.4998,0.5585,23.6775,,
206k_case,0,4704.991,3.4998,0.5534,23.6775,,
206k_case,0,4714.989,3.4998,0.5483,23.6775,,
206k_case,0,4724.99,3.4998,0.5432,23.5723,,
206k_case,0,4734.99,3.4998,0.5381,23.7828,,
206k_case,0,4744.986,3.4998,0.533,23.5723,,
206k_case,0,4754.988,3.4998,0.5279,23.6775,,
206k_case,0,4764.991,3.4998,0.5254,23.6775,,
206k_case,0,4774.99,3.4998,0.5203,23.6775,,
206k_case,0,4784.985,3.4998,0.5152,23.6775,,
206k_case,0,4794.991,3.4998,0.5101,23.7828,,
206k_case,0,4804.99,3.4998,0.505,23.6775,,
206k_case,0,4814.993,3.4998,0.4999,23.7828,,
206k_case,0,4824.989,3.4998,0.4973,23.7828,,
206k_case,0,4834.99,3.4998,0.4922,23.7828,,
206k_case,0,4844.988,3.4998,0.4871,23.5723,,
206k_case,0,4854.993,3.4998,0.4846,23.6775,,
206k_case,0,4864.988,3.4998,0.482,23.6775,,
206k_case,0,4874.993,3.4998,0.4769,23.7828,,
206k_case,0,4884.99,3.4998,0.4744,23.7828,,
206k_case,0,4894.986,3.4998,0.4693,23.6775,,
206k_case,0,4904.994,3.4998,0.4667,23.6775,,
206k_case,0,4914.987,3.4998,0.4616,23.6775,,
206k_case,0,4924.987,3.4998,0.459,23.6775,,
206k_case,0,4934.987,3.4998,0.4539,23.6775,,
206k_case,0,4944.987,3.4998,0.4514,23.5723,,
206k_case,0,4954.989,3.4998,0.4463,23.6775,,
206k_case,0,4964.988,3.4998,0.4437,23.6775,,
206k_case,0,4974.992,3.4998,0.4412,23.6775,,
206k_case,0,4984.992,3.4998,0.4386,23.6775,,
206k_case,0,4994.991,3.4998,0.4335,23.6775,,
206k_case,0,5004.987,3.4998,0.431,23.6775,,
206k_case,0,5014.99,3.4998,0.4284,23.6775,,
206k_case,0,5024.992,3.4998,0.4233,23.6775,,
206k_case,0,5034.989,3.4998,0.4208,23.6775,,
206k_case,0,5044.986,3.4998,0.4182,23.6775,,
206k_case,0,5054.987,3.4998,0.4131,23.6775,,
206k_case,0,5064.985,3.4998,0.4106,23.6775,,
206k_case,0,5074.989,3.4998,0.408,23.5723,,
206k_case,0,5084.988,3.4998,0.4055,23.5723,,
206k_case,0,5094.986,3.4998,0.4004,23.5723,,
206k_case,0,5104.992,3.4998,0.3978,23.5723,,
206k_case,0,5114.988,3.4998,0.3953,23.5723,,
206k_case,0,5124.986,3.4998,0.3927,23.4671,,
206k_case,0,5134.988,3.4998,0.3902,23.4671,,
206k_case,0,5144.991,3.4998,0.3876,23.5723,,
206k_case,0,5154.988,3.4998,0.3851,23.5723,,
206k_case,0,5164.988,3.4998,0.3825,23.5723,,
206k_case,0,5174.997,3.4998,0.3774,23.6775,,
206k_case,0,5184.998,3.4998,0.3749,23.5723,,
206k_case,0,5194.984,3.4998,0.3723,23.5723,,
206k_case,0,5204.986,3.4998,0.3698,23.5723,,
206k_case,0,5214.984,3.4998,0.3672,23.5723,,
206k_case,0,5224.993,3.4998,0.3647,23.5723,,
206k_case,0,5234.99,3.4998,0.3621,23.5723,,
206k_case,0,5244.986,3.4998,0.3596,23.5723,,
206k_case,0,5254.987,3.4998,0.357,23.5723,,
206k_case,0,5264.988,3.4998,0.357,23.5723,,
206k_case,0,5274.992,3.4998,0.3519,23.6775,,
206k_case,0,5284.99,3.4998,0.3519,23.5723,,
206k_case,0,5294.988,3.4998,0.3468,23.6775,,
206k_case,0,5304.999,3.4998,0.3468,23.6775,,
206k_case,0,5314.989,3.4998,0.3443,23.6775,,
206k_case,0,5324.989,3.4998,0.3417,23.6775,,
206k_case,0,5334.986,3.4998,0.3392,23.5723,,
206k_case,0,5344.991,3.4998,0.3366,23.5723,,
206k_case,0,5354.991,3.4998,0.3315,23.4671,,
206k_case,0,5364.986,3.4998,0.3315,23.4671,,
206k_case,0,5374.988,3.4998,0.329,23.4671,,
206k_case,0,5384.985,3.4998,0.3264,23.5723,,
206k_case,0,5394.989,3.4998,0.3239,23.5723,,
206k_case,0,5404.986,3.4998,0.3239,23.4671,,
206k_case,0,5414.983,3.4998,0.3213,23.4671,,
206k_case,0,5424.988,3.4998,0.3188,23.4671,,
206k_case,0,5434.991,3.4998,0.3162,23.5723,,
206k_case,0,5444.991,3.4998,0.3137,23.5723,,
206k_case,0,5454.988,3.4998,0.3111,23.5723,,
206k_case,0,5464.992,3.4998,0.3111,23.6775,,
206k_case,0,5474.986,3.4998,0.3086,23.5723,,
206k_case,0,5484.989,3.4998,0.306,23.5723,,
206k_case,0,5494.991,3.4998,0.3035,23.5723,,
206k_case,0,5504.987,3.4998,0.3009,23.5723,,
206k_case,0,5514.985,3.4998,0.3009,23.5723,,
206k_case,0,5524.99,3.4998,0.2984,23.5723,,
206k_case,0,5534.987,3.4998,0.2958,23.5723,,
206k_case,0,5544.984,3.4998,0.2933,23.5723,,
206k_case,0,5554.986,3.4998,0.2933,23.5723,,
206k_case,0,5564.985,3.4998,0.2907,23.5723,,
206k_case,0,5574.987,3.4998,0.2882,23.5723,,
206k_case,0,5584.99,3.4998,0.2856,23.4671,,
206k_case,0,5594.992,3.4998,0.2856,23.5723,,
206k_case,0,5604.987,3.4998,0.2831,23.5723,,
206k_case,0,5614.987,3.4998,0.2805,23.4671,,
206k_case,0,5624.987,3.4998,0.278,23.4671,,
206k_case,0,5634.989,3.4998,0.2754,23.5723,,
206k_case,0,5644.991,3.4998,0.2754,23.4671,,
206k_case,0,5654.988,3.4998,0.2729,23.4671,,
206k_case,0,5664.993,3.4998,0.2703,23.4671,,
206k_case,0,5674.991,3.4998,0.2703,23.4671,,
206k_case,0,5684.988,3.4998,0.2678,23.5723,,
206k_case,0,5694.986,3.4998,0.2652,23.5723,,
206k_case,0,5704.988,3.4998,0.2652,23.4671,,
206k_case,0,5714.987,3.4998,0.2627,23.4671,,
206k_case,0,5724.99,3.4998,0.2601,23.5723,,
206k_case,0,5734.989,3.4998,0.2601,23.4671,,
206k_case,0,5744.992,3.4998,0.2576,23.5723,,
206k_case,0,5754.991,3.4998,0.255,23.5723,,
206k_case,0,5764.986,3.4998,0.2525,23.5723,,
206k_case,0,5774.985,3.4998,0.2525,23.5723,,
206k_case,0,5784.986,3.4998,0.2499,23.6775,,
206k_case,0,5794.986,3.4998,0.2474,23.5723,,
206k_case,0,5804.986,3.4998,0.2474,23.5723,,
206k_case,0,5814.991,3.4998,0.2448,23.5723,,
206k_case,0,5824.989,3.4998,0.2448,23.5723,,
206k_case,0,5834.99,3.4998,0.2423,23.5723,,
206k_case,0,5844.989,3.4998,0.2397,23.5723,,
206k_case,0,5854.989,3.4998,0.2372,23.5723,,
206k_case,0,5864.99,3.4998,0.2346,23.4671,,
206k_case,0,5874.988,3.4998,0.2346,23.4671,,
206k_case,0,5884.986,3.4998,0.2346,23.4671,,
206k_case,0,5894.988,3.4998,0.2321,23.4671,,
206k_case,0,5904.984,3.4998,0.2321,23.5723,,
206k_case,0,5914.992,3.4998,0.2295,23.5723,,
206k_case,0,5924.994,3.4998,0.227,23.5723,,
206k_case,0,5934.986,3.4998,0.227,23.4671,,
206k_case,0,5944.992,3.4998,0.2244,23.4671,,
206k_case,0,5954.988,3.4998,0.2219,23.4671,,
206k_case,0,5964.995,3.4998,0.2219,23.5723,,
206k_case,0,5974.985,3.4998,0.2193,23.5723,,
206k_case,0,5984.993,3.4998,0.2193,23.4671,,
206k_case,0,5994.989,3.4998,0.2168,23.4671,,
206k_case,0,6004.989,3.4998,0.2142,23.4671,,
206k_case,0,6014.992,3.4998,0.2142,23.5723,,
206k_case,0,6024.986,3.4998,0.2117,23.5723,,
206k_case,0,6034.987,3.4998,0.2117,23.5723,,
206k_case,0,6044.987,3.4998,0.2091,23.5723,,
206k_case,0,6054.988,3.4998,0.2091,23.4671,,
206k_case,0,6064.986,3.4998,0.2066,23.4671,,
206k_case,0,6074.989,3.4998,0.204,23.5723,,
206k_case,0,6084.985,3.4998,0.204,23.4671,,
206k_case,0,6094.989,3.4998,0.204,23.4671,,
206k_case,0,6104.985,3.4998,0.1989,23.4671,,
206k_case,0,6114.986,3.4998,0.1989,23.3618,,
206k_case,0,6124.992,3.4998,0.1989,23.4671,,
206k_case,0,6134.993,3.4998,0.1964,23.4671,,
206k_case,0,6144.984,3.4998,0.1964,23.5723,,
206k_case,0,6154.99,3.4998,0.1938,23.4671,,
206k_case,0,6164.999,3.4998,0.1938,23.4671,,
206k_case,0,6174.989,3.4998,0.1913,23.4671,,
206k_case,0,6184.991,3.4998,0.1913,23.4671,,
206k_case,0,6194.987,3.4998,0.1887,23.3618,,
206k_case,0,6204.983,3.4998,0.1887,23.5723,,
206k_case,0,6214.985,3.4998,0.1862,23.5723,,
206k_case,0,6224.99,3.4998,0.1836,23.5723,,
206k_case,0,6234.992,3.4998,0.1836,23.5723,,
206k_case,0,6244.994,3.4998,0.1811,23.4671,,
206k_case,0,6254.985,3.4998,0.1811,23.5723,,
206k_case,0,6264.991,3.4998,0.1785,23.4671,,
206k_case,0,6274.992,3.4998,0.1785,23.4671,,
206k_case,0,6284.989,3.4998,0.176,23.4671,,
206k_case,0,6294.987,3.4998,0.176,23.4671,,
206k_case,0,6304.991,3.4998,0.1734,23.4671,,
206k_case,0,6314.993,3.4998,0.1734,23.4671,,
206k_case,0,6324.991,3.4998,0.1709,23.4671,,
206k_case,0,6334.985,3.4998,0.1709,23.4671,,
206k_case,0,6344.986,3.4998,0.1683,23.4671,,
206k_case,0,6354.984,3.4998,0.1683,23.4671,,
206k_case,0,6364.997,3.4998,0.1683,23.4671,,
206k_case,0,6374.99,3.4998,0.1658,23.4671,,
206k_case,0,6384.994,3.4998,0.1658,23.4671,,
206k_case,0,6394.986,3.4998,0.1632,23.4671,,
206k_case,0,6404.989,3.4998,0.1632,23.4671,,
206k_case,0,6414.988,3.4998,0.1607,23.5723,,
206k_case,0,6424.988,3.4998,0.1581,23.5723,,
206k_case,0,6434.989,3.4998,0.1581,23.5723,,
206k_case,0,6444.985,3.4998,0.1581,23.5723,,
206k_case,0,6454.986,3.4998,0.1581,23.5723,,
206k_case,0,6464.991,3.4998,0.1556,23.4671,,
206k_case,0,6474.99,3.4998,0.153,23.4671,,
206k_case,0,6484.986,3.4998,0.153,23.4671,,
206k_case,0,6494.993,3.4998,0.1505,23.4671,,
206k_case,0,6504.989,3.4998,0.1505,23.4671,,
206k_case,0,6514.992,3.4998,0.1505,23.4671,,
206k_case,0,6524.999,3.4998,0.1479,23.4671,,
206k_case,0,6534.992,3.4998,0.1479,23.4671,,
206k_case,0,6544.984,3.4998,0.1479,23.4671,,
206k_case,0,6554.984,3.4998,0.1454,23.4671,,
206k_case,0,6564.986,3.4998,0.1454,23.4671,,
206k_case,0,6574.987,3.4998,0.1428,23.4671,,
206k_case,0,6584.987,3.4998,0.1403,23.4671,,
206k_case,0,6594.993,3.4998,0.1403,23.5723,,
206k_case,0,6604.989,3.4998,0.1403,23.4671,,
206k_case,0,6614.985,3.4998,0.1403,23.4671,,
206k_case,0,6624.986,3.4998,0.1377,23.5723,,
206k_case,0,6634.987,3.4998,0.1377,23.5723,,
206k_case,0,6644.993,3.4998,0.1352,23.4671,,
206k_case,0,6654.989,3.4998,0.1352,23.4671,,
206k_case,0,6664.988,3.4998,0.1326,23.5723,,
206k_case,0,6674.991,3.4998,0.1326,23.5723,,
206k_case,0,6684.992,3.4998,0.1326,23.5723,,
206k_case,0,6694.986,3.4998,0.1326,23.5723,,
206k_case,0,6704.993,3.4998,0.1301,23.4671,,
206k_case,0,6714.986,3.4998,0.1301,23.4671,,
206k_case,0,6724.994,3.4998,0.1275,23.5723,,
206k_case,0,6734.994,3.4998,0.1275,23.4671,,
206k_case,0,6744.986,3.4998,0.1275,23.5723,,
206k_case,0,6754.989,3.4998,0.125,23.5723,,
206k_case,0,6764.992,3.4998,0.125,23.4671,,
206k_case,0,6774.985,3.4998,0.125,23.4671,,
206k_case,0,6784.993,3.4998,0.1224,23.4671,,
206k_case,0,6794.989,3.4998,0.1224,23.4671,,
206k_case,0,6804.987,3.4998,0.1224,23.5723,,
206k_case,0,6814.985,3.4998,0.1199,23.5723,,
206k_case,0,6824.989,3.4998,0.1199,23.4671,,
206k_case,0,6834.988,3.4998,0.1173,23.5723,,
206k_case,0,6844.992,3.4998,0.1173,23.6775,,
206k_case,0,6854.993,3.4998,0.1173,23.5723,,
206k_case,0,6864.988,3.4998,0.1148,23.5723,,
206k_case,0,6874.992,3.4998,0.1148,23.5723,,
206k_case,0,6884.991,3.4998,0.1148,23.5723,,
206k_case,0,6894.986,3.4998,0.1122,23.4671,,
206k_case,0,6904.993,3.4998,0.1122,23.5723,,
206k_case,0,6914.992,3.4998,0.1122,23.4671,,
206k_case,0,6924.987,3.4998,0.1097,23.4671,,
206k_case,0,6934.988,3.4998,0.1097,23.4671,,
206k_case,0,6944.99,3.4998,0.1097,23.3618,,
206k_case,0,6954.991,3.4998,0.1071,23.4671,,
206k_case,0,6964.986,3.4998,0.1071,23.3618,,
206k_case,0,6974.986,3.4998,0.1071,23.3618,,
206k_case,0,6984.989,3.4998,0.1071,23.4671,,
206k_case,0,6994.994,3.4998,0.1046,23.4671,,
206k_case,0,7004.984,3.4998,0.1046,23.5723,,
206k_case,0,7014.995,3.4998,0.102,23.5723,,
206k_case,0,7024.989,3.4998,0.102,23.4671,,
206k_case,0,7034.987,3.4998,0.102,23.4671,,
206k_case,0,7044.993,3.4998,0.102,23.4671,,
206k_case,0,7055.001,3.4998,0.0995,23.3618,,
206k_case,0,7064.985,3.4998,0.0995,23.4671,,
206k_case,0,7074.993,3.4998,0.0995,23.4671,,
206k_case,0,7084.991,3.4998,0.0969,23.4671,,
206k_case,0,7094.992,3.4998,0.0969,23.4671,,
206k_case,0,7104.996,3.4998,0.0969,23.3618,,
206k_case,0,7114.987,3.4998,0.0969,23.3618,,
206k_case,0,7124.988,3.4998,0.0944,23.4671,,
206k_case,0,7134.994,3.4998,0.0944,23.4671,,
206k_case,0,7144.985,3.4998,0.0944,23.3618,,
206k_case,0,7154.987,3.4998,0.0944,23.3618,,
206k_case,0,7164.987,3.4998,0.0918,23.3618,,
206k_case,0,7174.99,3.4998,0.0918,23.4671,,
206k_case,0,7184.991,3.4998,0.0918,23.3618,,
206k_case,0,7194.987,3.4998,0.0918,23.3618,,
206k_case,0,7204.987,3.4998,0.0893,23.4671,,
206k_case,0,7214.988,3.4998,0.0893,23.3618,,
206k_case,0,7224.989,3.4998,0.0893,23.4671,,
206k_case,0,7234.987,3.4998,0.0893,23.4671,,
206k_case,0,7244.99,3.4998,0.0867,23.4671,,
206k_case,0,7254.993,3.4998,0.0867,23.4671,,
206k_case,0,7264.988,3.4998,0.0867,23.4671,,
206k_case,0,7274.988,3.4998,0.0842,23.4671,,
206k_case,0,7284.992,3.4998,0.0842,23.4671,,
206k_case,0,7294.986,3.4998,0.0842,23.4671,,
206k_case,0,7304.989,3.4998,0.0842,23.5723,,
206k_case,0,7314.991,3.4998,0.0842,23.4671,,
206k_case,0,7324.993,3.4998,0.0816,23.4671,,
206k_case,0,7334.988,3.4998,0.0816,23.4671,,
206k_case,0,7344.988,3.4998,0.0816,23.4671,,
206k_case,0,7354.985,3.4998,0.0816,23.4671,,
206k_case,0,7364.987,3.4998,0.0791,23.4671,,
206k_case,0,7374.989,3.4998,0.0791,23.4671,,
206k_case,0,7384.99,3.4998,0.0791,23.4671,,
206k_case,0,7394.985,3.4998,0.0791,23.4671,,
206k_case,0,7404.991,3.4998,0.0791,23.4671,,
206k_case,0,7414.987,3.4998,0.0765,23.4671,,
206k_case,0,7424.986,3.4998,0.0765,23.4671,,
206k_case,0,7434.989,3.4998,0.0765,23.4671,,
206k_case,0,7444.986,3.4998,0.0765,23.5723,,
206k_case,0,7454.988,3.4998,0.074,23.5723,,
206k_case,0,7464.988,3.4998,0.074,23.5723,,
206k_case,0,7474.989,3.4998,0.074,23.5723,,
206k_case,0,7484.991,3.4998,0.074,23.5723,,
206k_case,0,7494.989,3.4998,0.074,23.4671,,
206k_case,0,7504.986,3.4998,0.074,23.4671,,
206k_case,0,7514.992,3.4998,0.0714,23.4671,,
206k_case,0,7524.992,3.4998,0.0714,23.4671,,
206k_case,0,7534.988,3.4998,0.0714,23.4671,,
206k_case,0,7544.99,3.4998,0.0714,23.3618,,
206k_case,0,7554.986,3.4998,0.0714,23.4671,,
206k_case,0,7564.986,3.4998,0.0689,23.4671,,
206k_case,0,7574.99,3.4998,0.0689,23.3618,,
206k_case,0,7584.986,3.4998,0.0689,23.3618,,
206k_case,0,7594.993,3.4998,0.0689,23.3618,,
206k_case,0,7604.992,3.4998,0.0689,23.3618,,
206k_case,0,7614.99,3.4998,0.0663,23.4671,,
206k_case,0,7624.985,3.4998,0.0663,23.4671,,
206k_case,0,7634.989,3.4998,0.0663,23.3618,,
206k_case,0,7644.987,3.4998,0.0663,23.5723,,
206k_case,0,7654.99,3.4998,0.0663,23.5723,,
206k_case,0,7664.986,3.4998,0.0638,23.4671,,
206k_case,0,7674.988,3.4998,0.0638,23.4671,,
206k_case,0,7684.986,3.4998,0.0638,23.5723,,
206k_case,0,7694.988,3.4998,0.0638,23.4671,,
206k_case,0,7704.991,3.4998,0.0638,23.4671,,
206k_case,0,7714.989,3.4998,0.0638,23.5723,,
206k_case,0,7724.989,3.4998,0.0638,23.4671,,
206k_case,0,7734.986,3.4998,0.0612,23.5723,,
206k_case,0,7744.994,3.4998,0.0612,23.4671,,
206k_case,0,7754.986,3.4998,0.0612,23.4671,,
206k_case,0,7764.991,3.4998,0.0612,23.4671,,
206k_case,0,7774.988,3.4998,0.0612,23.4671,,
206k_case,0,7784.992,3.4998,0.0612,23.4671,,
206k_case,0,7794.988,3.4998,0.0587,23.4671,,
206k_case,0,7804.999,3.4998,0.0587,23.4671,,
206k_case,0,7814.993,3.4998,0.0587,23.4671,,
206k_case,0,7824.985,3.4998,0.0587,23.4671,,
206k_case,0,7834.989,3.4998,0.0587,23.4671,,
206k_case,0,7844.994,3.4998,0.0587,23.4671,,
206k_case,0,7854.986,3.4998,0.0587,23.4671,,
206k_case,0,7864.989,3.4998,0.0561,23.4671,,
206k_case,0,7874.989,3.4998,0.0561,23.4671,,
206k_case,0,7884.987,3.4998,0.0561,23.4671,,
206k_case,0,7894.992,3.4998,0.0561,23.4671,,
206k_case,0,7904.985,3.4998,0.0561,23.5723,,
206k_case,0,7914.985,3.4998,0.0561,23.4671,,
206k_case,0,7924.992,3.4998,0.0561,23.4671,,
206k_case,0,7934.987,3.4998,0.0536,23.4671,,
206k_case,0,7944.985,3.4998,0.0536,23.4671,,
206k_case,0,7954.985,3.4998,0.0536,23.4671,,
206k_case,0,7964.987,3.4998,0.0536,23.4671,,
206k_case,0,7974.991,3.4998,0.0536,23.4671,,
206k_case,0,7984.986,3.4998,0.0536,23.4671,,
206k_case,0,7994.993,3.4998,0.0536,23.3618,,
206k_case,0,8004.987,3.4998,0.051,23.4671,,
206k_case,0,8014.991,3.4998,0.051,23.4671,,
206k_case,0,8024.987,3.4998,0.051,23.4671,,
206k_case,0,8034.984,3.4998,0.051,23.4671,,
206k_case,0,8044.991,3.4998,0.051,23.4671,,
206k_case,0,8054.994,3.4998,0.051,23.5723,,
206k_case,0,8064.993,3.4998,0.051,23.4671,,
206k_case,0,8068.673,3.4998,0.051,23.4671,,
206k_case,0,8078.683,3.4952,0.0,23.4671,,
206k_case,0,8088.681,3.4929,0.0,23.6775,,
206k_case,0,8098.681,3.4909,0.0,23.4671,,
206k_case,0,8108.682,3.489,0.0,23.4671,,
206k_case,0,8118.685,3.4873,0.0,23.5723,,
206k_case,0,8128.681,3.4858,0.0,23.3618,,
206k_case,0,8138.678,3.4843,0.0,23.4671,,
206k_case,0,8148.684,3.4829,0.0,23.4671,,
206k_case,0,8158.682,3.4816,0.0,23.3618,,
206k_case,0,8168.682,3.4804,0.0,23.4671,,
206k_case,0,8178.682,3.479,0.0,23.5723,,
206k_case,0,8188.678,3.478,0.0,23.3618,,
206k_case,0,8198.682,3.4768,0.0,23.4671,,
206k_case,0,8208.685,3.4758,0.0,23.4671,,
206k_case,0,8218.679,3.4748,0.0,23.4671,,
206k_case,0,8228.681,3.4738,0.0,23.4671,,
206k_case,0,8238.683,3.4728,0.0,23.4671,,
206k_case,0,8248.682,3.4719,0.0,23.4671,,
206k_case,0,8258.677,3.4709,0.0,23.4671,,
206k_case,0,8268.681,3.4701,0.0,23.4671,,
206k_case,0,8278.676,3.4694,0.0,23.3618,,
206k_case,0,8288.678,3.4686,0.0,23.3618,,
206k_case,0,8298.677,3.4677,0.0,23.5723,,
206k_case,0,8308.677,3.467,0.0,23.4671,,
206k_case,0,8318.679,3.4662,0.0,23.3618,,
206k_case,0,8328.679,3.4655,0.0,23.4671,,
206k_case,0,8338.678,3.4648,0.0,23.3618,,
206k_case,0,8348.676,3.4642,0.0,23.4671,,
206k_case,0,8358.683,3.4635,0.0,23.4671,,
206k_case,0,8368.683,3.4628,0.0,23.3618,,
206k_case,0,8378.689,3.4623,0.0,23.3618,,
206k_case,0,8388.677,3.4616,0.0,23.3618,,
206k_case,0,8398.678,3.4611,0.0,23.4671,,
206k_case,0,8408.685,3.4605,0.0,23.5723,,
206k_case,0,8418.679,3.4599,0.0,23.4671,,
206k_case,0,8428.683,3.4594,0.0,23.3618,,
206k_case,0,8438.682,3.4589,0.0,23.4671,,
206k_case,0,8448.679,3.4583,0.0,23.2566,,
206k_case,0,8458.68,3.4578,0.0,23.3618,,
206k_case,0,8468.683,3.4572,0.0,23.4671,,
206k_case,0,8478.68,3.4567,0.0,23.4671,,
206k_case,0,8488.683,3.4564,0.0,23.3618,,
206k_case,0,8498.681,3.4559,0.0,23.4671,,
206k_case,0,8508.677,3.4554,0.0,23.4671,,
206k_case,0,8518.683,3.4549,0.0,23.3618,,
206k_case,0,8528.677,3.4545,0.0,23.4671,,
206k_case,0,8538.683,3.454,0.0,23.4671,,
206k_case,0,8548.683,3.4537,0.0,23.4671,,
206k_case,0,8558.68,3.4532,0.0,23.5723,,
206k_case,0,8568.683,3.4529,0.0,23.4671,,
206k_case,0,8578.682,3.4525,0.0,23.5723,,
206k_case,0,8588.684,3.452,0.0,23.4671,,
206k_case,0,8598.678,3.4517,0.0,23.5723,,
206k_case,0,8608.678,3.4513,0.0,23.4671,,
206k_case,0,8618.679,3.451,0.0,23.3618,,
206k_case,0,8628.678,3.4507,0.0,23.4671,,
206k_case,0,8638.684,3.4503,0.0,23.3618,,
206k_case,0,8648.687,3.45,0.0,23.3618,,
206k_case,0,8658.682,3.4495,0.0,23.3618,,
206k_case,0,8668.68,3.4491,0.0,23.2566,,
206k_case,0,8678.679,3.449,0.0,23.3618,,
206k_case,0,8688.68,3.4486,0.0,23.3618,,
206k_case,0,8698.68,3.4483,0.0,23.3618,,
206k_case,0,8708.683,3.448,0.0,23.3618,,
206k_case,0,8718.677,3.4476,0.0,23.4671,,
206k_case,0,8728.682,3.4473,0.0,23.3618,,
206k_case,0,8738.677,3.4471,0.0,23.4671,,
206k_case,0,8748.681,3.4468,0.0,23.3618,,
206k_case,0,8758.679,3.4464,0.0,23.3618,,
206k_case,0,8768.686,3.4461,0.0,23.2566,,
206k_case,0,8778.678,3.4459,0.0,23.3618,,
206k_case,0,8788.678,3.4456,0.0,23.4671,,
206k_case,0,8798.678,3.4454,0.0,23.3618,,
206k_case,0,8808.682,3.4451,0.0,23.4671,,
206k_case,0,8818.683,3.4449,0.0,23.3618,,
206k_case,0,8828.68,3.4446,0.0,23.3618,,
206k_case,0,8838.684,3.4444,0.0,23.3618,,
206k_case,0,8848.682,3.4441,0.0,23.3618,,
206k_case,0,8858.682,3.4439,0.0,23.3618,,
206k_case,0,8868.677,3.4436,0.0,23.4671,,
206k_case,0,8878.68,3.4434,0.0,23.4671,,
206k_case,0,8888.682,3.4431,0.0,23.4671,,
206k_case,0,8898.678,3.4429,0.0,23.3618,,
206k_case,0,8908.681,3.4427,0.0,23.3618,,
206k_case,0,8918.677,3.4424,0.0,23.3618,,
206k_case,0,8928.686,3.4422,0.0,23.4671,,
206k_case,0,8938.678,3.442,0.0,23.3618,,
206k_case,0,8948.678,3.4417,0.0,23.4671,,
206k_case,0,8958.682,3.4415,0.0,23.5723,,
206k_case,0,8968.679,3.4414,0.0,23.2566,,
206k_case,0,8968.687,3.4414,0.0,23.2566,,
206k_case,0,10802.024,3.0457,0.0,24.0985,,
206k_case,0,10812.027,3.0493,0.0,24.0985,,
206k_case,0,10822.03,3.0525,0.0,24.0985,,
206k_case,0,10832.029,3.0557,0.0,24.2037,,
206k_case,0,10842.028,3.0589,0.0,24.0985,,
206k_case,0,10852.027,3.0618,0.0,24.2037,,
206k_case,0,10852.027,3.0618,0.0,24.2037,,
206k_case,0,10862.036,3.1524,2.4967,24.0985,,
206k_case,0,10872.037,3.1798,2.4967,23.9932,,
206k_case,0,10882.03,3.2016,2.4967,23.9932,,
206k_case,0,10892.035,3.2203,2.4967,23.9932,,
206k_case,0,10902.037,3.2367,2.4967,23.9932,,
206k_case,0,10912.037,3.2514,2.4967,23.9932,,
206k_case,0,10922.033,3.2644,2.4967,23.9932,,
206k_case,0,10932.035,3.2759,2.4967,23.9932,,
206k_case,0,10942.03,3.2857,2.4967,23.888,,
206k_case,0,10952.035,3.2936,2.4967,23.9932,,
206k_case,0,10962.035,3.2999,2.4967,23.888,,
206k_case,0,10972.033,3.3051,2.4967,23.888,,
206k_case,0,10982.034,3.3097,2.4967,23.888,,
206k_case,0,10992.03,3.3139,2.4967,23.7828,,
206k_case,0,11002.041,3.3178,2.4967,23.7828,,
206k_case,0,11012.03,3.3215,2.4993,23.888,,
206k_case,0,11022.033,3.325,2.4967,23.888,,
206k_case,0,11032.037,3.3284,2.4967,23.888,,
206k_case,0,11042.029,3.3318,2.4967,23.888,,
206k_case,0,11052.037,3.3352,2.4967,23.9932,,
206k_case,0,11062.039,3.3384,2.4967,23.888,,
206k_case,0,11072.035,3.3414,2.4967,23.888,,
206k_case,0,11082.035,3.3446,2.4967,23.888,,
206k_case,0,11092.031,3.3476,2.4967,23.7828,,
206k_case,0,11102.03,3.3507,2.4967,23.7828,,
206k_case,0,11112.039,3.3537,2.4967,23.888,,
206k_case,0,11122.032,3.3566,2.4967,23.888,,
206k_case,0,11132.034,3.3596,2.4967,23.7828,,
206k_case,0,11142.042,3.3625,2.4967,23.888,,
206k_case,0,11152.036,3.3654,2.4967,23.888,,
206k_case,0,11162.031,3.3683,2.4967,23.888,,
206k_case,0,11172.037,3.3711,2.4967,23.888,,
206k_case,0,11182.033,3.3738,2.4967,23.888,,
206k_case,0,11192.039,3.3767,2.4967,23.9932,,
206k_case,0,11202.035,3.3794,2.4967,23.9932,,
206k_case,0,11212.035,3.3821,2.4967,23.9932,,
206k_case,0,11222.03,3.385,2.4967,23.9932,,
206k_case,0,11232.034,3.3877,2.4967,23.888,,
206k_case,0,11242.031,3.3904,2.4967,23.888,,
206k_case,0,11252.037,3.3931,2.4967,23.7828,,
206k_case,0,11262.035,3.3959,2.4967,23.888,,
206k_case,0,11272.036,3.3986,2.4967,23.888,,
206k_case,0,11282.036,3.4015,2.4967,23.888,,
206k_case,0,11292.034,3.4042,2.4967,23.888,,
206k_case,0,11302.037,3.4071,2.4967,23.888,,
206k_case,0,11312.034,3.41,2.4967,23.888,,
206k_case,0,11322.035,3.4128,2.4967,23.888,,
206k_case,0,11332.035,3.4157,2.4967,23.9932,,
206k_case,0,11342.029,3.4186,2.4967,23.888,,
206k_case,0,11352.031,3.4214,2.4967,23.888,,
206k_case,0,11362.041,3.4243,2.4967,23.7828,,
206k_case,0,11372.038,3.4274,2.4967,23.888,,
206k_case,0,11382.035,3.4302,2.4967,23.888,,
206k_case,0,11392.03,3.4331,2.4967,23.888,,
206k_case,0,11402.044,3.4361,2.4967,23.888,,
206k_case,0,11412.032,3.439,2.4967,23.888,,
206k_case,0,11422.029,3.4419,2.4967,23.9932,,
206k_case,0,11432.038,3.4447,2.4967,23.888,,
206k_case,0,11442.029,3.4476,2.4967,23.7828,,
206k_case,0,11452.029,3.4505,2.4967,23.888,,
206k_case,0,11462.034,3.4534,2.4967,23.888,,
206k_case,0,11472.033,3.4562,2.4967,23.7828,,
206k_case,0,11482.036,3.4591,2.4967,23.7828,,
206k_case,0,11492.038,3.4621,2.4967,23.6775,,
206k_case,0,11502.035,3.4652,2.4967,23.7828,,
206k_case,0,11512.034,3.4682,2.4967,23.6775,,
206k_case,0,11522.033,3.4714,2.4967,23.6775,,
206k_case,0,11532.033,3.4746,2.4967,23.6775,,
206k_case,0,11542.039,3.478,2.4967,23.7828,,
206k_case,0,11552.034,3.4816,2.4967,23.7828,,
206k_case,0,11562.033,3.4854,2.4967,23.888,,
206k_case,0,11572.037,3.4893,2.4967,23.888,,
206k_case,0,11582.036,3.4934,2.4967,23.888,,
206k_case,0,11592.039,3.4976,2.4967,23.888,,
206k_case,0,11602.035,3.4998,2.4228,23.888,,
206k_case,0,11612.037,3.5,2.3309,23.888,,
206k_case,0,11622.037,3.5,2.2544,23.888,,
206k_case,0,11632.039,3.5,2.1856,23.7828,,
206k_case,0,11642.038,3.5,2.1244,23.888,,
206k_case,0,11652.035,3.5,2.0657,23.888,,
206k_case,0,11662.033,3.5,2.0096,23.7828,,
206k_case,0,11672.037,3.5,1.9561,23.9932,,
206k_case,0,11682.037,3.5,1.9051,23.888,,
206k_case,0,11692.034,3.5,1.8566,23.888,,
206k_case,0,11702.039,3.5,1.8107,23.9932,,
206k_case,0,11712.033,3.5,1.7648,23.9932,,
206k_case,0,11722.032,3.5,1.7214,23.888,,
206k_case,0,11732.037,3.5,1.6806,23.888,,
206k_case,0,11742.037,3.5,1.6424,23.9932,,
206k_case,0,11752.038,3.5,1.6041,23.9932,,
206k_case,0,11762.034,3.5,1.5684,23.9932,,
206k_case,0,11772.035,3.5,1.5353,23.9932,,
206k_case,0,11782.035,3.5,1.5021,23.888,,
206k_case,0,11792.033,3.5,1.4715,23.9932,,
206k_case,0,11802.034,3.5,1.4435,23.9932,,
206k_case,0,11812.034,3.4998,1.4129,23.9932,,
206k_case,0,11822.03,3.5,1.3873,23.888,,
206k_case,0,11832.033,3.4998,1.3618,23.888,,
206k_case,0,11842.034,3.5,1.3363,23.888,,
206k_case,0,11852.032,3.4998,1.3108,23.7828,,
206k_case,0,11862.036,3.5,1.2904,23.7828,,
206k_case,0,11872.036,3.4998,1.2675,23.888,,
206k_case,0,11882.037,3.4998,1.2471,23.888,,
206k_case,0,11892.03,3.5,1.2267,23.7828,,
206k_case,0,11902.03,3.4998,1.2063,23.9932,,
206k_case,0,11912.037,3.4998,1.1859,23.9932,,
206k_case,0,11922.035,3.4998,1.168,23.888,,
206k_case,0,11932.038,3.4998,1.1502,23.888,,
206k_case,0,11942.037,3.4998,1.1323,23.7828,,
206k_case,0,11952.033,3.4998,1.117,23.888,,
206k_case,0,11962.038,3.4998,1.0992,23.9932,,
206k_case,0,11972.037,3.4998,1.0839,23.9932,,
206k_case,0,11982.03,3.4998,1.0686,23.888,,
206k_case,0,11992.039,3.4998,1.0533,23.888,,
206k_case,0,12002.037,3.4998,1.0405,23.9932,,
206k_case,0,12012.035,3.4998,1.0252,23.888,,
206k_case,0,12022.038,3.4998,1.0125,23.888,,
206k_case,0,12032.031,3.4998,0.9997,23.888,,
206k_case,0,12042.03,3.4998,0.987,23.888,,
206k_case,0,12052.031,3.4998,0.9717,23.9932,,
206k_case,0,12062.035,3.4998,0.9615,23.888,,
206k_case,0,12072.035,3.4998,0.9487,23.7828,,
206k_case,0,12082.036,3.4998,0.9359,23.7828,,
206k_case,0,12092.033,3.4998,0.9257,23.888,,
206k_case,0,12102.04,3.4998,0.913,23.7828,,
206k_case,0,12112.033,3.4998,0.9028,23.888,,
206k_case,0,12122.029,3.4998,0.89,23.888,,
206k_case,0,12132.034,3.4998,0.8798,23.7828,,
206k_case,0,12142.033,3.4998,0.8696,23.7828,,
206k_case,0,12152.032,3.4998,0.8594,23.7828,,
206k_case,0,12162.033,3.4998,0.8492,23.7828,,
206k_case,0,12172.034,3.4998,0.839,23.888,,
206k_case,0,12182.039,3.4998,0.8288,23.888,,
206k_case,0,12192.034,3.4998,0.8186,23.9932,,
206k_case,0,12202.03,3.4998,0.8084,23.7828,,
206k_case,0,12212.036,3.4998,0.8008,23.888,,
206k_case,0,12222.032,3.4998,0.7906,23.7828,,
206k_case,0,12232.031,3.4998,0.7804,23.7828,,
206k_case,0,12242.038,3.4998,0.7727,23.7828,,
206k_case,0,12252.032,3.4998,0.7625,23.7828,,
206k_case,0,12262.033,3.4998,0.7549,23.7828,,
206k_case,0,12272.045,3.4998,0.7447,23.6775,,
206k_case,0,12282.035,3.4998,0.737,23.6775,,
206k_case,0,12292.035,3.4998,0.7294,23.6775,,
206k_case,0,12302.038,3.4998,0.7192,23.6775,,
206k_case,0,12312.033,3.4998,0.7115,23.6775,,
206k_case,0,12322.031,3.4998,0.7039,23.6775,,
206k_case,0,12332.034,3.4998,0.6962,23.7828,,
206k_case,0,12342.032,3.4998,0.686,23.6775,,
206k_case,0,12352.034,3.4998,0.6784,23.6775,,
206k_case,0,12362.034,3.4998,0.6707,23.7828,,
206k_case,0,12372.035,3.4998,0.6631,23.888,,
206k_case,0,12382.036,3.4998,0.658,23.7828,,
206k_case,0,12392.036,3.4998,0.6503,23.7828,,
206k_case,0,12402.038,3.4998,0.6427,23.7828,,
206k_case,0,12412.035,3.4998,0.635,23.7828,,
206k_case,0,12422.036,3.4998,0.6274,23.7828,,
206k_case,0,12432.037,3.4998,0.6223,23.7828,,
206k_case,0,12442.029,3.4998,0.6146,23.7828,,
206k_case,0,12452.033,3.4998,0.6095,23.6775,,
206k_case,0,12462.032,3.4998,0.6019,23.6775,,
206k_case,0,12472.035,3.4998,0.5942,23.6775,,
206k_case,0,12482.03,3.4998,0.5891,23.6775,,
206k_case,0,12492.04,3.4998,0.5815,23.7828,,
206k_case,0,12502.038,3.4998,0.5764,23.7828,,
206k_case,0,12512.032,3.4998,0.5713,23.7828,,
206k_case,0,12522.035,3.4998,0.5636,23.6775,,
206k_case,0,12532.039,3.4998,0.5585,23.7828,,
206k_case,0,12542.032,3.4998,0.5534,23.7828,,
206k_case,0,12552.033,3.4998,0.5483,23.7828,,
206k_case,0,12562.031,3.4998,0.5407,23.6775,,
206k_case,0,12572.035,3.4998,0.5356,23.6775,,
206k_case,0,12582.039,3.4998,0.5305,23.6775,,
206k_case,0,12592.032,3.4998,0.5254,23.7828,,
206k_case,0,12602.031,3.4998,0.5203,23.6775,,
206k_case,0,12612.029,3.4998,0.5152,23.6775,,
206k_case,0,12622.036,3.4998,0.5101,23.5723,,
206k_case,0,12632.032,3.4998,0.505,23.6775,,
206k_case,0,12642.035,3.4998,0.5024,23.6775,,
206k_case,0,12652.036,3.4998,0.4948,23.5723,,
206k_case,0,12662.032,3.4998,0.4922,23.5723,,
206k_case,0,12672.036,3.4998,0.4871,23.6775,,
206k_case,0,12682.038,3.4998,0.482,23.6775,,
206k_case,0,12692.032,3.4998,0.4795,23.6775,,
206k_case,0,12702.032,3.4998,0.4744,23.6775,,
206k_case,0,12712.031,3.4998,0.4693,23.5723,,
206k_case,0,12722.033,3.4998,0.4641,23.5723,,
206k_case,0,12732.031,3.4998,0.4616,23.6775,,
206k_case,0,12742.032,3.4998,0.4565,23.5723,,
206k_case,0,12752.034,3.4998,0.4539,23.6775,,
206k_case,0,12762.034,3.4998,0.4488,23.6775,,
206k_case,0,12772.04,3.4998,0.4437,23.6775,,
206k_case,0,12782.033,3.4998,0.4412,23.6775,,
206k_case,0,12792.036,3.4998,0.4386,23.6775,,
206k_case,0,12802.037,3.4998,0.4335,23.5723,,
206k_case,0,12812.036,3.4998,0.431,23.5723,,
206k_case,0,12822.034,3.4998,0.4259,23.5723,,
206k_case,0,12832.034,3.4998,0.4233,23.5723,,
206k_case,0,12842.033,3.4998,0.4182,23.5723,,
206k_case,0,12852.03,3.4998,0.4157,23.5723,,
206k_case,0,12862.036,3.4998,0.4106,23.6775,,
206k_case,0,12872.036,3.4998,0.408,23.5723,,
206k_case,0,12882.033,3.4998,0.4055,23.5723,,
206k_case,0,12892.029,3.4998,0.4029,23.5723,,
206k_case,0,12902.037,3.4998,0.4004,23.5723,,
206k_case,0,12912.038,3.4998,0.3953,23.5723,,
206k_case,0,12922.034,3.4998,0.3927,23.4671,,
206k_case,0,12932.033,3.4998,0.3902,23.5723,,
206k_case,0,12942.038,3.4998,0.3876,23.5723,,
206k_case,0,12952.034,3.4998,0.3825,23.5723,,
206k_case,0,12962.034,3.4998,0.38,23.5723,,
206k_case,0,12972.033,3.4998,0.3774,23.5723,,
206k_case,0,12982.033,3.4998,0.3749,23.6775,,
206k_case,0,12992.032,3.4998,0.3723,23.5723,,
206k_case,0,13002.032,3.4998,0.3698,23.4671,,
206k_case,0,13012.036,3.4998,0.3672,23.4671,,
206k_case,0,13022.039,3.4998,0.3647,23.5723,,
206k_case,0,13032.032,3.4998,0.3596,23.5723,,
206k_case,0,13042.032,3.4998,0.357,23.6775,,
206k_case,0,13052.036,3.4998,0.3545,23.5723,,
206k_case,0,13062.034,3.4998,0.3519,23.5723,,
206k_case,0,13072.033,3.4998,0.3494,23.5723,,
206k_case,0,13082.03,3.4998,0.3468,23.5723,,
206k_case,0,13092.032,3.4998,0.3443,23.4671,,
206k_case,0,13102.028,3.4998,0.3417,23.5723,,
206k_case,0,13112.037,3.4998,0.3392,23.4671,,
206k_case,0,13122.035,3.4998,0.3366,23.4671,,
206k_case,0,13132.034,3.4998,0.3341,23.5723,,
206k_case,0,13142.03,3.4998,0.3315,23.5723,,
206k_case,0,13152.032,3.4998,0.3315,23.5723,,
206k_case,0,13162.032,3.4998,0.329,23.5723,,
206k_case,0,13172.033,3.4998,0.3264,23.4671,,
206k_case,0,13182.031,3.4998,0.3239,23.4671,,
206k_case,0,13192.032,3.4998,0.3213,23.5723,,
206k_case,0,13202.03,3.4998,0.3188,23.5723,,
206k_case,0,13212.039,3.4998,0.3162,23.5723,,
206k_case,0,13222.034,3.4998,0.3137,23.5723,,
206k_case,0,13232.03,3.4998,0.3137,23.5723,,
206k_case,0,13242.036,3.4998,0.3111,23.6775,,
206k_case,0,13252.038,3.4998,0.3086,23.5723,,
206k_case,0,13262.037,3.4998,0.306,23.5723,,
206k_case,0,13272.032,3.4998,0.3035,23.5723,,
206k_case,0,13282.032,3.4998,0.3035,23.5723,,
206k_case,0,13292.031,3.4998,0.3009,23.5723,,
206k_case,0,13302.034,3.4998,0.2984,23.4671,,
206k_case,0,13312.043,3.4998,0.2958,23.5723,,
206k_case,0,13322.033,3.4998,0.2958,23.5723,,
206k_case,0,13332.035,3.4998,0.2933,23.5723,,
206k_case,0,13342.03,3.4998,0.2907,23.5723,,
206k_case,0,13352.036,3.4998,0.2907,23.5723,,
206k_case,0,13362.031,3.4998,0.2882,23.5723,,
206k_case,0,13372.032,3.4998,0.2856,23.5723,,
206k_case,0,13382.032,3.4998,0.2831,23.5723,,
206k_case,0,13392.036,3.4998,0.2805,23.4671,,
206k_case,0,13402.035,3.4998,0.2805,23.4671,,
206k_case,0,13412.03,3.4998,0.278,23.4671,,
206k_case,0,13422.041,3.4998,0.2754,23.5723,,
206k_case,0,13432.033,3.4998,0.2754,23.4671,,
206k_case,0,13442.035,3.4998,0.2729,23.4671,,
206k_case,0,13452.037,3.4998,0.2703,23.4671,,
206k_case,0,13462.035,3.4998,0.2703,23.4671,,
206k_case,0,13472.034,3.4998,0.2678,23.4671,,
206k_case,0,13482.038,3.4998,0.2652,23.4671,,
206k_case,0,13492.037,3.4998,0.2627,23.4671,,
206k_case,0,13502.033,3.4998,0.2627,23.4671,,
206k_case,0,13512.033,3.4998,0.2601,23.4671,,
206k_case,0,13522.032,3.4998,0.2601,23.4671,,
206k_case,0,13532.035,3.4998,0.2576,23.3618,,
206k_case,0,13542.037,3.4998,0.255,23.5723,,
206k_case,0,13552.038,3.4998,0.255,23.5723,,
206k_case,0,13562.032,3.4998,0.2525,23.5723,,
206k_case,0,13572.038,3.4998,0.2499,23.4671,,
206k_case,0,13582.035,3.4998,0.2499,23.5723,,
206k_case,0,13592.034,3.4998,0.2474,23.5723,,
206k_case,0,13602.039,3.4998,0.2474,23.5723,,
206k_case,0,13612.037,3.4998,0.2448,23.4671,,
206k_case,0,13622.03,3.4998,0.2423,23.5723,,
206k_case,0,13632.032,3.4998,0.2423,23.5723,,
206k_case,0,13642.034,3.4998,0.2397,23.4671,,
206k_case,0,13652.032,3.4998,0.2397,23.4671,,
206k_case,0,13662.032,3.4998,0.2372,23.5723,,
206k_case,0,13672.032,3.4998,0.2346,23.5723,,
206k_case,0,13682.034,3.4998,0.2346,23.4671,,
206k_case,0,13692.038,3.4998,0.2321,23.4671,,
206k_case,0,13702.038,3.4998,0.2321,23.3618,,
206k_case,0,13712.043,3.4998,0.2295,23.4671,,
206k_case,0,13722.037,3.4998,0.2295,23.4671,,
206k_case,0,13732.031,3.4998,0.227,23.4671,,
206k_case,0,13742.038,3.4998,0.2244,23.3618,,
206k_case,0,13752.03,3.4998,0.2244,23.3618,,
206k_case,0,13762.03,3.4998,0.2219,23.4671,,
206k_case,0,13772.029,3.4998,0.2219,23.4671,,
206k_case,0,13782.044,3.4998,0.2193,23.4671,,
206k_case,0,13792.033,3.4998,0.2193,23.4671,,
206k_case,0,13802.038,3.4998,0.2168,23.4671,,
206k_case,0,13812.036,3.4998,0.2142,23.4671,,
206k_case,0,13822.037,3.4998,0.2142,23.4671,,
206k_case,0,13832.032,3.4998,0.2117,23.5723,,
206k_case,0,13842.037,3.4998,0.2117,23.4671,,
206k_case,0,13852.034,3.4998,0.2117,23.4671,,
206k_case,0,13862.037,3.4998,0.2091,23.4671,,
206k_case,0,13872.032,3.4998,0.2066,23.5723,,
206k_case,0,13882.03,3.4998,0.2066,23.4671,,
206k_case,0,13892.038,3.4998,0.204,23.4671,,
206k_case,0,13902.036,3.4998,0.204,23.5723,,
206k_case,0,13912.037,3.4998,0.2015,23.4671,,
206k_case,0,13922.039,3.4998,0.2015,23.5723,,
206k_case,0,13932.036,3.4998,0.2015,23.4671,,
206k_case,0,13942.031,3.4998,0.1989,23.4671,,
206k_case,0,13952.04,3.4998,0.1964,23.4671,,
206k_case,0,13962.034,3.4998,0.1964,23.4671,,
206k_case,0,13972.032,3.4998,0.1964,23.4671,,
206k_case,0,13982.03,3.4998,0.1938,23.5723,,
206k_case,0,13992.033,3.4998,0.1938,23.5723,,
206k_case,0,14002.03,3.4998,0.1913,23.4671,,
206k_case,0,14012.033,3.4998,0.1913,23.4671,,
206k_case,0,14022.034,3.4998,0.1887,23.5723,,
206k_case,0,14032.037,3.4998,0.1887,23.5723,,
206k_case,0,14042.033,3.4998,0.1887,23.5723,,
206k_case,0,14052.035,3.4998,0.1862,23.5723,,
206k_case,0,14062.029,3.4998,0.1836,23.5723,,
206k_case,0,14072.038,3.4998,0.1836,23.5723,,
206k_case,0,14082.035,3.4998,0.1836,23.5723,,
206k_case,0,14092.036,3.4998,0.1811,23.5723,,
206k_case,0,14102.034,3.4998,0.1811,23.5723,,
206k_case,0,14112.032,3.4998,0.1785,23.6775,,
206k_case,0,14122.029,3.4998,0.1785,23.4671,,
206k_case,0,14132.037,3.4998,0.1785,23.6775,,
206k_case,0,14142.04,3.4998,0.176,23.5723,,
206k_case,0,14152.031,3.4998,0.176,23.6775,,
206k_case,0,14162.036,3.4998,0.1734,23.5723,,
206k_case,0,14172.036,3.4998,0.1709,23.5723,,
206k_case,0,14182.037,3.4998,0.1709,23.5723,,
206k_case,0,14192.037,3.4998,0.1709,23.5723,,
206k_case,0,14202.035,3.4998,0.1683,23.5723,,
206k_case,0,14212.034,3.4998,0.1683,23.5723,,
206k_case,0,14222.032,3.4998,0.1658,23.4671,,
206k_case,0,14232.039,3.4998,0.1658,23.4671,,
206k_case,0,14242.037,3.4998,0.1658,23.4671,,
206k_case,0,14252.032,3.4998,0.1632,23.4671,,
206k_case,0,14262.031,3.4998,0.1632,23.5723,,
206k_case,0,14272.032,3.4998,0.1607,23.5723,,
206k_case,0,14282.033,3.4998,0.1607,23.5723,,
206k_case,0,14292.032,3.4998,0.1607,23.5723,,
206k_case,0,14302.035,3.4998,0.1581,23.4671,,
206k_case,0,14312.032,3.4998,0.1581,23.5723,,
206k_case,0,14322.042,3.4998,0.1556,23.5723,,
206k_case,0,14332.031,3.4998,0.1556,23.4671,,
206k_case,0,14342.029,3.4998,0.1556,23.4671,,
206k_case,0,14352.035,3.4998,0.153,23.4671,,
206k_case,0,14362.037,3.4998,0.153,23.4671,,
206k_case,0,14372.043,3.4998,0.1505,23.4671,,
206k_case,0,14382.038,3.4998,0.1505,23.4671,,
206k_case,0,14392.033,3.4998,0.1505,23.4671,,
206k_case,0,14402.031,3.4998,0.1479,23.4671,,
206k_case,0,14412.042,3.4998,0.1479,23.4671,,
206k_case,0,14422.031,3.4998,0.1454,23.4671,,
206k_case,0,14432.034,3.4998,0.1454,23.4671,,
206k_case,0,14442.034,3.4998,0.1454,23.4671,,
206k_case,0,14452.032,3.4998,0.1428,23.4671,,
206k_case,0,14462.033,3.4998,0.1428,23.4671,,
206k_case,0,14472.034,3.4998,0.1403,23.4671,,
206k_case,0,14482.036,3.4998,0.1403,23.4671,,
206k_case,0,14492.033,3.4998,0.1403,23.4671,,
206k_case,0,14502.037,3.4998,0.1377,23.4671,,
206k_case,0,14512.034,3.4998,0.1377,23.4671,,
206k_case,0,14522.037,3.4998,0.1377,23.4671,,
206k_case,0,14532.032,3.4998,0.1352,23.4671,,
206k_case,0,14542.033,3.4998,0.1352,23.5723,,
206k_case,0,14552.033,3.4998,0.1352,23.5723,,
206k_case,0,14562.041,3.4998,0.1326,23.5723,,
206k_case,0,14572.031,3.4998,0.1326,23.4671,,
206k_case,0,14582.031,3.4998,0.1326,23.5723,,
206k_case,0,14592.034,3.4998,0.1301,23.5723,,
206k_case,0,14602.038,3.4998,0.1301,23.4671,,
206k_case,0,14612.037,3.4998,0.1301,23.4671,,
206k_case,0,14622.032,3.4998,0.1275,23.4671,,
206k_case,0,14632.035,3.4998,0.1275,23.4671,,
206k_case,0,14642.032,3.4998,0.125,23.4671,,
206k_case,0,14652.032,3.4998,0.125,23.4671,,
206k_case,0,14662.035,3.4998,0.125,23.4671,,
206k_case,0,14672.03,3.4998,0.1224,23.4671,,
206k_case,0,14682.031,3.4998,0.1224,23.5723,,
206k_case,0,14692.03,3.4998,0.1224,23.5723,,
206k_case,0,14702.038,3.4998,0.1199,23.5723,,
206k_case,0,14712.041,3.4998,0.1199,23.5723,,
206k_case,0,14722.03,3.4998,0.1199,23.5723,,
206k_case,0,14732.036,3.4998,0.1173,23.5723,,
206k_case,0,14742.03,3.4998,0.1173,23.4671,,
206k_case,0,14752.041,3.4998,0.1173,23.4671,,
206k_case,0,14762.033,3.4998,0.1173,23.4671,,
206k_case,0,14772.033,3.4998,0.1148,23.3618,,
206k_case,0,14782.036,3.4998,0.1148,23.3618,,
206k_case,0,14792.037,3.4998,0.1148,23.4671,,
206k_case,0,14802.035,3.4998,0.1122,23.3618,,
206k_case,0,14812.038,3.4998,0.1122,23.4671,,
206k_case,0,14822.034,3.4998,0.1122,23.4671,,
206k_case,0,14832.041,3.4998,0.1097,23.4671,,
206k_case,0,14842.037,3.4998,0.1097,23.4671,,
206k_case,0,14852.034,3.4998,0.1097,23.4671,,
206k_case,0,14862.031,3.4998,0.1071,23.4671,,
206k_case,0,14872.033,3.4998,0.1071,23.4671,,
206k_case,0,14882.033,3.4998,0.1071,23.5723,,
206k_case,0,14892.035,3.4998,0.1071,23.3618,,
206k_case,0,14902.033,3.4998,0.1046,23.4671,,
206k_case,0,14912.037,3.4998,0.1046,23.4671,,
206k_case,0,14922.033,3.4998,0.1046,23.4671,,
206k_case,0,14932.036,3.4998,0.1046,23.4671,,
206k_case,0,14942.04,3.4998,0.102,23.3618,,
206k_case,0,14952.031,3.4998,0.102,23.3618,,
206k_case,0,14962.033,3.4998,0.102,23.3618,,
206k_case,0,14972.039,3.4998,0.0995,23.3618,,
206k_case,0,14982.036,3.4998,0.0995,23.3618,,
206k_case,0,14992.035,3.4998,0.0995,23.4671,,
206k_case,0,15002.036,3.4998,0.0969,23.3618,,
206k_case,0,15012.03,3.4998,0.0969,23.3618,,
206k_case,0,15022.034,3.4998,0.0969,23.4671,,
206k_case,0,15032.032,3.4998,0.0969,23.2566,,
206k_case,0,15042.03,3.4998,0.0944,23.3618,,
206k_case,0,15052.03,3.4998,0.0944,23.3618,,
206k_case,0,15062.044,3.4998,0.0944,23.3618,,
206k_case,0,15072.035,3.4998,0.0944,23.2566,,
206k_case,0,15082.039,3.4998,0.0918,23.3618,,
206k_case,0,15092.031,3.4998,0.0918,23.4671,,
206k_case,0,15102.03,3.4998,0.0918,23.4671,,
206k_case,0,15112.034,3.4998,0.0918,23.3618,,
206k_case,0,15122.028,3.4998,0.0893,23.4671,,
206k_case,0,15132.034,3.4998,0.0893,23.4671,,
206k_case,0,15142.031,3.4998,0.0893,23.4671,,
206k_case,0,15152.035,3.4998,0.0867,23.4671,,
206k_case,0,15162.037,3.4998,0.0867,23.4671,,
206k_case,0,15172.032,3.4998,0.0867,23.3618,,
206k_case,0,15182.029,3.4998,0.0867,23.3618,,
206k_case,0,15192.033,3.4998,0.0842,23.3618,,
206k_case,0,15202.037,3.4998,0.0842,23.4671,,
206k_case,0,15212.033,3.4998,0.0842,23.3618,,
206k_case,0,15222.034,3.4998,0.0842,23.4671,,
206k_case,0,15232.032,3.4998,0.0842,23.4671,,
206k_case,0,15242.037,3.4998,0.0816,23.3618,,
206k_case,0,15252.034,3.4998,0.0816,23.3618,,
206k_case,0,15262.036,3.4998,0.0816,23.2566,,
206k_case,0,15272.037,3.4998,0.0816,23.3618,,
206k_case,0,15282.038,3.4998,0.0791,23.3618,,
206k_case,0,15292.035,3.4998,0.0791,23.3618,,
206k_case,0,15302.032,3.4998,0.0791,23.3618,,
206k_case,0,15312.037,3.4998,0.0791,23.3618,,
206k_case,0,15322.038,3.4998,0.0791,23.3618,,
206k_case,0,15332.035,3.4998,0.0765,23.4671,,
206k_case,0,15342.03,3.4998,0.0765,23.3618,,
206k_case,0,15352.034,3.4998,0.0765,23.3618,,
206k_case,0,15362.035,3.4998,0.0765,23.4671,,
206k_case,0,15372.035,3.4998,0.0765,23.3618,,
206k_case,0,15382.031,3.4998,0.074,23.4671,,
206k_case,0,15392.035,3.4998,0.074,23.5723,,
206k_case,0,15402.035,3.4998,0.074,23.4671,,
206k_case,0,15412.031,3.4998,0.074,23.4671,,
206k_case,0,15422.036,3.4998,0.074,23.4671,,
206k_case,0,15432.035,3.4998,0.0714,23.4671,,
206k_case,0,15442.039,3.4998,0.0714,23.4671,,
206k_case,0,15452.031,3.4998,0.0714,23.3618,,
206k_case,0,15462.033,3.4998,0.0714,23.4671,,
206k_case,0,15472.037,3.4998,0.0714,23.3618,,
206k_case,0,15482.032,3.4998,0.0689,23.3618,,
206k_case,0,15492.032,3.4998,0.0689,23.3618,,
206k_case,0,15502.031,3.4998,0.0689,23.4671,,
206k_case,0,15512.033,3.4998,0.0689,23.4671,,
206k_case,0,15522.041,3.4998,0.0689,23.4671,,
206k_case,0,15532.033,3.4998,0.0689,23.4671,,
206k_case,0,15542.031,3.4998,0.0663,23.5723,,
206k_case,0,15552.032,3.4998,0.0663,23.4671,,
206k_case,0,15562.037,3.4998,0.0663,23.4671,,
206k_case,0,15572.036,3.4998,0.0663,23.4671,,
206k_case,0,15582.038,3.4998,0.0663,23.3618,,
206k_case,0,15592.03,3.4998,0.0638,23.3618,,
206k_case,0,15602.03,3.4998,0.0638,23.4671,,
206k_case,0,15612.031,3.4998,0.0638,23.4671,,
206k_case,0,15622.033,3.4998,0.0638,23.4671,,
206k_case,0,15632.038,3.4998,0.0638,23.4671,,
206k_case,0,15642.037,3.4998,0.0612,23.4671,,
206k_case,0,15652.032,3.4998,0.0612,23.4671,,
206k_case,0,15662.04,3.4998,0.0612,23.4671,,
206k_case,0,15672.03,3.4998,0.0612,23.4671,,
206k_case,0,15682.038,3.4998,0.0612,23.4671,,
206k_case,0,15692.036,3.4998,0.0612,23.4671,,
206k_case,0,15702.036,3.4998,0.0587,23.3618,,
206k_case,0,15712.036,3.4998,0.0587,23.4671,,
206k_case,0,15722.035,3.4998,0.0587,23.4671,,
206k_case,0,15732.038,3.4998,0.0587,23.5723,,
206k_case,0,15742.034,3.4998,0.0587,23.3618,,
206k_case,0,15752.031,3.4998,0.0587,23.4671,,
206k_case,0,15762.032,3.4998,0.0587,23.3618,,
206k_case,0,15772.038,3.4998,0.0587,23.4671,,
206k_case,0,15782.036,3.4998,0.0561,23.4671,,
206k_case,0,15792.034,3.4998,0.0561,23.4671,,
206k_case,0,15802.032,3.4998,0.0561,23.4671,,
206k_case,0,15812.042,3.4998,0.0561,23.3618,,
206k_case,0,15822.032,3.4998,0.0561,23.3618,,
206k_case,0,15832.035,3.4998,0.0561,23.3618,,
206k_case,0,15842.034,3.4998,0.0536,23.3618,,
206k_case,0,15852.03,3.4998,0.0561,23.3618,,
206k_case,0,15862.044,3.4998,0.0536,23.3618,,
206k_case,0,15872.033,3.4998,0.0536,23.3618,,
206k_case,0,15882.032,3.4998,0.0536,23.4671,,
206k_case,0,15892.036,3.4998,0.0536,23.3618,,
206k_case,0,15902.031,3.4998,0.0536,23.3618,,
206k_case,0,15912.036,3.4998,0.0536,23.3618,,
206k_case,0,15922.036,3.4998,0.0536,23.3618,,
206k_case,0,15932.034,3.4998,0.051,23.3618,,
206k_case,0,15935.292,3.4998,0.051,23.3618,,
206k_case,0,15945.304,3.4952,0.0,23.3618,,
206k_case,0,15955.302,3.4929,0.0,23.3618,,
206k_case,0,15965.3,3.4907,0.0,23.2566,,
206k_case,0,15975.307,3.4888,0.0,23.3618,,
206k_case,0,15985.298,3.4871,0.0,23.3618,,
206k_case,0,15995.3,3.4856,0.0,23.3618,,
206k_case,0,16005.303,3.4841,0.0,23.3618,,
206k_case,0,16015.304,3.4826,0.0,23.3618,,
206k_case,0,16025.301,3.4812,0.0,23.2566,,
206k_case,0,16035.301,3.48,0.0,23.2566,,
206k_case,0,16045.301,3.4789,0.0,23.3618,,
206k_case,0,16055.304,3.4777,0.0,23.3618,,
206k_case,0,16065.303,3.4765,0.0,23.3618,,
206k_case,0,16075.307,3.4755,0.0,23.4671,,
206k_case,0,16085.304,3.4745,0.0,23.5723,,
206k_case,0,16095.305,3.4735,0.0,23.3618,,
206k_case,0,16105.3,3.4726,0.0,23.4671,,
206k_case,0,16115.302,3.4716,0.0,23.3618,,
206k_case,0,16125.301,3.4708,0.0,23.3618,,
206k_case,0,16135.299,3.4699,0.0,23.3618,,
206k_case,0,16145.302,3.4691,0.0,23.3618,,
206k_case,0,16155.299,3.4682,0.0,23.3618,,
206k_case,0,16165.307,3.4674,0.0,23.4671,,
206k_case,0,16175.304,3.4667,0.0,23.3618,,
206k_case,0,16185.301,3.466,0.0,23.4671,,
206k_case,0,16195.303,3.4652,0.0,23.3618,,
206k_case,0,16205.305,3.4645,0.0,23.3618,,
206k_case,0,16215.3,3.4638,0.0,23.4671,,
206k_case,0,16225.299,3.4633,0.0,23.3618,,
206k_case,0,16235.306,3.4626,0.0,23.6775,,
206k_case,0,16245.305,3.462,0.0,23.4671,,
206k_case,0,16255.302,3.4613,0.0,23.4671,,
206k_case,0,16265.3,3.4608,0.0,23.2566,,
206k_case,0,16275.305,3.4601,0.0,23.3618,,
206k_case,0,16285.301,3.4596,0.0,23.3618,,
206k_case,0,16295.302,3.4591,0.0,23.3618,,
206k_case,0,16305.312,3.4586,0.0,23.3618,,
206k_case,0,16315.298,3.4581,0.0,23.2566,,
206k_case,0,16325.303,3.4574,0.0,23.3618,,
206k_case,0,16335.298,3.4569,0.0,23.3618,,
206k_case,0,16345.302,3.4566,0.0,23.2566,,
206k_case,0,16355.302,3.4561,0.0,23.3618,,
206k_case,0,16365.302,3.4556,0.0,23.3618,,
206k_case,0,16375.305,3.4551,0.0,23.3618,,
206k_case,0,16385.303,3.4545,0.0,23.2566,,
206k_case,0,16395.298,3.4542,0.0,23.2566,,
206k_case,0,16405.299,3.4537,0.0,23.3618,,
206k_case,0,16415.299,3.4534,0.0,23.4671,,
206k_case,0,16425.306,3.4529,0.0,23.2566,,
206k_case,0,16435.306,3.4525,0.0,23.3618,,
206k_case,0,16445.306,3.452,0.0,23.3618,,
206k_case,0,16455.301,3.4517,0.0,23.3618,,
206k_case,0,16465.3,3.4513,0.0,23.3618,,
206k_case,0,16475.299,3.451,0.0,23.3618,,
206k_case,0,16485.304,3.4505,0.0,23.3618,,
206k_case,0,16495.304,3.4502,0.0,23.3618,,
206k_case,0,16505.305,3.4498,0.0,23.4671,,
206k_case,0,16515.302,3.4495,0.0,23.3618,,
206k_case,0,16525.302,3.4491,0.0,23.3618,,
206k_case,0,16535.307,3.4488,0.0,23.5723,,
206k_case,0,16545.303,3.4485,0.0,23.3618,,
206k_case,0,16555.307,3.4481,0.0,23.3618,,
206k_case,0,16565.299,3.4478,0.0,23.3618,,
206k_case,0,16575.306,3.4475,0.0,23.3618,,
206k_case,0,16585.299,3.4473,0.0,23.4671,,
206k_case,0,16595.307,3.4469,0.0,23.4671,,
206k_case,0,16605.3,3.4466,0.0,23.4671,,
206k_case,0,16615.3,3.4463,0.0,23.4671,,
206k_case,0,16625.298,3.4459,0.0,23.4671,,
206k_case,0,16635.3,3.4458,0.0,23.3618,,
206k_case,0,16645.304,3.4454,0.0,23.3618,,
206k_case,0,16655.307,3.4451,0.0,23.3618,,
206k_case,0,16665.299,3.4449,0.0,23.3618,,
206k_case,0,16675.305,3.4446,0.0,23.2566,,
206k_case,0,16685.304,3.4444,0.0,23.3618,,
206k_case,0,16695.3,3.4441,0.0,23.3618,,
206k_case,0,16705.306,3.4439,0.0,23.2566,,
206k_case,0,16715.299,3.4436,0.0,23.4671,,
206k_case,0,16725.298,3.4434,0.0,23.4671,,
206k_case,0,16735.306,3.4431,0.0,23.2566,,
206k_case,0,16745.299,3.4429,0.0,23.2566,,
206k_case,0,16755.299,3.4426,0.0,23.3618,,
206k_case,0,16765.299,3.4424,0.0,23.4671,,
206k_case,0,16775.304,3.4422,0.0,23.4671,,
206k_case,0,16785.303,3.4419,0.0,23.4671,,
206k_case,0,16795.303,3.4417,0.0,23.4671,,
206k_case,0,16805.304,3.4415,0.0,23.2566,,
206k_case,0,16815.301,3.4412,0.0,23.2566,,
206k_case,0,16825.302,3.441,0.0,23.3618,,
206k_case,0,16835.301,3.4409,0.0,23.3618,,
206k_case,0,16835.31,3.4409,0.0,23.3618,,
206k_case,0,58920.322,2.5528,0.0,23.5723,,
206k_case,0,58930.328,2.5617,0.0,23.5723,,
206k_case,0,58940.326,2.5693,0.0,23.4671,,
206k_case,0,58950.325,2.5759,0.0,23.5723,,
206k_case,0,58960.328,2.582,0.0,23.5723,,
206k_case,0,58970.318,2.5876,0.0,23.4671,,
206k_case,0,58970.329,2.5876,0.0,23.4671,,
206k_case,0,58980.338,2.7884,2.4967,23.5723,,
206k_case,0,58990.343,2.8692,2.4967,23.5723,,
206k_case,0,59000.337,2.9307,2.4967,23.5723,,
206k_case,0,59010.334,2.9807,2.4967,23.5723,,
206k_case,0,59020.336,3.0234,2.4967,23.5723,,
206k_case,0,59030.342,3.0606,2.4967,23.5723,,
206k_case,0,59040.335,3.0938,2.4967,23.5723,,
206k_case,0,59050.34,3.1241,2.4967,23.5723,,
206k_case,0,59060.335,3.1514,2.4967,23.5723,,
206k_case,0,59070.338,3.1762,2.4967,23.4671,,
206k_case,0,59080.338,3.1989,2.4967,23.5723,,
206k_case,0,59090.344,3.2196,2.4967,23.4671,,
206k_case,0,59100.343,3.2384,2.4967,23.4671,,
206k_case,0,59110.338,3.2553,2.4967,23.4671,,
206k_case,0,59120.341,3.2705,2.4967,23.4671,,
206k_case,0,59130.34,3.2838,2.4967,23.6775,,
206k_case,0,59140.343,3.295,2.4967,23.5723,,
206k_case,0,59150.347,3.3037,2.4967,23.5723,,
206k_case,0,59160.339,3.3102,2.4967,23.4671,,
206k_case,0,59170.339,3.3151,2.4967,23.5723,,
206k_case,0,59180.346,3.3191,2.4967,23.5723,,
206k_case,0,59190.337,3.3223,2.4967,23.5723,,
206k_case,0,59200.341,3.3254,2.4967,23.5723,,
206k_case,0,59210.345,3.3282,2.4967,23.4671,,
206k_case,0,59220.336,3.3309,2.4967,23.5723,,
206k_case,0,59230.338,3.3336,2.4967,23.5723,,
206k_case,0,59240.342,3.3363,2.4967,23.5723,,
206k_case,0,59250.338,3.339,2.4967,23.5723,,
206k_case,0,59260.341,3.3417,2.4967,23.5723,,
206k_case,0,59270.343,3.3443,2.4967,23.5723,,
206k_case,0,59280.34,3.347,2.4967,23.6775,,
206k_case,0,59290.343,3.3497,2.4967,23.5723,,
206k_case,0,59300.339,3.3524,2.4967,23.5723,,
206k_case,0,59310.34,3.3551,2.4967,23.5723,,
206k_case,0,59320.338,3.3576,2.4967,23.5723,,
206k_case,0,59330.34,3.3603,2.4967,23.4671,,
206k_case,0,59340.335,3.363,2.4967,23.5723,,
206k_case,0,59350.34,3.3657,2.4967,23.5723,,
206k_case,0,59360.338,3.3684,2.4967,23.6775,,
206k_case,0,59370.34,3.371,2.4967,23.4671,,
206k_case,0,59380.344,3.3737,2.4967,23.5723,,
206k_case,0,59390.347,3.3764,2.4967,23.6775,,
206k_case,0,59400.343,3.3789,2.4967,23.5723,,
206k_case,0,59410.343,3.3814,2.4967,23.5723,,
206k_case,0,59420.341,3.384,2.4967,23.7828,,
206k_case,0,59430.339,3.3867,2.4967,23.6775,,
206k_case,0,59440.339,3.3892,2.4967,23.6775,,
206k_case,0,59450.341,3.3917,2.4967,23.6775,,
206k_case,0,59460.339,3.3943,2.4967,23.5723,,
206k_case,0,59470.341,3.3966,2.4967,23.6775,,
206k_case,0,59480.343,3.3992,2.4967,23.6775,,
206k_case,0,59490.342,3.4017,2.4967,23.6775,,
206k_case,0,59500.344,3.4042,2.4967,23.6775,,
206k_case,0,59510.344,3.4068,2.4967,23.6775,,
206k_case,0,59520.336,3.4091,2.4967,23.5723,,
206k_case,0,59530.344,3.4117,2.4967,23.6775,,
206k_case,0,59540.34,3.414,2.4967,23.5723,,
206k_case,0,59550.338,3.4165,2.4967,23.5723,,
206k_case,0,59560.344,3.4189,2.4967,23.5723,,
206k_case,0,59570.338,3.4214,2.4967,23.6775,,
206k_case,0,59580.339,3.4238,2.4967,23.6775,,
206k_case,0,59590.342,3.4263,2.4967,23.5723,,
206k_case,0,59600.339,3.4289,2.4967,23.7828,,
206k_case,0,59610.343,3.4312,2.4967,23.6775,,
206k_case,0,59620.334,3.4338,2.4967,23.6775,,
206k_case,0,59630.344,3.4363,2.4967,23.7828,,
206k_case,0,59640.341,3.4388,2.4967,23.6775,,
206k_case,0,59650.34,3.4414,2.4967,23.7828,,
206k_case,0,59660.341,3.4441,2.4967,23.7828,,
206k_case,0,59670.334,3.4466,2.4967,23.7828,,
206k_case,0,59680.338,3.4493,2.4967,23.7828,,
206k_case,0,59690.342,3.452,2.4967,23.7828,,
206k_case,0,59700.339,3.4547,2.4967,23.888,,
206k_case,0,59710.339,3.4576,2.4967,23.6775,,
206k_case,0,59720.343,3.4605,2.4967,23.7828,,
206k_case,0,59730.335,3.4635,2.4967,23.888,,
206k_case,0,59740.337,3.4664,2.4967,23.888,,
206k_case,0,59750.336,3.4696,2.4967,23.7828,,
206k_case,0,59760.342,3.4726,2.4967,23.888,,
206k_case,0,59770.336,3.4758,2.4967,23.888,,
206k_case,0,59780.346,3.4792,2.4967,23.888,,
206k_case,0,59790.334,3.4826,2.4967,23.888,,
206k_case,0,59800.342,3.4861,2.4967,23.888,,
206k_case,0,59810.337,3.4898,2.4967,23.9932,,
206k_case,0,59820.346,3.4934,2.4967,23.888,,
206k_case,0,59830.342,3.4973,2.4967,23.888,,
206k_case,0,59840.341,3.5,2.4508,23.888,,
206k_case,0,59850.336,3.5,2.3692,23.7828,,
206k_case,0,59860.339,3.5,2.3029,23.7828,,
206k_case,0,59870.34,3.5,2.2468,23.888,,
206k_case,0,59880.34,3.5,2.1958,23.7828,,
206k_case,0,59890.337,3.5,2.1448,23.7828,,
206k_case,0,59900.341,3.5,2.0989,23.888,,
206k_case,0,59910.337,3.5,2.0555,23.888,,
206k_case,0,59920.351,3.5,2.0122,23.888,,
206k_case,0,59930.342,3.5,1.9714,23.888,,
206k_case,0,59940.338,3.5,1.9331,23.888,,
206k_case,0,59950.335,3.5,1.8949,23.888,,
206k_case,0,59960.34,3.5,1.8591,23.9932,,
206k_case,0,59970.338,3.5,1.8234,23.9932,,
206k_case,0,59980.342,3.5,1.7903,23.9932,,
206k_case,0,59990.335,3.5,1.7571,23.888,,
206k_case,0,60000.335,3.5,1.7265,23.888,,
206k_case,0,60010.338,3.5,1.6959,23.9932,,
206k_case,0,60020.342,3.4998,1.6653,23.888,,
206k_case,0,60030.341,3.5,1.6398,23.9932,,
206k_case,0,60040.342,3.4998,1.6118,23.9932,,
206k_case,0,60050.344,3.4998,1.5863,23.9932,,
206k_case,0,60060.336,3.4998,1.5608,23.9932,,
206k_case,0,60070.343,3.4998,1.5353,23.9932,,
206k_case,0,60080.335,3.4998,1.5123,23.9932,,
206k_case,0,60090.343,3.4998,1.4919,23.9932,,
206k_case,0,60100.347,3.4998,1.469,23.9932,,
206k_case,0,60110.335,3.4998,1.446,24.0985,,
206k_case,0,60120.343,3.4998,1.4282,23.9932,,
206k_case,0,60130.338,3.4998,1.4078,23.9932,,
206k_case,0,60140.337,3.4998,1.3848,23.9932,,
206k_case,0,60150.339,3.4998,1.3695,23.9932,,
206k_case,0,60160.34,3.4998,1.3491,23.9932,,
206k_case,0,60170.335,3.4998,1.3312,23.9932,,
206k_case,0,60180.336,3.4998,1.3159,23.9932,,
206k_case,0,60190.342,3.4998,1.2981,23.9932,,
206k_case,0,60200.335,3.4998,1.2802,23.888,,
206k_case,0,60210.343,3.4998,1.2649,23.9932,,
206k_case,0,60220.338,3.4998,1.2496,23.888,,
206k_case,0,60230.341,3.4998,1.2343,23.888,,
206k_case,0,60240.336,3.4998,1.219,23.888,,
206k_case,0,60250.335,3.4998,1.2037,23.888,,
206k_case,0,60260.336,3.4998,1.191,23.888,,
206k_case,0,60270.338,3.4998,1.1757,23.888,,
206k_case,0,60280.336,3.4998,1.1629,23.888,,
206k_case,0,60290.343,3.4998,1.1502,23.888,,
206k_case,0,60300.339,3.4998,1.1374,23.888,,
206k_case,0,60310.34,3.4998,1.1247,23.888,,
206k_case,0,60320.337,3.4998,1.1119,23.888,,
206k_case,0,60330.337,3.4998,1.0992,23.888,,
206k_case,0,60340.336,3.4998,1.089,23.888,,
206k_case,0,60350.336,3.4998,1.0762,23.888,,
206k_case,0,60360.336,3.4998,1.066,23.888,,
206k_case,0,60370.339,3.4998,1.0533,23.888,,
206k_case,0,60380.339,3.4998,1.0431,23.9932,,
206k_case,0,60390.338,3.4998,1.0329,23.888,,
206k_case,0,60400.342,3.4998,1.0201,23.888,,
206k_case,0,60410.336,3.4998,1.0099,23.7828,,
206k_case,0,60420.343,3.4998,0.9997,23.7828,,
206k_case,0,60430.342,3.4998,0.9895,23.6775,,
206k_case,0,60440.341,3.4998,0.9793,23.7828,,
206k_case,0,60450.338,3.4998,0.9691,23.7828,,
206k_case,0,60460.339,3.4998,0.9589,23.7828,,
206k_case,0,60470.338,3.4998,0.9513,23.7828,,
206k_case,0,60480.341,3.4998,0.9411,23.6775,,
206k_case,0,60490.34,3.4998,0.9308,23.7828,,
206k_case,0,60500.339,3.4998,0.9232,23.6775,,
206k_case,0,60510.339,3.4998,0.913,23.6775,,
206k_case,0,60520.339,3.4998,0.9053,23.6775,,
206k_case,0,60530.336,3.4998,0.8951,23.6775,,
206k_case,0,60540.337,3.4998,0.8849,23.7828,,
206k_case,0,60550.341,3.4998,0.8773,23.6775,,
206k_case,0,60560.337,3.4998,0.8696,23.5723,,
206k_case,0,60570.339,3.4998,0.8594,23.6775,,
206k_case,0,60580.342,3.4998,0.8518,23.6775,,
206k_case,0,60590.335,3.4998,0.8441,23.6775,,
206k_case,0,60600.34,3.4998,0.8365,23.6775,,
206k_case,0,60610.345,3.4998,0.8288,23.7828,,
206k_case,0,60620.343,3.4998,0.8212,23.888,,
206k_case,0,60630.339,3.4998,0.8135,23.7828,,
206k_case,0,60640.335,3.4998,0.8059,23.7828,,
206k_case,0,60650.343,3.4998,0.7982,23.7828,,
206k_case,0,60660.339,3.4998,0.7906,23.888,,
206k_case,0,60670.342,3.4998,0.7829,23.7828,,
206k_case,0,60680.339,3.4998,0.7753,23.888,,
206k_case,0,60690.338,3.4998,0.7676,23.888,,
206k_case,0,60700.337,3.4998,0.76,23.7828,,
206k_case,0,60710.34,3.4998,0.7549,23.888,,
206k_case,0,60720.339,3.4998,0.7472,23.7828,,
206k_case,0,60730.34,3.4998,0.7396,23.7828,,
206k_case,0,60740.34,3.4998,0.7345,23.7828,,
206k_case,0,60750.342,3.4998,0.7268,23.7828,,
206k_case,0,60760.339,3.4998,0.7192,23.7828,,
206k_case,0,60770.339,3.4998,0.7141,23.6775,,
206k_case,0,60780.344,3.4998,0.7064,23.888,,
206k_case,0,60790.342,3.4998,0.7013,23.7828,,
206k_case,0,60800.342,3.4998,0.6937,23.6775,,
206k_case,0,60810.343,3.4998,0.6886,23.7828,,
206k_case,0,60820.342,3.4998,0.6809,23.7828,,
206k_case,0,60830.343,3.4998,0.6758,23.7828,,
206k_case,0,60840.335,3.4998,0.6682,23.888,,
206k_case,0,60850.349,3.4998,0.6631,23.7828,,
206k_case,0,60860.338,3.4998,0.658,23.7828,,
206k_case,0,60870.339,3.4998,0.6529,23.6775,,
206k_case,0,60880.341,3.4998,0.6452,23.7828,,
206k_case,0,60890.345,3.4998,0.6401,23.6775,,
206k_case,0,60900.337,3.4998,0.635,23.7828,,
206k_case,0,60910.336,3.4998,0.6274,23.6775,,
206k_case,0,60920.342,3.4998,0.6248,23.7828,,
206k_case,0,60930.341,3.4998,0.6172,23.7828,,
206k_case,0,60940.336,3.4998,0.6121,23.7828,,
206k_case,0,60950.337,3.4998,0.607,23.888,,
206k_case,0,60960.339,3.4998,0.6019,23.7828,,
206k_case,0,60970.339,3.4998,0.5968,23.7828,,
206k_case,0,60980.337,3.4998,0.5917,23.7828,,
206k_case,0,60990.337,3.4998,0.5866,23.7828,,
206k_case,0,61000.337,3.4998,0.5815,23.6775,,
206k_case,0,61010.343,3.4998,0.5764,23.7828,,
206k_case,0,61020.34,3.4998,0.5713,23.7828,,
206k_case,0,61030.339,3.4998,0.5662,23.7828,,
206k_case,0,61040.335,3.4998,0.5611,23.6775,,
206k_case,0,61050.34,3.4998,0.556,23.6775,,
206k_case,0,61060.337,3.4998,0.5509,23.5723,,
206k_case,0,61070.341,3.4998,0.5483,23.6775,,
206k_case,0,61080.334,3.4998,0.5432,23.6775,,
206k_case,0,61090.335,3.4998,0.5381,23.6775,,
206k_case,0,61100.343,3.4998,0.533,23.6775,,
206k_case,0,61110.34,3.4998,0.5279,23.6775,,
206k_case,0,61120.341,3.4998,0.5254,23.5723,,
206k_case,0,61130.34,3.4998,0.5203,23.6775,,
206k_case,0,61140.339,3.4998,0.5152,23.6775,,
206k_case,0,61150.338,3.4998,0.5126,23.5723,,
206k_case,0,61160.34,3.4998,0.5075,23.5723,,
206k_case,0,61170.338,3.4998,0.5024,23.5723,,
206k_case,0,61180.338,3.4998,0.4999,23.6775,,
206k_case,0,61190.34,3.4998,0.4948,23.6775,,
206k_case,0,61200.343,3.4998,0.4897,23.6775,,
206k_case,0,61210.34,3.4998,0.4871,23.6775,,
206k_case,0,61220.34,3.4998,0.482,23.6775,,
206k_case,0,61230.34,3.4998,0.4795,23.7828,,
206k_case,0,61240.336,3.4998,0.4744,23.7828,,
206k_case,0,61250.337,3.4998,0.4718,23.7828,,
206k_case,0,61260.341,3.4998,0.4667,23.6775,,
206k_case,0,61270.338,3.4998,0.4641,23.6775,,
206k_case,0,61280.34,3.4998,0.4616,23.6775,,
206k_case,0,61290.336,3.4998,0.4565,23.6775,,
206k_case,0,61300.338,3.4998,0.4539,23.5723,,
206k_case,0,61310.338,3.4998,0.4488,23.4671,,
206k_case,0,61320.339,3.4998,0.4463,23.6775,,
206k_case,0,61330.345,3.4998,0.4437,23.5723,,
206k_case,0,61340.341,3.4998,0.4386,23.5723,,
206k_case,0,61350.342,3.4998,0.4361,23.5723,,
206k_case,0,61360.335,3.4998,0.4335,23.5723,,
206k_case,0,61370.338,3.4998,0.431,23.5723,,
206k_case,0,61380.341,3.4998,0.4259,23.5723,,
206k_case,0,61390.342,3.4998,0.4233,23.5723,,
206k_case,0,61400.341,3.4998,0.4208,23.5723,,
206k_case,0,61410.341,3.4998,0.4182,23.5723,,
206k_case,0,61420.339,3.4998,0.4157,23.5723,,
206k_case,0,61430.336,3.4998,0.4106,23.5723,,
206k_case,0,61440.347,3.4998,0.408,23.5723,,
206k_case,0,61450.343,3.4998,0.4055,23.5723,,
206k_case,0,61460.343,3.4998,0.4029,23.5723,,
206k_case,0,61470.339,3.4998,0.4004,23.4671,,
206k_case,0,61480.345,3.4998,0.3978,23.5723,,
206k_case,0,61490.339,3.4998,0.3927,23.5723,,
206k_case,0,61500.34,3.4998,0.3927,23.5723,,
206k_case,0,61510.338,3.4998,0.3876,23.4671,,
206k_case,0,61520.341,3.4998,0.3851,23.5723,,
206k_case,0,61530.339,3.4998,0.3825,23.5723,,
206k_case,0,61540.336,3.4998,0.38,23.5723,,
206k_case,0,61550.338,3.4998,0.3774,23.5723,,
206k_case,0,61560.338,3.4998,0.3749,23.4671,,
206k_case,0,61570.337,3.4998,0.3723,23.5723,,
206k_case,0,61580.337,3.4998,0.3698,23.5723,,
206k_case,0,61590.341,3.4998,0.3672,23.5723,,
206k_case,0,61600.336,3.4998,0.3647,23.4671,,
206k_case,0,61610.341,3.4998,0.3621,23.4671,,
206k_case,0,61620.341,3.4998,0.3596,23.5723,,
206k_case,0,61630.341,3.4998,0.357,23.4671,,
206k_case,0,61640.341,3.4998,0.357,23.5723,,
206k_case,0,61650.338,3.4998,0.3545,23.5723,,
206k_case,0,61660.337,3.4998,0.3519,23.4671,,
206k_case,0,61670.34,3.4998,0.3494,23.5723,,
206k_case,0,61680.336,3.4998,0.3468,23.4671,,
206k_case,0,61690.335,3.4998,0.3443,23.4671,,
206k_case,0,61700.343,3.4998,0.3417,23.5723,,
206k_case,0,61710.338,3.4998,0.3392,23.4671,,
206k_case,0,61720.334,3.4998,0.3392,23.4671,,
206k_case,0,61730.335,3.4998,0.3341,23.4671,,
206k_case,0,61740.346,3.4998,0.3341,23.4671,,
206k_case,0,61750.343,3.4998,0.3315,23.4671,,
206k_case,0,61760.34,3.4998,0.329,23.5723,,
206k_case,0,61770.336,3.4998,0.329,23.6775,,
206k_case,0,61780.338,3.4998,0.3264,23.5723,,
206k_case,0,61790.341,3.4998,0.3239,23.6775,,
206k_case,0,61800.338,3.4998,0.3213,23.6775,,
206k_case,0,61810.348,3.4998,0.3188,23.5723,,
206k_case,0,61820.34,3.4998,0.3188,23.5723,,
206k_case,0,61830.335,3.4998,0.3162,23.6775,,
206k_case,0,61840.343,3.4998,0.3137,23.6775,,
206k_case,0,61850.338,3.4998,0.3137,23.6775,,
206k_case,0,61860.342,3.4998,0.3111,23.6775,,
206k_case,0,61870.336,3.4998,0.3086,23.5723,,
206k_case,0,61880.345,3.4998,0.3086,23.5723,,
206k_case,0,61890.341,3.4998,0.306,23.5723,,
206k_case,0,61900.338,3.4998,0.3035,23.5723,,
206k_case,0,61910.337,3.4998,0.3035,23.5723,,
206k_case,0,61920.341,3.4998,0.3009,23.5723,,
206k_case,0,61930.338,3.4998,0.3009,23.5723,,
206k_case,0,61940.337,3.4998,0.2984,23.5723,,
206k_case,0,61950.344,3.4998,0.2958,23.6775,,
206k_case,0,61960.343,3.4998,0.2933,23.7828,,
206k_case,0,61970.336,3.4998,0.2933,23.6775,,
206k_case,0,61980.342,3.4998,0.2907,23.5723,,
206k_case,0,61990.343,3.4998,0.2882,23.5723,,
206k_case,0,62000.341,3.4998,0.2882,23.5723,,
206k_case,0,62010.338,3.4998,0.2856,23.5723,,
206k_case,0,62020.342,3.4998,0.2856,23.5723,,
206k_case,0,62030.341,3.4998,0.2831,23.5723,,
206k_case,0,62040.338,3.4998,0.2831,23.6775,,
206k_case,0,62050.342,3.4998,0.2805,23.5723,,
206k_case,0,62060.342,3.4998,0.278,23.5723,,
206k_case,0,62070.342,3.4998,0.278,23.5723,,
206k_case,0,62080.342,3.4998,0.2754,23.6775,,
206k_case,0,62090.338,3.4998,0.2754,23.5723,,
206k_case,0,62100.343,3.4998,0.2729,23.5723,,
206k_case,0,62110.341,3.4998,0.2703,23.5723,,
206k_case,0,62120.337,3.4998,0.2703,23.6775,,
206k_case,0,62130.338,3.4998,0.2678,23.5723,,
206k_case,0,62140.342,3.4998,0.2678,23.5723,,
206k_case,0,62150.335,3.4998,0.2652,23.5723,,
206k_case,0,62160.344,3.4998,0.2652,23.5723,,
206k_case,0,62170.337,3.4998,0.2627,23.4671,,
206k_case,0,62180.339,3.4998,0.2627,23.5723,,
206k_case,0,62190.343,3.4998,0.2601,23.5723,,
206k_case,0,62200.34,3.4998,0.2601,23.5723,,
206k_case,0,62210.336,3.4998,0.2576,23.5723,,
206k_case,0,62220.338,3.4998,0.2576,23.5723,,
206k_case,0,62230.337,3.4998,0.255,23.6775,,
206k_case,0,62240.341,3.4998,0.255,23.5723,,
206k_case,0,62250.336,3.4998,0.2525,23.5723,,
206k_case,0,62260.336,3.4998,0.2499,23.6775,,
206k_case,0,62270.34,3.4998,0.2499,23.5723,,
206k_case,0,62280.336,3.4998,0.2474,23.5723,,
206k_case,0,62290.339,3.4998,0.2474,23.6775,,
206k_case,0,62300.341,3.4998,0.2448,23.6775,,
206k_case,0,62310.34,3.4998,0.2448,23.6775,,
206k_case,0,62320.338,3.4998,0.2448,23.6775,,
206k_case,0,62330.333,3.4998,0.2423,23.5723,,
206k_case,0,62340.346,3.4998,0.2423,23.5723,,
206k_case,0,62350.336,3.4998,0.2397,23.4671,,
206k_case,0,62360.338,3.4998,0.2372,23.4671,,
206k_case,0,62370.336,3.4998,0.2372,23.4671,,
206k_case,0,62380.337,3.4998,0.2372,23.4671,,
206k_case,0,62390.335,3.4998,0.2346,23.5723,,
206k_case,0,62400.342,3.4998,0.2346,23.5723,,
206k_case,0,62410.34,3.4998,0.2321,23.5723,,
206k_case,0,62420.341,3.4998,0.2321,23.5723,,
206k_case,0,62430.339,3.4998,0.2321,23.5723,,
206k_case,0,62440.336,3.4998,0.2295,23.5723,,
206k_case,0,62450.337,3.4998,0.2295,23.5723,,
206k_case,0,62460.336,3.4998,0.227,23.5723,,
206k_case,0,62470.335,3.4998,0.227,23.5723,,
206k_case,0,62480.338,3.4998,0.2244,23.5723,,
206k_case,0,62490.341,3.4998,0.2244,23.5723,,
206k_case,0,62500.34,3.4998,0.2219,23.5723,,
206k_case,0,62510.339,3.4998,0.2219,23.5723,,
206k_case,0,62520.34,3.4998,0.2193,23.6775,,
206k_case,0,62530.343,3.4998,0.2193,23.6775,,
206k_case,0,62540.34,3.4998,0.2193,23.4671,,
206k_case,0,62550.343,3.4998,0.2168,23.5723,,
206k_case,0,62560.336,3.4998,0.2168,23.5723,,
206k_case,0,62570.338,3.4998,0.2142,23.4671,,
206k_case,0,62580.34,3.4998,0.2142,23.4671,,
206k_case,0,62590.339,3.4998,0.2117,23.5723,,
206k_case,0,62600.34,3.4998,0.2117,23.5723,,
206k_case,0,62610.344,3.4998,0.2117,23.5723,,
206k_case,0,62620.336,3.4998,0.2117,23.5723,,
206k_case,0,62630.341,3.4998,0.2091,23.5723,,
206k_case,0,62640.345,3.4998,0.2091,23.4671,,
206k_case,0,62650.341,3.4998,0.2066,23.4671,,
206k_case,0,62660.338,3.4998,0.2066,23.5723,,
206k_case,0,62670.339,3.4998,0.204,23.5723,,
206k_case,0,62680.343,3.4998,0.204,23.4671,,
206k_case,0,62690.346,3.4998,0.204,23.3618,,
206k_case,0,62700.34,3.4998,0.2015,23.3618,,
206k_case,0,62710.342,3.4998,0.2015,23.4671,,
206k_case,0,62720.343,3.4998,0.1989,23.5723,,
206k_case,0,62730.348,3.4998,0.1989,23.5723,,
206k_case,0,62740.34,3.4998,0.1989,23.5723,,
206k_case,0,62750.336,3.4998,0.1964,23.5723,,
206k_case,0,62760.34,3.4998,0.1964,23.6775,,
206k_case,0,62770.344,3.4998,0.1964,23.5723,,
206k_case,0,62780.342,3.4998,0.1938,23.6775,,
206k_case,0,62790.343,3.4998,0.1938,23.6775,,
206k_case,0,62800.339,3.4998,0.1938,23.5723,,
206k_case,0,62810.339,3.4998,0.1913,23.5723,,
206k_case,0,62820.337,3.4998,0.1913,23.5723,,
206k_case,0,62830.339,3.4998,0.1913,23.5723,,
206k_case,0,62840.341,3.4998,0.1887,23.5723,,
206k_case,0,62850.342,3.4998,0.1887,23.5723,,
206k_case,0,62860.342,3.4998,0.1887,23.5723,,
206k_case,0,62870.341,3.4998,0.1862,23.5723,,
206k_case,0,62880.34,3.4998,0.1862,23.6775,,
206k_case,0,62890.339,3.4998,0.1862,23.6775,,
206k_case,0,62900.337,3.4998,0.1836,23.6775,,
206k_case,0,62910.338,3.4998,0.1836,23.5723,,
206k_case,0,62920.335,3.4998,0.1836,23.6775,,
206k_case,0,62930.343,3.4998,0.1811,23.6775,,
206k_case,0,62940.338,3.4998,0.1811,23.5723,,
206k_case,0,62950.343,3.4998,0.1811,23.5723,,
206k_case,0,62960.338,3.4998,0.1785,23.5723,,
206k_case,0,62970.342,3.4998,0.1785,23.5723,,
206k_case,0,62980.339,3.4998,0.1785,23.5723,,
206k_case,0,62990.337,3.4998,0.176,23.6775,,
206k_case,0,63000.343,3.4998,0.176,23.5723,,
206k_case,0,63010.335,3.4998,0.176,23.6775,,
206k_case,0,63020.342,3.4998,0.1734,23.5723,,
206k_case,0,63030.336,3.4998,0.1734,23.5723,,
206k_case,0,63040.336,3.4998,0.1734,23.4671,,
206k_case,0,63050.338,3.4998,0.1734,23.5723,,
206k_case,0,63060.341,3.4998,0.1709,23.4671,,
206k_case,0,63070.344,3.4998,0.1709,23.4671,,
206k_case,0,63080.341,3.4998,0.1709,23.5723,,
206k_case,0,63090.341,3.4998,0.1683,23.5723,,
206k_case,0,63100.337,3.4998,0.1683,23.5723,,
206k_case,0,63110.343,3.4998,0.1683,23.4671,,
206k_case,0,63120.344,3.4998,0.1658,23.5723,,
206k_case,0,63130.337,3.4998,0.1658,23.6775,,
206k_case,0,63140.339,3.4998,0.1658,23.5723,,
206k_case,0,63150.34,3.4998,0.1658,23.5723,,
206k_case,0,63160.343,3.4998,0.1632,23.6775,,
206k_case,0,63170.339,3.4998,0.1632,23.6775,,
206k_case,0,63180.341,3.4998,0.1632,23.6775,,
206k_case,0,63190.348,3.4998,0.1607,23.6775,,
206k_case,0,63200.338,3.4998,0.1607,23.6775,,
206k_case,0,63210.336,3.4998,0.1607,23.6775,,
206k_case,0,63220.34,3.4998,0.1607,23.5723,,
206k_case,0,63230.343,3.4998,0.1581,23.3618,,
206k_case,0,63240.338,3.4998,0.1581,23.4671,,
206k_case,0,63250.337,3.4998,0.1581,23.4671,,
206k_case,0,63260.336,3.4998,0.1556,23.4671,,
206k_case,0,63270.338,3.4998,0.1556,23.3618,,
206k_case,0,63280.335,3.4998,0.1556,23.4671,,
206k_case,0,63290.337,3.4998,0.1556,23.4671,,
206k_case,0,63300.341,3.4998,0.153,23.5723,,
206k_case,0,63310.334,3.4998,0.153,23.5723,,
206k_case,0,63320.342,3.4998,0.153,23.5723,,
206k_case,0,63330.343,3.4998,0.153,23.5723,,
206k_case,0,63340.337,3.4998,0.1505,23.5723,,
206k_case,0,63350.339,3.4998,0.1505,23.5723,,
206k_case,0,63360.337,3.4998,0.1505,23.4671,,
206k_case,0,63370.339,3.4998,0.1479,23.5723,,
206k_case,0,63380.34,3.4998,0.1479,23.5723,,
206k_case,0,63390.342,3.4998,0.1479,23.5723,,
206k_case,0,63400.336,3.4998,0.1479,23.4671,,
206k_case,0,63410.336,3.4998,0.1454,23.5723,,
206k_case,0,63420.341,3.4998,0.1454,23.5723,,
206k_case,0,63430.334,3.4998,0.1454,23.4671,,
206k_case,0,63440.338,3.4998,0.1454,23.5723,,
206k_case,0,63450.34,3.4998,0.1428,23.5723,,
206k_case,0,63460.342,3.4998,0.1428,23.4671,,
206k_case,0,63470.335,3.4998,0.1428,23.5723,,
206k_case,0,63480.344,3.4998,0.1428,23.4671,,
206k_case,0,63490.34,3.4998,0.1403,23.4671,,
206k_case,0,63500.34,3.4998,0.1403,23.5723,,
206k_case,0,63510.336,3.4998,0.1403,23.5723,,
206k_case,0,63520.335,3.4998,0.1403,23.5723,,
206k_case,0,63530.34,3.4998,0.1403,23.5723,,
206k_case,0,63540.339,3.4998,0.1377,23.4671,,
206k_case,0,63550.339,3.4998,0.1377,23.5723,,
206k_case,0,63560.34,3.4998,0.1377,23.5723,,
206k_case,0,63570.339,3.4998,0.1377,23.5723,,
206k_case,0,63580.336,3.4998,0.1352,23.5723,,
206k_case,0,63590.343,3.4998,0.1352,23.5723,,
206k_case,0,63600.337,3.4998,0.1352,23.5723,,
206k_case,0,63610.336,3.4998,0.1352,23.6775,,
206k_case,0,63620.339,3.4998,0.1352,23.6775,,
206k_case,0,63630.335,3.4998,0.1326,23.6775,,
206k_case,0,63640.342,3.4998,0.1326,23.5723,,
206k_case,0,63650.34,3.4998,0.1326,23.5723,,
206k_case,0,63660.339,3.4998,0.1326,23.4671,,
206k_case,0,63670.339,3.4998,0.1326,23.4671,,
206k_case,0,63680.342,3.4998,0.1301,23.5723,,
206k_case,0,63690.342,3.4998,0.1301,23.5723,,
206k_case,0,63700.335,3.4998,0.1301,23.5723,,
206k_case,0,63710.34,3.4998,0.1301,23.5723,,
206k_case,0,63720.337,3.4998,0.1301,23.5723,,
206k_case,0,63730.341,3.4998,0.1275,23.5723,,
206k_case,0,63740.335,3.4998,0.1275,23.4671,,
206k_case,0,63750.339,3.4998,0.1275,23.4671,,
206k_case,0,63760.343,3.4998,0.1275,23.5723,,
206k_case,0,63770.342,3.4998,0.1275,23.4671,,
206k_case,0,63780.342,3.4998,0.125,23.4671,,
206k_case,0,63790.337,3.4998,0.125,23.4671,,
206k_case,0,63800.343,3.4998,0.125,23.4671,,
206k_case,0,63810.334,3.4998,0.1224,23.4671,,
206k_case,0,63820.343,3.4998,0.1224,23.4671,,
206k_case,0,63830.337,3.4998,0.1224,23.4671,,
206k_case,0,63840.337,3.4998,0.1224,23.4671,,
206k_case,0,63850.342,3.4998,0.1224,23.5723,,
206k_case,0,63860.34,3.4998,0.1224,23.4671,,
206k_case,0,63870.337,3.4998,0.1199,23.4671,,
206k_case,0,63880.335,3.4998,0.1199,23.4671,,
206k_case,0,63890.334,3.4998,0.1199,23.4671,,
206k_case,0,63900.34,3.4998,0.1199,23.4671,,
206k_case,0,63910.342,3.4998,0.1199,23.4671,,
206k_case,0,63920.34,3.4998,0.1199,23.5723,,
206k_case,0,63930.336,3.4998,0.1173,23.5723,,
206k_case,0,63940.343,3.4998,0.1173,23.5723,,
206k_case,0,63950.342,3.4998,0.1173,23.4671,,
206k_case,0,63960.334,3.4998,0.1173,23.4671,,
206k_case,0,63970.336,3.4998,0.1148,23.4671,,
206k_case,0,63980.331,3.4998,0.1148,23.3618,,
206k_case,0,63990.338,3.4998,0.1148,23.4671,,
206k_case,0,64000.341,3.4998,0.1148,23.4671,,
206k_case,0,64010.341,3.4998,0.1148,23.4671,,
206k_case,0,64020.335,3.4998,0.1148,23.4671,,
206k_case,0,64030.338,3.4998,0.1122,23.4671,,
206k_case,0,64040.341,3.4998,0.1122,23.4671,,
206k_case,0,64050.336,3.4998,0.1122,23.4671,,
206k_case,0,64060.335,3.4998,0.1097,23.4671,,
206k_case,0,64070.341,3.4998,0.1097,23.4671,,
206k_case,0,64080.342,3.4998,0.1097,23.5723,,
206k_case,0,64090.337,3.4998,0.1097,23.4671,,
206k_case,0,64100.338,3.4998,0.1097,23.4671,,
206k_case,0,64110.335,3.4998,0.1097,23.4671,,
206k_case,0,64120.342,3.4998,0.1097,23.4671,,
206k_case,0,64130.337,3.4998,0.1097,23.4671,,
206k_case,0,64140.335,3.4998,0.1097,23.4671,,
206k_case,0,64150.336,3.4998,0.1071,23.4671,,
206k_case,0,64160.335,3.4998,0.1071,23.4671,,
206k_case,0,64170.338,3.4998,0.1071,23.5723,,
206k_case,0,64180.336,3.4998,0.1071,23.5723,,
206k_case,0,64190.343,3.4998,0.1071,23.4671,,
206k_case,0,64200.336,3.4998,0.1071,23.4671,,
206k_case,0,64210.338,3.4998,0.1046,23.4671,,
206k_case,0,64220.342,3.4998,0.1046,23.4671,,
206k_case,0,64230.336,3.4998,0.1046,23.4671,,
206k_case,0,64240.335,3.4998,0.1046,23.4671,,
206k_case,0,64250.336,3.4998,0.102,23.4671,,
206k_case,0,64260.337,3.4998,0.102,23.4671,,
206k_case,0,64270.338,3.4998,0.102,23.4671,,
206k_case,0,64280.347,3.4998,0.102,23.3618,,
206k_case,0,64290.335,3.4998,0.102,23.3618,,
206k_case,0,64300.341,3.4998,0.102,23.3618,,
206k_case,0,64310.336,3.4998,0.0995,23.3618,,
206k_case,0,64320.342,3.4998,0.0995,23.3618,,
206k_case,0,64330.342,3.4998,0.0995,23.2566,,
206k_case,0,64340.34,3.4998,0.0995,23.3618,,
206k_case,0,64350.345,3.4998,0.0969,23.3618,,
206k_case,0,64360.341,3.4998,0.0995,23.3618,,
206k_case,0,64370.34,3.4998,0.0995,23.4671,,
206k_case,0,64380.341,3.4998,0.0969,23.4671,,
206k_case,0,64390.343,3.4998,0.0944,23.3618,,
206k_case,0,64400.337,3.4998,0.0969,23.4671,,
206k_case,0,64410.339,3.4998,0.0969,23.4671,,
206k_case,0,64420.337,3.4998,0.0969,23.4671,,
206k_case,0,64430.341,3.4998,0.0969,23.4671,,
206k_case,0,64440.335,3.4998,0.0944,23.4671,,
206k_case,0,64450.334,3.4998,0.0944,23.4671,,
206k_case,0,64460.335,3.4998,0.0944,23.4671,,
206k_case,0,64470.336,3.4998,0.0918,23.4671,,
206k_case,0,64480.337,3.4998,0.0944,23.4671,,
206k_case,0,64490.334,3.4998,0.0944,23.3618,,
206k_case,0,64500.337,3.4998,0.0918,23.3618,,
206k_case,0,64510.343,3.4998,0.0918,23.4671,,
206k_case,0,64520.344,3.4998,0.0918,23.4671,,
206k_case,0,64530.339,3.4998,0.0918,23.3618,,
206k_case,0,64540.344,3.4998,0.0918,23.4671,,
206k_case,0,64550.338,3.4998,0.0918,23.3618,,
206k_case,0,64560.341,3.4998,0.0918,23.3618,,
206k_case,0,64570.336,3.4998,0.0893,23.3618,,
206k_case,0,64580.34,3.4998,0.0893,23.3618,,
206k_case,0,64590.338,3.4998,0.0918,23.2566,,
206k_case,0,64600.34,3.4998,0.0893,23.2566,,
206k_case,0,64610.343,3.4998,0.0893,23.3618,,
206k_case,0,64620.335,3.4998,0.0893,23.3618,,
206k_case,0,64630.351,3.4998,0.0893,23.3618,,
206k_case,0,64640.335,3.4998,0.0893,23.3618,,
206k_case,0,64650.336,3.4998,0.0867,23.3618,,
206k_case,0,64660.342,3.4998,0.0867,23.3618,,
206k_case,0,64670.334,3.4998,0.0867,23.3618,,
206k_case,0,64680.335,3.4998,0.0867,23.3618,,
206k_case,0,64690.341,3.4998,0.0867,23.3618,,
206k_case,0,64700.343,3.4998,0.0867,23.3618,,
206k_case,0,64710.335,3.4998,0.0867,23.3618,,
206k_case,0,64720.338,3.4998,0.0867,23.3618,,
206k_case,0,64730.336,3.4998,0.0842,23.4671,,
206k_case,0,64740.345,3.4998,0.0842,23.4671,,
206k_case,0,64750.342,3.4998,0.0842,23.5723,,
206k_case,0,64760.335,3.4998,0.0842,23.5723,,
206k_case,0,64770.337,3.4998,0.0842,23.4671,,
206k_case,0,64780.342,3.4998,0.0842,23.4671,,
206k_case,0,64790.338,3.4998,0.0842,23.4671,,
206k_case,0,64800.343,3.4998,0.0816,23.5723,,
206k_case,0,64810.337,3.4998,0.0816,23.3618,,
206k_case,0,64820.343,3.4998,0.0816,23.4671,,
206k_case,0,64830.344,3.4998,0.0816,23.4671,,
206k_case,0,64840.336,3.4998,0.0816,23.4671,,
206k_case,0,64850.339,3.4998,0.0816,23.4671,,
206k_case,0,64860.338,3.4998,0.0791,23.4671,,
206k_case,0,64870.342,3.4998,0.0816,23.4671,,
206k_case,0,64880.335,3.4998,0.0816,23.4671,,
206k_case,0,64890.341,3.4998,0.0791,23.5723,,
206k_case,0,64900.338,3.4998,0.0791,23.4671,,
206k_case,0,64910.336,3.4998,0.0765,23.5723,,
206k_case,0,64920.345,3.4998,0.0791,23.4671,,
206k_case,0,64930.343,3.4998,0.0791,23.5723,,
206k_case,0,64940.338,3.4998,0.0791,23.6775,,
206k_case,0,64950.341,3.4998,0.0765,23.6775,,
206k_case,0,64960.341,3.4998,0.0791,23.5723,,
206k_case,0,64970.342,3.4998,0.0791,23.5723,,
206k_case,0,64980.339,3.4998,0.0765,23.6775,,
206k_case,0,64990.335,3.4998,0.0765,23.5723,,
206k_case,0,65000.341,3.4998,0.0765,23.5723,,
206k_case,0,65010.34,3.4998,0.0765,23.5723,,
206k_case,0,65020.339,3.4998,0.0765,23.5723,,
206k_case,0,65030.342,3.4998,0.0765,23.4671,,
206k_case,0,65040.338,3.4998,0.0765,23.5723,,
206k_case,0,65050.335,3.4998,0.0765,23.5723,,
206k_case,0,65060.342,3.4998,0.074,23.5723,,
206k_case,0,65070.338,3.4998,0.074,23.5723,,
206k_case,0,65080.339,3.4998,0.074,23.5723,,
206k_case,0,65090.339,3.4998,0.074,23.5723,,
206k_case,0,65100.343,3.4998,0.074,23.5723,,
206k_case,0,65110.342,3.4998,0.074,23.6775,,
206k_case,0,65120.339,3.4998,0.074,23.5723,,
206k_case,0,65130.335,3.4998,0.074,23.4671,,
206k_case,0,65140.338,3.4998,0.074,23.5723,,
206k_case,0,65150.344,3.4998,0.0714,23.5723,,
206k_case,0,65160.334,3.4998,0.0714,23.4671,,
206k_case,0,65170.337,3.4998,0.0714,23.5723,,
206k_case,0,65180.337,3.4998,0.0714,23.5723,,
206k_case,0,65190.339,3.4998,0.0714,23.5723,,
206k_case,0,65200.334,3.4998,0.0714,23.4671,,
206k_case,0,65210.339,3.4998,0.0714,23.4671,,
206k_case,0,65220.336,3.4998,0.0714,23.5723,,
206k_case,0,65230.34,3.4998,0.0689,23.5723,,
206k_case,0,65240.336,3.4998,0.0689,23.5723,,
206k_case,0,65250.343,3.4998,0.0689,23.5723,,
206k_case,0,65260.337,3.4998,0.0689,23.5723,,
206k_case,0,65270.342,3.4998,0.0689,23.5723,,
206k_case,0,65280.336,3.4998,0.0689,23.5723,,
206k_case,0,65290.336,3.4998,0.0689,23.4671,,
206k_case,0,65300.34,3.4998,0.0689,23.4671,,
206k_case,0,65310.335,3.4998,0.0689,23.4671,,
206k_case,0,65320.336,3.4998,0.0689,23.5723,,
206k_case,0,65330.336,3.4998,0.0689,23.5723,,
206k_case,0,65340.337,3.4998,0.0663,23.5723,,
206k_case,0,65350.335,3.4998,0.0663,23.5723,,
206k_case,0,65360.339,3.4998,0.0663,23.4671,,
206k_case,0,65370.338,3.4998,0.0663,23.4671,,
206k_case,0,65380.34,3.4998,0.0663,23.5723,,
206k_case,0,65390.338,3.4998,0.0663,23.5723,,
206k_case,0,65400.343,3.4998,0.0663,23.5723,,
206k_case,0,65410.341,3.4998,0.0638,23.5723,,
206k_case,0,65420.344,3.4998,0.0638,23.5723,,
206k_case,0,65430.34,3.4998,0.0638,23.4671,,
206k_case,0,65440.333,3.4998,0.0638,23.4671,,
206k_case,0,65450.337,3.4998,0.0638,23.4671,,
206k_case,0,65460.343,3.4998,0.0638,23.4671,,
206k_case,0,65470.335,3.4998,0.0638,23.4671,,
206k_case,0,65480.339,3.4998,0.0638,23.4671,,
206k_case,0,65490.338,3.4998,0.0638,23.4671,,
206k_case,0,65500.342,3.4998,0.0638,23.4671,,
206k_case,0,65510.34,3.4998,0.0638,23.4671,,
206k_case,0,65520.343,3.4998,0.0638,23.4671,,
206k_case,0,65530.335,3.4998,0.0638,23.4671,,
206k_case,0,65540.335,3.4998,0.0612,23.4671,,
206k_case,0,65550.338,3.4998,0.0612,23.4671,,
206k_case,0,65560.336,3.4998,0.0612,23.4671,,
206k_case,0,65570.342,3.4998,0.0612,23.4671,,
206k_case,0,65580.341,3.4998,0.0612,23.5723,,
206k_case,0,65590.343,3.4998,0.0612,23.5723,,
206k_case,0,65600.342,3.4998,0.0612,23.4671,,
206k_case,0,65610.34,3.4998,0.0612,23.5723,,
206k_case,0,65620.342,3.4998,0.0612,23.3618,,
206k_case,0,65630.335,3.4998,0.0612,23.4671,,
206k_case,0,65640.34,3.4998,0.0612,23.4671,,
206k_case,0,65650.34,3.4998,0.0587,23.4671,,
206k_case,0,65660.338,3.4998,0.0612,23.4671,,
206k_case,0,65670.335,3.4998,0.0587,23.4671,,
206k_case,0,65680.343,3.4998,0.0587,23.4671,,
206k_case,0,65690.341,3.4998,0.0587,23.4671,,
206k_case,0,65700.334,3.4998,0.0587,23.5723,,
206k_case,0,65710.344,3.4998,0.0587,23.4671,,
206k_case,0,65720.34,3.4998,0.0587,23.5723,,
206k_case,0,65730.341,3.4998,0.0587,23.4671,,
206k_case,0,65740.338,3.4998,0.0587,23.4671,,
206k_case,0,65750.335,3.4998,0.0561,23.5723,,
206k_case,0,65760.343,3.4998,0.0587,23.5723,,
206k_case,0,65770.344,3.4998,0.0561,23.5723,,
206k_case,0,65780.336,3.4998,0.0561,23.5723,,
206k_case,0,65790.34,3.4998,0.0561,23.4671,,
206k_case,0,65800.338,3.4998,0.0561,23.4671,,
206k_case,0,65810.336,3.4998,0.0561,23.5723,,
206k_case,0,65820.342,3.4998,0.0561,23.4671,,
206k_case,0,65830.336,3.4998,0.0561,23.5723,,
206k_case,0,65840.338,3.4998,0.0561,23.5723,,
206k_case,0,65850.336,3.4998,0.0561,23.5723,,
206k_case,0,65860.335,3.4998,0.0536,23.4671,,
206k_case,0,65870.337,3.4998,0.0536,23.4671,,
206k_case,0,65880.337,3.4998,0.0536,23.4671,,
206k_case,0,65890.34,3.4998,0.0536,23.4671,,
206k_case,0,65900.335,3.4998,0.0536,23.4671,,
206k_case,0,65910.343,3.4998,0.0536,23.5723,,
206k_case,0,65920.34,3.4998,0.0536,23.5723,,
206k_case,0,65930.34,3.4998,0.0536,23.5723,,
206k_case,0,65940.336,3.4998,0.0536,23.5723,,
206k_case,0,65950.342,3.4998,0.0536,23.4671,,
206k_case,0,65960.344,3.4998,0.0536,23.4671,,
206k_case,0,65970.34,3.4998,0.0536,23.4671,,
206k_case,0,65980.338,3.4998,0.0536,23.4671,,
206k_case,0,65990.347,3.4998,0.0536,23.4671,,
206k_case,0,66000.342,3.4998,0.0536,23.4671,,
206k_case,0,66010.343,3.4998,0.051,23.4671,,
206k_case,0,66020.336,3.4998,0.051,23.4671,,
206k_case,0,66030.341,3.4998,0.051,23.4671,,
206k_case,0,66040.341,3.4998,0.051,23.5723,,
206k_case,0,66041.887,3.4998,0.0485,23.4671,,
206k_case,0,66051.898,3.4951,0.0,23.4671,,
206k_case,0,66061.894,3.4925,0.0,23.5723,,
206k_case,0,66071.891,3.4905,0.0,23.4671,,
206k_case,0,66081.891,3.4885,0.0,23.4671,,
206k_case,0,66091.891,3.4868,0.0,23.4671,,
206k_case,0,66101.899,3.4849,0.0,23.4671,,
206k_case,0,66111.893,3.4834,0.0,23.3618,,
206k_case,0,66121.895,3.4819,0.0,23.3618,,
206k_case,0,66131.89,3.4804,0.0,23.4671,,
206k_case,0,66141.898,3.479,0.0,23.5723,,
206k_case,0,66151.894,3.4777,0.0,23.4671,,
206k_case,0,66161.891,3.4763,0.0,23.3618,,
206k_case,0,66171.895,3.4751,0.0,23.3618,,
206k_case,0,66181.89,3.474,0.0,23.3618,,
206k_case,0,66191.893,3.4728,0.0,23.4671,,
206k_case,0,66201.894,3.4716,0.0,23.5723,,
206k_case,0,66211.894,3.4706,0.0,23.3618,,
206k_case,0,66221.894,3.4696,0.0,23.4671,,
206k_case,0,66231.894,3.4686,0.0,23.4671,,
206k_case,0,66241.895,3.4675,0.0,23.3618,,
206k_case,0,66251.891,3.4667,0.0,23.3618,,
206k_case,0,66261.898,3.4657,0.0,23.3618,,
206k_case,0,66271.898,3.4648,0.0,23.4671,,
206k_case,0,66281.894,3.464,0.0,23.3618,,
206k_case,0,66291.892,3.4632,0.0,23.4671,,
206k_case,0,66301.891,3.4623,0.0,23.3618,,
206k_case,0,66311.9,3.4615,0.0,23.3618,,
206k_case,0,66321.898,3.4608,0.0,23.3618,,
206k_case,0,66331.897,3.4599,0.0,23.3618,,
206k_case,0,66341.892,3.4593,0.0,23.3618,,
206k_case,0,66351.892,3.4586,0.0,23.2566,,
206k_case,0,66361.896,3.4578,0.0,23.3618,,
206k_case,0,66371.893,3.4571,0.0,23.2566,,
206k_case,0,66381.896,3.4564,0.0,23.3618,,
206k_case,0,66391.895,3.4557,0.0,23.2566,,
206k_case,0,66401.897,3.4552,0.0,23.3618,,
206k_case,0,66411.898,3.4545,0.0,23.3618,,
206k_case,0,66421.898,3.4539,0.0,23.3618,,
206k_case,0,66431.892,3.4534,0.0,23.3618,,
206k_case,0,66441.891,3.4527,0.0,23.3618,,
206k_case,0,66451.896,3.4522,0.0,23.3618,,
206k_case,0,66461.89,3.4515,0.0,23.3618,,
206k_case,0,66471.901,3.451,0.0,23.4671,,
206k_case,0,66481.897,3.4505,0.0,23.2566,,
206k_case,0,66491.893,3.45,0.0,23.3618,,
206k_case,0,66501.896,3.4493,0.0,23.4671,,
206k_case,0,66511.898,3.449,0.0,23.3618,,
206k_case,0,66521.895,3.4483,0.0,23.3618,,
206k_case,0,66531.895,3.448,0.0,23.4671,,
206k_case,0,66541.896,3.4475,0.0,23.4671,,
206k_case,0,66551.893,3.4469,0.0,23.4671,,
206k_case,0,66561.893,3.4464,0.0,23.4671,,
206k_case,0,66571.894,3.4459,0.0,23.4671,,
206k_case,0,66581.895,3.4456,0.0,23.4671,,
206k_case,0,66591.893,3.4451,0.0,23.3618,,
206k_case,0,66601.896,3.4447,0.0,23.4671,,
206k_case,0,66611.893,3.4442,0.0,23.3618,,
206k_case,0,66621.89,3.4437,0.0,23.4671,,
206k_case,0,66631.891,3.4434,0.0,23.4671,,
206k_case,0,66641.894,3.4431,0.0,23.3618,,
206k_case,0,66651.893,3.4426,0.0,23.4671,,
206k_case,0,66661.896,3.4422,0.0,23.4671,,
206k_case,0,66671.894,3.4419,0.0,23.4671,,
206k_case,0,66681.891,3.4414,0.0,23.4671,,
206k_case,0,66691.893,3.441,0.0,23.4671,,
206k_case,0,66701.898,3.4407,0.0,23.5723,,
206k_case,0,66711.898,3.4404,0.0,23.4671,,
206k_case,0,66721.894,3.44,0.0,23.4671,,
206k_case,0,66731.891,3.4397,0.0,23.3618,,
206k_case,0,66741.893,3.4392,0.0,23.3618,,
206k_case,0,66751.891,3.4388,0.0,23.4671,,
206k_case,0,66761.891,3.4385,0.0,23.4671,,
206k_case,0,66771.892,3.4382,0.0,23.3618,,
206k_case,0,66781.894,3.438,0.0,23.4671,,
206k_case,0,66791.9,3.4377,0.0,23.3618,,
206k_case,0,66801.891,3.4373,0.0,23.3618,,
206k_case,0,66811.891,3.437,0.0,23.3618,,
206k_case,0,66821.892,3.4366,0.0,23.3618,,
206k_case,0,66831.891,3.4363,0.0,23.3618,,
206k_case,0,66841.89,3.436,0.0,23.5723,,
206k_case,0,66851.893,3.4356,0.0,23.4671,,
206k_case,0,66861.897,3.4355,0.0,23.3618,,
206k_case,0,66871.896,3.4351,0.0,23.3618,,
206k_case,0,66881.892,3.4348,0.0,23.3618,,
206k_case,0,66891.891,3.4346,0.0,23.4671,,
206k_case,0,66901.891,3.4343,0.0,23.3618,,
206k_case,0,66911.892,3.4341,0.0,23.3618,,
206k_case,0,66921.892,3.4338,0.0,23.4671,,
206k_case,0,66931.891,3.4334,0.0,23.4671,,
206k_case,0,66941.893,3.4333,0.0,23.4671,,
206k_case,0,66941.893,3.4333,0.0,23.4671,,
206k_case,0,1.047,3.4638,0.0,23.1514,,
206k_case,0,2.045,3.4637,0.0,23.1514,,
206k_case,0,3.05,3.4637,0.0,23.1514,,
206k_case,0,4.042,3.4637,0.0,23.1514,,
206k_case,0,5.059,3.4635,0.0,23.1514,,
206k_case,0,5.059,3.4635,0.0,23.1514,,
206k_case,0,62525.618,2.5425,0.0,23.3618,,
