cell_id,source_cycle_id,timestamp,elapsed_test_s,voltage_V,current_A,temperature_C,charge_capacity_Ah,discharge_capacity_Ah
sanyo_033,,2013-03-16T01:59:52.62,,3.505941065523075,-2.408857759088278,,,
sanyo_033,,2013-03-16T01:59:52.71,,3.499389945500298,-2.579209476709366,,,
sanyo_033,,2013-03-16T01:59:52.77,,3.503029456624063,-2.472211703658104,,,
sanyo_033,,2013-03-16T01:59:53.29,,3.501573652174557,-2.421528548002243,,,
sanyo_033,,2013-03-16T01:59:53.94,,3.500845749949804,-2.368029661476612,,,
sanyo_033,,2013-03-16T01:59:54.59,,3.501573652174557,-2.303267851471901,,,
sanyo_033,,2013-03-16T01:59:55.22,,3.502665505511686,-2.2469532340765,,,
sanyo_033,,2013-03-16T01:59:56.49,,3.501573652174557,-2.180783558636904,,,
sanyo_033,,2013-03-16T01:59:57.13,,3.503029456624063,-2.125876806676388,,,
sanyo_033,,2013-03-16T01:59:59.26,,3.50120970106218,-2.072377920150757,,,
sanyo_033,,2013-03-16T02:00:00.87,,3.50120970106218,-2.021694764494896,,,
sanyo_033,,2013-03-16T02:00:01.97,,3.501573652174557,-1.971011608839035,,,
sanyo_033,,2013-03-16T02:00:02.67,,3.50120970106218,-1.95834081992507,,,
sanyo_033,,2013-03-16T02:00:03.96,,3.501937603286933,-1.916104856878519,,,
sanyo_033,,2013-03-16T02:00:06.11,,3.501573652174557,-1.864013835787773,,,
sanyo_033,,2013-03-16T02:00:08.54,,3.50120970106218,-1.811922814697027,,,
sanyo_033,,2013-03-16T02:00:11.2,,3.501573652174557,-1.761239659041166,,,
sanyo_033,,2013-03-16T02:00:12.65,,3.50120970106218,-1.735898081213236,,,
sanyo_033,,2013-03-16T02:00:13.88,,3.50120970106218,-1.710556503385305,,,
sanyo_033,,2013-03-16T02:00:16.38,,3.50120970106218,-1.659873347729445,,,
sanyo_033,,2013-03-16T02:00:20.18,,3.50120970106218,-1.609190192073584,,,
sanyo_033,,2013-03-16T02:00:22.66,,3.501573652174557,-1.589480075985193,,,
sanyo_033,,2013-03-16T02:00:25.98,,3.50120970106218,-1.554283440113068,,,
sanyo_033,,2013-03-16T02:00:30.48,,3.501573652174557,-1.503600284457207,,,
sanyo_033,,2013-03-16T02:00:32.63,,3.501573652174557,-1.492337360978127,,,
sanyo_033,,2013-03-16T02:00:37.21,,3.501573652174557,-1.452917128801346,,,
sanyo_033,,2013-03-16T02:00:42.63,,3.50120970106218,-1.416312627494335,,,
sanyo_033,,2013-03-16T02:00:44.16,,3.501937603286933,-1.402233973145485,,,
sanyo_033,,2013-03-16T02:00:52.65,,3.501573652174557,-1.358590144664049,,,
sanyo_033,,2013-03-16T02:00:53.17,,3.501573652174557,-1.350142952054739,,,
sanyo_033,,2013-03-16T02:01:02.67,,3.50120970106218,-1.317762047052383,,,
sanyo_033,,2013-03-16T02:01:06.64,,3.501937603286933,-1.296644065529108,,,
sanyo_033,,2013-03-16T02:01:12.63,,3.501573652174557,-1.279749680310488,,,
sanyo_033,,2013-03-16T02:01:20.86,,3.501573652174557,-1.245960909873247,,,
sanyo_033,,2013-03-16T02:01:22.65,,3.501573652174557,-1.245960909873247,,,
sanyo_033,,2013-03-16T02:01:32.67,,3.501573652174557,-1.200909215956926,,,
sanyo_033,,2013-03-16T02:01:36.11,,3.501573652174557,-1.195277754217386,,,
sanyo_033,,2013-03-16T02:01:42.62,,3.501573652174557,-1.181199099868536,,,
sanyo_033,,2013-03-16T02:01:52.64,,3.501573652174557,-1.157265387475491,,,
sanyo_033,,2013-03-16T02:01:54.78,,3.50120970106218,-1.144594598561525,,,
sanyo_033,,2013-03-16T02:02:02.65,,3.501937603286933,-1.130515944212675,,,
sanyo_033,,2013-03-16T02:02:12.62,,3.501937603286933,-1.119253020733595,,,
sanyo_033,,2013-03-16T02:02:20.51,,3.501573652174557,-1.092503577470779,,,
sanyo_033,,2013-03-16T02:02:22.64,,3.50230155439931,-1.085464250296354,,,
sanyo_033,,2013-03-16T02:02:32.65,,3.501573652174557,-1.081240653991699,,,
sanyo_033,,2013-03-16T02:02:42.66,,3.501573652174557,-1.069977730512619,,,
sanyo_033,,2013-03-16T02:02:46.61,,3.50230155439931,-1.036188960075378,,,
sanyo_033,,2013-03-16T02:02:52.62,,3.501937603286933,-1.046044018119574,,,
sanyo_033,,2013-03-16T02:03:02.64,,3.502665505511686,-1.023518171161413,,,
sanyo_033,,2013-03-16T02:03:12.66,,3.501937603286933,-1.012255247682333,,,
sanyo_033,,2013-03-16T02:03:22.62,,3.501937603286933,-1.009439516812563,,,
sanyo_033,,2013-03-16T02:03:32.64,,3.501573652174557,-0.9995844587683678,,,
sanyo_033,,2013-03-16T02:03:38.26,,3.50120970106218,-0.9855058044195176,,,
sanyo_033,,2013-03-16T02:03:42.65,,3.501573652174557,-0.9756507463753225,,,
sanyo_033,,2013-03-16T02:03:52.67,,3.501937603286933,-0.964387822896242,,,
sanyo_033,,2013-03-16T02:04:02.63,,3.501573652174557,-0.950309168547392,,,
sanyo_033,,2013-03-16T02:04:12.66,,3.501573652174557,-0.9404541105031968,,,
sanyo_033,,2013-03-16T02:04:16.47,,3.501573652174557,-0.9348226487636566,,,
sanyo_033,,2013-03-16T02:04:22.63,,3.501573652174557,-0.9193361289799212,,,
sanyo_033,,2013-03-16T02:04:32.64,,3.501573652174557,-0.903849609196186,,,
sanyo_033,,2013-03-16T02:04:42.64,,3.501573652174557,-0.8911788202822208,,,
sanyo_033,,2013-03-16T02:04:48.82,,3.501937603286933,-0.8841394931077957,,,
sanyo_033,,2013-03-16T02:04:52.65,,3.501937603286933,-0.8855473585426807,,,
sanyo_033,,2013-03-16T02:05:02.67,,3.501937603286933,-0.8742844350636005,,,
sanyo_033,,2013-03-16T02:05:12.64,,3.501937603286933,-0.8630215115845203,,,
sanyo_033,,2013-03-16T02:05:22.66,,3.501573652174557,-0.8602057807147503,,,
sanyo_033,,2013-03-16T02:05:32.67,,3.501573652174557,-0.844719260931015,,,
sanyo_033,,2013-03-16T02:05:40.48,,3.50120970106218,-0.8306406065821648,,,
sanyo_033,,2013-03-16T02:05:42.62,,3.501573652174557,-0.8292327411472797,,,
sanyo_033,,2013-03-16T02:05:52.64,,3.501573652174557,-0.8151540867984295,,,
sanyo_033,,2013-03-16T02:06:02.66,,3.501937603286933,-0.8081147596240044,,,
sanyo_033,,2013-03-16T02:06:12.62,,3.501573652174557,-0.8067068941891193,,,
sanyo_033,,2013-03-16T02:06:22.62,,3.501937603286933,-0.7926282398402691,,,
sanyo_033,,2013-03-16T02:06:29.07,,3.501573652174557,-0.7799574509263039,,,
sanyo_033,,2013-03-16T02:06:32.65,,3.501573652174557,-0.7813653163611889,,,
sanyo_033,,2013-03-16T02:06:42.67,,3.501573652174557,-0.7771417200565338,,,
sanyo_033,,2013-03-16T02:06:52.66,,3.501937603286933,-0.7630630657076836,,,
sanyo_033,,2013-03-16T02:07:02.62,,3.501573652174557,-0.7546158730983734,,,
sanyo_033,,2013-03-16T02:07:12.66,,3.501573652174557,-0.7447608150541782,,,
sanyo_033,,2013-03-16T02:07:22.67,,3.501937603286933,-0.732090026140213,,,
sanyo_033,,2013-03-16T02:07:32.68,,3.501573652174557,-0.733497891575098,,,
sanyo_033,,2013-03-16T02:07:37.64,,3.501937603286933,-0.729274295270443,,,
sanyo_033,,2013-03-16T02:07:42.63,,3.501937603286933,-0.7264585644006729,,,
sanyo_033,,2013-03-16T02:07:52.65,,3.501573652174557,-0.7137877754867077,,,
sanyo_033,,2013-03-16T02:08:02.65,,3.501573652174557,-0.7011169865727425,,,
sanyo_033,,2013-03-16T02:08:12.62,,3.50230155439931,-0.6912619285285473,,,
sanyo_033,,2013-03-16T02:08:22.63,,3.501573652174557,-0.6828147359192371,,,
sanyo_033,,2013-03-16T02:08:24.44,,3.501573652174557,-0.6785911396145821,,,
sanyo_033,,2013-03-16T02:08:32.66,,3.501937603286933,-0.6785911396145821,,,
sanyo_033,,2013-03-16T02:08:42.67,,3.501573652174557,-0.674367543309927,,,
sanyo_033,,2013-03-16T02:08:52.67,,3.501937603286933,-0.6645124852657318,,,
sanyo_033,,2013-03-16T02:09:02.62,,3.501937603286933,-0.6588810235261917,,,
sanyo_033,,2013-03-16T02:09:12.65,,3.50120970106218,-0.6490259654819965,,,
sanyo_033,,2013-03-16T02:09:22.66,,3.501937603286933,-0.6377630420029163,,,
sanyo_033,,2013-03-16T02:09:32.62,,3.501937603286933,-0.6349473111331463,,,
sanyo_033,,2013-03-16T02:09:37.74,,3.501937603286933,-0.6279079839587212,,,
sanyo_033,,2013-03-16T02:09:42.63,,3.50120970106218,-0.6307237148284912,,,
sanyo_033,,2013-03-16T02:09:52.65,,3.501573652174557,-0.618052925914526,,,
sanyo_033,,2013-03-16T02:10:02.65,,3.501937603286933,-0.618052925914526,,,
sanyo_033,,2013-03-16T02:10:12.63,,3.501573652174557,-0.6110135987401009,,,
sanyo_033,,2013-03-16T02:10:22.66,,3.50120970106218,-0.5997506752610207,,,
sanyo_033,,2013-03-16T02:10:32.62,,3.50230155439931,-0.5884877517819405,,,
sanyo_033,,2013-03-16T02:10:42.64,,3.501573652174557,-0.5842641554772854,,,
sanyo_033,,2013-03-16T02:10:46.42,,3.501573652174557,-0.5758169628679752,,,
sanyo_033,,2013-03-16T02:10:52.65,,3.501573652174557,-0.5800405591726303,,,
sanyo_033,,2013-03-16T02:11:02.66,,3.501573652174557,-0.5673697702586651,,,
sanyo_033,,2013-03-16T02:11:12.62,,3.501937603286933,-0.56314617395401,,,
sanyo_033,,2013-03-16T02:11:22.64,,3.501937603286933,-0.5561068467795849,,,
sanyo_033,,2013-03-16T02:11:32.65,,3.501573652174557,-0.5490675196051598,,,
sanyo_033,,2013-03-16T02:11:42.62,,3.501573652174557,-0.5448439233005047,,,
sanyo_033,,2013-03-16T02:11:52.63,,3.501937603286933,-0.5420281924307346,,,
sanyo_033,,2013-03-16T02:12:02.64,,3.501937603286933,-0.5335809998214245,,,
sanyo_033,,2013-03-16T02:12:12.59,,3.50120970106218,-0.5251338072121143,,,
sanyo_033,,2013-03-16T02:12:12.65,,3.501573652174557,-0.5265416726469994,,,
sanyo_033,,2013-03-16T02:12:22.66,,3.501573652174557,-0.5251338072121143,,,
sanyo_033,,2013-03-16T02:12:32.64,,3.501573652174557,-0.5237259417772293,,,
sanyo_033,,2013-03-16T02:12:42.63,,3.501937603286933,-0.5195023454725742,,,
sanyo_033,,2013-03-16T02:12:52.66,,3.501573652174557,-0.5138708837330341,,,
sanyo_033,,2013-03-16T02:13:02.67,,3.501937603286933,-0.5096472874283791,,,
sanyo_033,,2013-03-16T02:13:12.66,,3.501937603286933,-0.4983843639492989,,,
sanyo_033,,2013-03-16T02:13:22.65,,3.501573652174557,-0.4969764985144138,,,
sanyo_033,,2013-03-16T02:13:32.63,,3.501573652174557,-0.4955686330795288,,,
sanyo_033,,2013-03-16T02:13:42.67,,3.501937603286933,-0.4800821132957935,,,
sanyo_033,,2013-03-16T02:13:49.77,,3.501937603286933,-0.4744506515562534,,,
sanyo_033,,2013-03-16T02:13:52.67,,3.50230155439931,-0.4758585169911385,,,
sanyo_033,,2013-03-16T02:14:02.64,,3.501573652174557,-0.4716349206864834,,,
sanyo_033,,2013-03-16T02:14:12.63,,3.501573652174557,-0.4702270552515984,,,
sanyo_033,,2013-03-16T02:14:22.67,,3.501937603286933,-0.4575562663376331,,,
sanyo_033,,2013-03-16T02:14:32.66,,3.50230155439931,-0.4434776119887829,,,
sanyo_033,,2013-03-16T02:14:42.63,,3.50230155439931,-0.4392540156841278,,,
sanyo_033,,2013-03-16T02:14:52.66,,3.50230155439931,-0.4336225539445877,,,
sanyo_033,,2013-03-16T02:15:02.64,,3.502665505511686,-0.4336225539445877,,,
sanyo_033,,2013-03-16T02:15:12.62,,3.50230155439931,-0.4293989576399326,,,
sanyo_033,,2013-03-16T02:15:17.02,,3.501937603286933,-0.4237674959003925,,,
sanyo_033,,2013-03-16T02:15:22.66,,3.501937603286933,-0.4279910922050476,,,
sanyo_033,,2013-03-16T02:15:32.63,,3.501573652174557,-0.4223596304655075,,,
sanyo_033,,2013-03-16T02:15:42.67,,3.501573652174557,-0.4209517650306225,,,
sanyo_033,,2013-03-16T02:15:52.64,,3.501573652174557,-0.4125045724213123,,,
sanyo_033,,2013-03-16T02:16:02.63,,3.501573652174557,-0.4110967069864273,,,
sanyo_033,,2013-03-16T02:16:12.62,,3.50120970106218,-0.4054652452468872,,,
sanyo_033,,2013-03-16T02:16:22.66,,3.501573652174557,-0.3998337835073471,,,
sanyo_033,,2013-03-16T02:16:32.65,,3.501937603286933,-0.394202321767807,,,
sanyo_033,,2013-03-16T02:16:42.62,,3.501573652174557,-0.395610187202692,,,
sanyo_033,,2013-03-16T02:16:52.66,,3.501573652174557,-0.3871629945933819,,,
sanyo_033,,2013-03-16T02:17:02.63,,3.501937603286933,-0.3815315328538418,,,
sanyo_033,,2013-03-16T02:17:12.67,,3.501937603286933,-0.3815315328538418,,,
sanyo_033,,2013-03-16T02:17:22.64,,3.501573652174557,-0.3744922056794167,,,
sanyo_033,,2013-03-16T02:17:23.65,,3.50120970106218,-0.3730843402445316,,,
sanyo_033,,2013-03-16T02:17:32.67,,3.501937603286933,-0.3702686093747616,,,
sanyo_033,,2013-03-16T02:17:42.64,,3.501573652174557,-0.3646371476352215,,,
sanyo_033,,2013-03-16T02:17:52.63,,3.501573652174557,-0.3590056858956814,,,
sanyo_033,,2013-03-16T02:18:02.65,,3.501573652174557,-0.3590056858956814,,,
sanyo_033,,2013-03-16T02:18:12.63,,3.501573652174557,-0.3547820895910263,,,
sanyo_033,,2013-03-16T02:18:22.63,,3.501937603286933,-0.3491506278514862,,,
sanyo_033,,2013-03-16T02:18:32.66,,3.501937603286933,-0.3491506278514862,,,
sanyo_033,,2013-03-16T02:18:42.64,,3.501573652174557,-0.3477427624166012,,,
sanyo_033,,2013-03-16T02:18:52.68,,3.50230155439931,-0.3280326463282108,,,
sanyo_033,,2013-03-16T02:19:02.66,,3.50230155439931,-0.3266247808933258,,,
sanyo_033,,2013-03-16T02:19:12.64,,3.501937603286933,-0.3252169154584408,,,
sanyo_033,,2013-03-16T02:19:22.64,,3.501937603286933,-0.3266247808933258,,,
sanyo_033,,2013-03-16T02:19:30.12,,3.50120970106218,-0.3224011845886707,,,
sanyo_033,,2013-03-16T02:19:32.66,,3.501937603286933,-0.3224011845886707,,,
sanyo_033,,2013-03-16T02:19:42.64,,3.501573652174557,-0.3139539919793606,,,
sanyo_033,,2013-03-16T02:19:52.63,,3.501573652174557,-0.3125461265444756,,,
sanyo_033,,2013-03-16T02:20:02.66,,3.500845749949804,-0.3097303956747055,,,
sanyo_033,,2013-03-16T02:20:12.64,,3.50230155439931,-0.3026910685002804,,,
sanyo_033,,2013-03-16T02:20:22.63,,3.501573652174557,-0.3040989339351654,,,
sanyo_033,,2013-03-16T02:20:32.67,,3.501937603286933,-0.2970596067607403,,,
sanyo_033,,2013-03-16T02:20:42.64,,3.501573652174557,-0.2956517413258553,,,
sanyo_033,,2013-03-16T02:20:52.62,,3.501573652174557,-0.2970596067607403,,,
sanyo_033,,2013-03-16T02:21:02.67,,3.501573652174557,-0.2956517413258553,,,
sanyo_033,,2013-03-16T02:21:12.64,,3.501573652174557,-0.2900202795863152,,,
sanyo_033,,2013-03-16T02:21:22.62,,3.501573652174557,-0.2857966832816601,,,
sanyo_033,,2013-03-16T02:21:32.66,,3.501937603286933,-0.2843888178467751,,,
sanyo_033,,2013-03-16T02:21:42.64,,3.501573652174557,-0.2745337598025799,,,
sanyo_033,,2013-03-16T02:21:43.33,,3.501573652174557,-0.2717180289328098,,,
sanyo_033,,2013-03-16T02:21:52.62,,3.501937603286933,-0.2674944326281548,,,
sanyo_033,,2013-03-16T02:22:02.66,,3.501937603286933,-0.2674944326281548,,,
sanyo_033,,2013-03-16T02:22:12.65,,3.501937603286933,-0.2703101634979248,,,
sanyo_033,,2013-03-16T02:22:22.64,,3.501937603286933,-0.2632708363234997,,,
sanyo_033,,2013-03-16T02:22:32.67,,3.501937603286933,-0.2646787017583847,,,
sanyo_033,,2013-03-16T02:22:42.66,,3.501937603286933,-0.2562315091490746,,,
sanyo_033,,2013-03-16T02:22:52.64,,3.501937603286933,-0.2576393745839596,,,
sanyo_033,,2013-03-16T02:23:02.67,,3.50230155439931,-0.2590472400188446,,,
sanyo_033,,2013-03-16T02:23:12.65,,3.501937603286933,-0.2562315091490746,,,
sanyo_033,,2013-03-16T02:23:22.68,,3.501573652174557,-0.2534157782793045,,,
sanyo_033,,2013-03-16T02:23:32.64,,3.501573652174557,-0.2477843165397644,,,
sanyo_033,,2013-03-16T02:23:42.62,,3.501937603286933,-0.2491921819746494,,,
sanyo_033,,2013-03-16T02:23:52.65,,3.501573652174557,-0.2463764511048794,,,
sanyo_033,,2013-03-16T02:24:02.63,,3.501573652174557,-0.2379292584955692,,,
sanyo_033,,2013-03-16T02:24:12.66,,3.501573652174557,-0.2322977967560291,,,
sanyo_033,,2013-03-16T02:24:22.65,,3.501573652174557,-0.226666335016489,,,
sanyo_033,,2013-03-16T02:24:32.64,,3.501937603286933,-0.222442738711834,,,
sanyo_033,,2013-03-16T02:24:42.67,,3.501573652174557,-0.222442738711834,,,
sanyo_033,,2013-03-16T02:24:47.62,,3.501573652174557,-0.2210348732769489,,,
sanyo_033,,2013-03-16T02:24:52.65,,3.501937603286933,-0.223850604146719,,,
sanyo_033,,2013-03-16T02:25:02.67,,3.501937603286933,-0.2196270078420639,,,
sanyo_033,,2013-03-16T02:25:12.65,,3.501937603286933,-0.2196270078420639,,,
sanyo_033,,2013-03-16T02:25:22.62,,3.501937603286933,-0.2097719497978687,,,
sanyo_033,,2013-03-16T02:25:32.67,,3.501937603286933,-0.2097719497978687,,,
sanyo_033,,2013-03-16T02:25:42.64,,3.501937603286933,-0.2083640843629837,,,
sanyo_033,,2013-03-16T02:25:52.67,,3.501937603286933,-0.2083640843629837,,,
sanyo_033,,2013-03-16T02:26:02.65,,3.501573652174557,-0.2041404880583286,,,
sanyo_033,,2013-03-16T02:26:12.63,,3.501573652174557,-0.2013247571885586,,,
sanyo_033,,2013-03-16T02:26:22.62,,3.501937603286933,-0.1971011608839035,,,
sanyo_033,,2013-03-16T02:26:32.67,,3.501573652174557,-0.1900618337094784,,,
sanyo_033,,2013-03-16T02:26:42.65,,3.501937603286933,-0.1886539682745934,,,
sanyo_033,,2013-03-16T02:26:52.63,,3.501937603286933,-0.1886539682745934,,,
sanyo_033,,2013-03-16T02:27:02.67,,3.501937603286933,-0.1816146411001682,,,
sanyo_033,,2013-03-16T02:27:12.65,,3.501937603286933,-0.1787989102303982,,,
sanyo_033,,2013-03-16T02:27:22.63,,3.501573652174557,-0.1773910447955132,,,
sanyo_033,,2013-03-16T02:27:32.62,,3.501937603286933,-0.1773910447955132,,,
sanyo_033,,2013-03-16T02:27:42.66,,3.50230155439931,-0.1787989102303982,,,
sanyo_033,,2013-03-16T02:27:52.66,,3.501937603286933,-0.1773910447955132,,,
sanyo_033,,2013-03-16T02:28:02.64,,3.501573652174557,-0.1773910447955132,,,
sanyo_033,,2013-03-16T02:28:12.62,,3.50120970106218,-0.1759831793606281,,,
sanyo_033,,2013-03-16T02:28:22.67,,3.501573652174557,-0.1731674484908581,,,
sanyo_033,,2013-03-16T02:28:27.36,,3.501573652174557,-0.170351717621088,,,
sanyo_033,,2013-03-16T02:28:32.65,,3.501573652174557,-0.1619045250117779,,,
sanyo_033,,2013-03-16T02:28:42.64,,3.50230155439931,-0.1576809287071228,,,
sanyo_033,,2013-03-16T02:28:52.64,,3.501937603286933,-0.1576809287071228,,,
sanyo_033,,2013-03-16T02:29:02.67,,3.501937603286933,-0.1562730632722378,,,
sanyo_033,,2013-03-16T02:29:12.64,,3.501937603286933,-0.1576809287071228,,,
sanyo_033,,2013-03-16T02:29:22.64,,3.501937603286933,-0.1576809287071228,,,
sanyo_033,,2013-03-16T02:29:32.67,,3.50230155439931,-0.1562730632722378,,,
sanyo_033,,2013-03-16T02:29:42.65,,3.501937603286933,-0.1548651978373528,,,
sanyo_033,,2013-03-16T02:29:52.62,,3.50230155439931,-0.1534573324024677,,,
sanyo_033,,2013-03-16T02:29:52.71,,3.501937603286933,-0.1520494669675827,,,
sanyo_033,,2013-03-16T02:29:53.21,,3.509196420956869,0.0084429017733782,,,
sanyo_033,,2013-03-16T02:29:53.36,,3.58416991843842,1.910910101374611,,,
sanyo_033,,2013-03-16T02:29:53.36,,3.58416991843842,1.910910101374611,,,
sanyo_033,,2013-03-16T02:29:53.42,,3.694082521542441,4.110286013339646,,,
sanyo_033,,2013-03-16T02:29:53.42,,3.694082521542441,4.110286013339646,,,
sanyo_033,,2013-03-16T02:29:53.93,,3.704273094015662,4.103250261861831,,,
sanyo_033,,2013-03-16T02:29:55.44,,3.714827615505783,4.101843111566268,,,
sanyo_033,,2013-03-16T02:29:57.57,,3.725382136995904,4.101843111566268,,,
sanyo_033,,2013-03-16T02:30:00.32,,3.735572709469125,4.100435961270705,,,
sanyo_033,,2013-03-16T02:30:03.17,,3.744307485874742,4.104657412157394,,,
sanyo_033,,2013-03-16T02:30:03.58,,3.745763281942345,4.106064562452957,,,
sanyo_033,,2013-03-16T02:30:07.33,,3.755953854415566,4.097621660679579,,,
sanyo_033,,2013-03-16T02:30:11.35,,3.766144426888786,4.100435961270705,,,
sanyo_033,,2013-03-16T02:30:13.14,,3.769056019023992,4.099028810975142,,,
sanyo_033,,2013-03-16T02:30:16.33,,3.776334999362007,4.100435961270705,,,
sanyo_033,,2013-03-16T02:30:21.98,,3.786525571835227,4.103250261861831,,,
sanyo_033,,2013-03-16T02:30:23.13,,3.789073214953532,4.101843111566268,,,
sanyo_033,,2013-03-16T02:30:28.04,,3.796716144308448,4.099028810975142,,,
sanyo_033,,2013-03-16T02:30:33.12,,3.803995124646463,4.101843111566268,,,
sanyo_033,,2013-03-16T02:30:34.97,,3.806906716781668,4.103250261861831,,,
sanyo_033,,2013-03-16T02:30:43.05,,3.817097289254889,4.100435961270705,,,
sanyo_033,,2013-03-16T02:30:43.16,,3.81746123827179,4.103250261861831,,,
sanyo_033,,2013-03-16T02:30:52.15,,3.827287861728109,4.099028810975142,,,
sanyo_033,,2013-03-16T02:30:53.14,,3.827287861728109,4.096214510384016,,,
sanyo_033,,2013-03-16T02:31:03.17,,3.836022638133727,4.096214510384016,,,
sanyo_033,,2013-03-16T02:31:04.32,,3.83747843420133,4.104657412157394,,,
sanyo_033,,2013-03-16T02:31:13.15,,3.843665567488642,4.101843111566268,,,
sanyo_033,,2013-03-16T02:31:18.88,,3.847669006674551,4.099028810975142,,,
sanyo_033,,2013-03-16T02:31:23.14,,3.849488751759054,4.097621660679579,,,
sanyo_033,,2013-03-16T02:31:33.12,,3.854584037995664,4.099028810975142,,,
sanyo_033,,2013-03-16T02:31:39.02,,3.857859579147771,4.100435961270705,,,
sanyo_033,,2013-03-16T02:31:43.16,,3.858951426198473,4.101843111566268,,,
sanyo_033,,2013-03-16T02:31:53.13,,3.862954865384381,4.099028810975142,,,
sanyo_033,,2013-03-16T02:32:03.17,,3.866958304570289,4.100435961270705,,,
sanyo_033,,2013-03-16T02:32:04.57,,3.868050151620992,4.099028810975142,,,
sanyo_033,,2013-03-16T02:32:13.15,,3.870597794739297,4.097621660679579,,,
sanyo_033,,2013-03-16T02:32:23.14,,3.873873335891403,4.096214510384016,,,
sanyo_033,,2013-03-16T02:32:33.17,,3.87714887704351,4.099028810975142,,,
sanyo_033,,2013-03-16T02:32:35.39,,3.878240724094212,4.100435961270705,,,
sanyo_033,,2013-03-16T02:32:43.15,,3.879696520161815,4.099028810975142,,,
sanyo_033,,2013-03-16T02:32:53.13,,3.882972061313922,4.096214510384016,,,
sanyo_033,,2013-03-16T02:33:03.13,,3.886247602466028,4.099028810975142,,,
sanyo_033,,2013-03-16T02:33:10.94,,3.888431296567433,4.097621660679579,,,
sanyo_033,,2013-03-16T02:33:13.16,,3.888795245584333,4.096214510384016,,,
sanyo_033,,2013-03-16T02:33:23.15,,3.890978939685738,4.094807360088453,,,
sanyo_033,,2013-03-16T02:33:33.12,,3.894254480837844,4.097621660679579,,,
sanyo_033,,2013-03-16T02:33:43.15,,3.89716607297305,4.091993059497327,,,
sanyo_033,,2013-03-16T02:33:49.95,,3.897530021989951,4.059628602699377,,,
sanyo_033,,2013-03-16T02:33:53.12,,3.897893971006852,4.056814302108251,,,
sanyo_033,,2013-03-16T02:33:57.1,,3.897530021989951,4.008971192059107,,,
sanyo_033,,2013-03-16T02:34:03.16,,3.898257920023752,4.007564041763544,,,
sanyo_033,,2013-03-16T02:34:06.74,,3.897530021989951,3.956906631123275,,,
sanyo_033,,2013-03-16T02:34:13.14,,3.898257920023752,3.949870879645459,,,
sanyo_033,,2013-03-16T02:34:16.67,,3.898621869040653,3.94564942875877,,,
sanyo_033,,2013-03-16T02:34:20.42,,3.897893971006852,3.904842070187442,,,
sanyo_033,,2013-03-16T02:34:23.12,,3.897893971006852,3.89921346900519,,,
sanyo_033,,2013-03-16T02:34:31.19,,3.897530021989951,3.852777509251609,,,
sanyo_033,,2013-03-16T02:34:33.15,,3.897530021989951,3.849963208660483,,,
sanyo_033,,2013-03-16T02:34:40.02,,3.897530021989951,3.80212009861134,,,
sanyo_033,,2013-03-16T02:34:43.13,,3.897893971006852,3.807748699793592,,,
sanyo_033,,2013-03-16T02:34:52.19,,3.897530021989951,3.75146268797107,,,
sanyo_033,,2013-03-16T02:34:53.17,,3.898257920023752,3.759905589744449,,,
sanyo_033,,2013-03-16T02:35:03.16,,3.897893971006852,3.717691080877557,,,
sanyo_033,,2013-03-16T02:35:03.39,,3.897530021989951,3.696583826444112,,,
sanyo_033,,2013-03-16T02:35:13.14,,3.897893971006852,3.679698022897355,,,
sanyo_033,,2013-03-16T02:35:16.18,,3.897893971006852,3.645926415803842,,,
sanyo_033,,2013-03-16T02:35:23.13,,3.897893971006852,3.643112115212716,,,
sanyo_033,,2013-03-16T02:35:27.39,,3.897530021989951,3.59386185486801,,,
sanyo_033,,2013-03-16T02:35:33.16,,3.897530021989951,3.591047554276884,,,
sanyo_033,,2013-03-16T02:35:40.37,,3.897530021989951,3.538982993341051,,,
sanyo_033,,2013-03-16T02:35:43.13,,3.897893971006852,3.548833045409992,,,
sanyo_033,,2013-03-16T02:35:51.94,,3.897530021989951,3.486918432405219,,,
sanyo_033,,2013-03-16T02:35:53.16,,3.897530021989951,3.492547033587471,,,
sanyo_033,,2013-03-16T02:36:02.79,,3.897530021989951,3.436261021764949,,,
sanyo_033,,2013-03-16T02:36:03.13,,3.897893971006852,3.434853871469386,,,
sanyo_033,,2013-03-16T02:36:12.94,,3.897530021989951,3.384196460829116,,,
sanyo_033,,2013-03-16T02:36:13.16,,3.897530021989951,3.39967511408031,,,
sanyo_033,,2013-03-16T02:36:23.14,,3.897893971006852,3.358867755508982,,,
sanyo_033,,2013-03-16T02:36:25.74,,3.897530021989951,3.329317599302158,,,
sanyo_033,,2013-03-16T02:36:33.17,,3.898257920023752,3.315246096346527,,,
sanyo_033,,2013-03-16T02:36:37.86,,3.897530021989951,3.275845888070762,,,
sanyo_033,,2013-03-16T02:36:43.15,,3.897893971006852,3.267402986297384,,,
sanyo_033,,2013-03-16T02:36:51.21,,3.897530021989951,3.22378132713493,,,
sanyo_033,,2013-03-16T02:36:53.12,,3.897893971006852,3.235038529499434,,,
sanyo_033,,2013-03-16T02:37:03.15,,3.897530021989951,3.170309615903534,,,
sanyo_033,,2013-03-16T02:37:03.16,,3.897530021989951,3.170309615903534,,,
sanyo_033,,2013-03-16T02:37:13.13,,3.897893971006852,3.139352309401147,,,
sanyo_033,,2013-03-16T02:37:14.0,,3.897530021989951,3.119652205263265,,,
sanyo_033,,2013-03-16T02:37:23.13,,3.897530021989951,3.097137800534256,,,
sanyo_033,,2013-03-16T02:37:26.7,,3.897530021989951,3.063366193440743,,,
sanyo_033,,2013-03-16T02:37:33.17,,3.897893971006852,3.050701840780675,,,
sanyo_033,,2013-03-16T02:37:39.82,,3.897530021989951,3.012708782800473,,,
sanyo_033,,2013-03-16T02:37:43.14,,3.897893971006852,3.015523083391599,,,
sanyo_033,,2013-03-16T02:37:51.54,,3.897530021989951,2.960644221864641,,,
sanyo_033,,2013-03-16T02:37:53.17,,3.898257920023752,2.966272823046893,,,
sanyo_033,,2013-03-16T02:38:03.14,,3.897893971006852,2.912801111815497,,,
sanyo_033,,2013-03-16T02:38:04.58,,3.897530021989951,2.904358210042119,,,
sanyo_033,,2013-03-16T02:38:13.17,,3.897530021989951,2.86777230235748,,,
sanyo_033,,2013-03-16T02:38:17.73,,3.897530021989951,2.852293649106287,,,
sanyo_033,,2013-03-16T02:38:23.13,,3.897893971006852,2.845257897628471,,,
sanyo_033,,2013-03-16T02:38:33.13,,3.897893971006852,2.818522042012774,,,
sanyo_033,,2013-03-16T02:38:34.06,,3.897893971006852,2.801636238466017,,,
sanyo_033,,2013-03-16T02:38:43.16,,3.897530021989951,2.760828879894689,,,
sanyo_033,,2013-03-16T02:38:46.04,,3.897530021989951,2.749571677530184,,,
sanyo_033,,2013-03-16T02:38:53.13,,3.897893971006852,2.743943076347932,,,
sanyo_033,,2013-03-16T02:39:00.88,,3.897530021989951,2.698914266889915,,,
sanyo_033,,2013-03-16T02:39:03.16,,3.898257920023752,2.704542868072167,,,
sanyo_033,,2013-03-16T02:39:13.14,,3.898257920023752,2.679214162752032,,,
sanyo_033,,2013-03-16T02:39:16.27,,3.897530021989951,2.648256856249645,,,
sanyo_033,,2013-03-16T02:39:23.12,,3.897530021989951,2.635592503589578,,,
sanyo_033,,2013-03-16T02:39:29.03,,3.897530021989951,2.596192295313813,,,
sanyo_033,,2013-03-16T02:39:33.15,,3.897893971006852,2.601820896496065,,,
sanyo_033,,2013-03-16T02:39:42.59,,3.897530021989951,2.54412773437798,,,
sanyo_033,,2013-03-16T02:39:43.12,,3.897530021989951,2.559606387629174,,,
sanyo_033,,2013-03-16T02:39:53.15,,3.897893971006852,2.518799029057846,,,
sanyo_033,,2013-03-16T02:39:57.85,,3.897893971006852,2.489248872851022,,,
sanyo_033,,2013-03-16T02:40:03.12,,3.897893971006852,2.492063173442148,,,
sanyo_033,,2013-03-16T02:40:13.16,,3.897893971006852,2.454070115461946,,,
sanyo_033,,2013-03-16T02:40:13.87,,3.897530021989951,2.438591462210752,,,
sanyo_033,,2013-03-16T02:40:23.15,,3.897530021989951,2.417484207777306,,,
sanyo_033,,2013-03-16T02:40:31.72,,3.897893971006852,2.38652690127492,,,
sanyo_033,,2013-03-16T02:40:33.12,,3.897530021989951,2.378083999501541,,,
sanyo_033,,2013-03-16T02:40:43.15,,3.898257920023752,2.356976745068096,,,
sanyo_033,,2013-03-16T02:40:44.27,,3.897530021989951,2.328833739156835,,,
sanyo_033,,2013-03-16T02:40:53.13,,3.897893971006852,2.318983687087894,,,
sanyo_033,,2013-03-16T02:40:58.77,,3.897893971006852,2.278176328516565,,,
sanyo_033,,2013-03-16T02:41:03.16,,3.897893971006852,2.272547727334313,,,
sanyo_033,,2013-03-16T02:41:13.14,,3.897893971006852,2.237368969945237,,,
sanyo_033,,2013-03-16T02:41:13.32,,3.897530021989951,2.227518917876296,,,
sanyo_033,,2013-03-16T02:41:23.13,,3.897893971006852,2.213447414920665,,,
sanyo_033,,2013-03-16T02:41:28.03,,3.897530021989951,2.176861507236026,,,
sanyo_033,,2013-03-16T02:41:33.16,,3.898257920023752,2.1740472066449,,,
sanyo_033,,2013-03-16T02:41:43.13,,3.897893971006852,2.14168274984695,,,
sanyo_033,,2013-03-16T02:41:44.01,,3.897530021989951,2.117761194822379,,,
sanyo_033,,2013-03-16T02:41:53.15,,3.897893971006852,2.098061090684496,,,
sanyo_033,,2013-03-16T02:42:02.57,,3.897893971006852,2.061475182999857,,,
sanyo_033,,2013-03-16T02:42:03.13,,3.897893971006852,2.075546685955487,,,
sanyo_033,,2013-03-16T02:42:13.17,,3.897893971006852,2.031925026793033,,,
sanyo_033,,2013-03-16T02:42:19.29,,3.897530021989951,2.010817772359587,,,
sanyo_033,,2013-03-16T02:42:23.15,,3.897893971006852,2.013632072950713,,,
sanyo_033,,2013-03-16T02:42:33.13,,3.897893971006852,1.975639014970511,,,
sanyo_033,,2013-03-16T02:42:34.05,,3.897893971006852,1.957346061128192,,,
sanyo_033,,2013-03-16T02:42:43.16,,3.897530021989951,1.927795904921368,,,
sanyo_033,,2013-03-16T02:42:47.72,,3.89716607297305,1.906688650487922,,,
sanyo_033,,2013-03-16T02:42:53.14,,3.897893971006852,1.903874349896796,,,
sanyo_033,,2013-03-16T02:43:03.12,,3.897893971006852,1.877138494281098,,,
sanyo_033,,2013-03-16T02:43:09.06,,3.897530021989951,1.856031239847653,,,
sanyo_033,,2013-03-16T02:43:13.15,,3.897893971006852,1.851809788960964,,,
sanyo_033,,2013-03-16T02:43:23.14,,3.897530021989951,1.82225963275414,,,
sanyo_033,,2013-03-16T02:43:24.81,,3.897530021989951,1.802559528616257,,,
sanyo_033,,2013-03-16T02:43:33.18,,3.897893971006852,1.791302326251753,,,
sanyo_033,,2013-03-16T02:43:43.15,,3.897530021989951,1.758937869453803,,,
sanyo_033,,2013-03-16T02:43:45.0,,3.897530021989951,1.747680667089298,,,
sanyo_033,,2013-03-16T02:43:53.13,,3.897893971006852,1.737830615020357,,,
sanyo_033,,2013-03-16T02:44:02.53,,3.897530021989951,1.695616106153466,,,
sanyo_033,,2013-03-16T02:44:03.12,,3.897893971006852,1.708280458813533,,,
sanyo_033,,2013-03-16T02:44:13.15,,3.897893971006852,1.678730302606709,,,
sanyo_033,,2013-03-16T02:44:22.62,,3.897530021989951,1.643551545217633,,,
sanyo_033,,2013-03-16T02:44:23.13,,3.898257920023752,1.653401597286575,,,
sanyo_033,,2013-03-16T02:44:33.17,,3.897530021989951,1.618222839897499,,,
sanyo_033,,2013-03-16T02:44:40.62,,3.897530021989951,1.592894134577364,,,
sanyo_033,,2013-03-16T02:44:43.15,,3.897893971006852,1.606965637532994,,,
sanyo_033,,2013-03-16T02:44:53.14,,3.897530021989951,1.576008331030607,,,
sanyo_033,,2013-03-16T02:44:58.47,,3.897530021989951,1.538015273050405,,,
sanyo_033,,2013-03-16T02:45:03.17,,3.897893971006852,1.547865325119346,,,
sanyo_033,,2013-03-16T02:45:13.15,,3.897893971006852,1.521129469503649,,,
sanyo_033,,2013-03-16T02:45:23.14,,3.897893971006852,1.505650816252455,,,
sanyo_033,,2013-03-16T02:45:24.47,,3.897530021989951,1.48454356181901,,,
sanyo_033,,2013-03-16T02:45:33.16,,3.897893971006852,1.469064908567816,,,
sanyo_033,,2013-03-16T02:45:43.13,,3.897893971006852,1.442329052952118,,,
sanyo_033,,2013-03-16T02:45:44.98,,3.897530021989951,1.43388615117874,,,
sanyo_033,,2013-03-16T02:45:53.17,,3.897893971006852,1.424036099109799,,,
sanyo_033,,2013-03-16T02:46:02.39,,3.897530021989951,1.374785838765092,,,
sanyo_033,,2013-03-16T02:46:03.14,,3.897893971006852,1.394485942902975,,,
sanyo_033,,2013-03-16T02:46:13.12,,3.897893971006852,1.371971538173966,,,
sanyo_033,,2013-03-16T02:46:23.12,,3.897893971006852,1.345235682558268,,,
sanyo_033,,2013-03-16T02:46:28.37,,3.897530021989951,1.32272127782926,,,
sanyo_033,,2013-03-16T02:46:33.17,,3.897893971006852,1.335385630489327,,,
sanyo_033,,2013-03-16T02:46:43.15,,3.897530021989951,1.310056925169192,,,
sanyo_033,,2013-03-16T02:46:53.18,,3.897893971006852,1.284728219849058,,,
sanyo_033,,2013-03-16T02:46:56.35,,3.897530021989951,1.270656716893427,,,
sanyo_033,,2013-03-16T02:47:03.16,,3.897893971006852,1.267842416302301,,,
sanyo_033,,2013-03-16T02:47:13.12,,3.897893971006852,1.23969941039104,,,
sanyo_033,,2013-03-16T02:47:15.48,,3.897530021989951,1.218592155957595,,,
sanyo_033,,2013-03-16T02:47:23.16,,3.897893971006852,1.231256508617662,,,
sanyo_033,,2013-03-16T02:47:33.13,,3.897893971006852,1.210149254184216,,,
sanyo_033,,2013-03-16T02:47:43.17,,3.897530021989951,1.186227699159645,,,
sanyo_033,,2013-03-16T02:47:44.04,,3.89716607297305,1.163713294430636,,,
sanyo_033,,2013-03-16T02:47:53.14,,3.897893971006852,1.166527595021762,,,
sanyo_033,,2013-03-16T02:48:03.16,,3.897893971006852,1.14260603999719,,,
sanyo_033,,2013-03-16T02:48:13.13,,3.898257920023752,1.129941687337123,,,
sanyo_033,,2013-03-16T02:48:13.6,,3.897893971006852,1.111648733494803,,,
sanyo_033,,2013-03-16T02:48:23.17,,3.897893971006852,1.103205831721425,,,
sanyo_033,,2013-03-16T02:48:33.15,,3.898257920023752,1.097577230539173,,,
sanyo_033,,2013-03-16T02:48:41.19,,3.897530021989951,1.058177022263408,,,
sanyo_033,,2013-03-16T02:48:43.12,,3.897893971006852,1.079284276696853,,,
sanyo_033,,2013-03-16T02:48:53.15,,3.897893971006852,1.059584172558971,,,
sanyo_033,,2013-03-16T02:49:03.12,,3.897893971006852,1.035662617534399,,,
sanyo_033,,2013-03-16T02:49:09.29,,3.897530021989951,1.003298160736449,,,
sanyo_033,,2013-03-16T02:49:13.17,,3.897893971006852,1.003298160736449,,,
sanyo_033,,2013-03-16T02:49:23.15,,3.898257920023752,1.004705311032012,,,
sanyo_033,,2013-03-16T02:49:33.13,,3.897530021989951,0.9878195074852556,,,
sanyo_033,,2013-03-16T02:49:42.41,,3.897530021989951,0.9512335998006164,,,
sanyo_033,,2013-03-16T02:49:43.16,,3.897893971006852,0.9568622009828688,,,
sanyo_033,,2013-03-16T02:49:53.13,,3.897893971006852,0.9582693512784316,,,
sanyo_033,,2013-03-16T02:50:03.16,,3.897893971006852,0.9301263453671708,,,
sanyo_033,,2013-03-16T02:50:13.14,,3.897893971006852,0.9076119406381622,,,
sanyo_033,,2013-03-16T02:50:20.59,,3.897530021989951,0.8963547382736579,,,
sanyo_033,,2013-03-16T02:50:23.13,,3.897893971006852,0.8991690388647839,,,
sanyo_033,,2013-03-16T02:50:33.17,,3.897893971006852,0.8949475879780948,,,
sanyo_033,,2013-03-16T02:50:43.15,,3.897893971006852,0.8780617844313383,,,
sanyo_033,,2013-03-16T02:50:53.14,,3.897893971006852,0.8597688305890188,,,
sanyo_033,,2013-03-16T02:50:56.28,,3.897530021989951,0.8456973276333883,,,
sanyo_033,,2013-03-16T02:51:03.12,,3.897530021989951,0.8527330791112036,,,
sanyo_033,,2013-03-16T02:51:13.16,,3.898257920023752,0.8499187785200775,,,
sanyo_033,,2013-03-16T02:51:23.16,,3.897893971006852,0.8274043737910688,,,
sanyo_033,,2013-03-16T02:51:32.15,,3.89716607297305,0.7837827146286145,,,
sanyo_033,,2013-03-16T02:51:33.13,,3.898257920023752,0.8105185702443123,,,
sanyo_033,,2013-03-16T02:51:43.16,,3.897530021989951,0.7880041655153036,,,
sanyo_033,,2013-03-16T02:51:53.14,,3.897893971006852,0.7950399169931188,,,
sanyo_033,,2013-03-16T02:52:03.12,,3.898257920023752,0.7809684140374884,,,
sanyo_033,,2013-03-16T02:52:13.16,,3.897893971006852,0.7626754601951689,,,
sanyo_033,,2013-03-16T02:52:19.27,,3.897530021989951,0.7260895525105298,,,
sanyo_033,,2013-03-16T02:52:23.14,,3.897893971006852,0.7542325584217906,,,
sanyo_033,,2013-03-16T02:52:33.12,,3.897893971006852,0.7289038531016558,,,
sanyo_033,,2013-03-16T02:52:43.16,,3.897893971006852,0.7148323501460254,,,
sanyo_033,,2013-03-16T02:52:53.15,,3.897530021989951,0.700760847190395,,,
sanyo_033,,2013-03-16T02:53:03.12,,3.897893971006852,0.6923179454170167,,,
sanyo_033,,2013-03-16T02:53:05.61,,3.89716607297305,0.6754321418702602,,,
sanyo_033,,2013-03-16T02:53:13.16,,3.898257920023752,0.6895036448258907,,,
sanyo_033,,2013-03-16T02:53:23.15,,3.897893971006852,0.6712106909835711,,,
sanyo_033,,2013-03-16T02:53:33.13,,3.897893971006852,0.6613606389146298,,,
sanyo_033,,2013-03-16T02:53:43.17,,3.897530021989951,0.6388462341856211,,,
sanyo_033,,2013-03-16T02:53:46.87,,3.897530021989951,0.6191461300477386,,,
sanyo_033,,2013-03-16T02:53:53.15,,3.897893971006852,0.6289961821166798,,,
sanyo_033,,2013-03-16T02:54:03.12,,3.897530021989951,0.6261818815255538,,,
sanyo_033,,2013-03-16T02:54:13.17,,3.898257920023752,0.6374390838900581,,,
sanyo_033,,2013-03-16T02:54:23.16,,3.898257920023752,0.6191461300477386,,,
sanyo_033,,2013-03-16T02:54:33.14,,3.897530021989951,0.5895959738409147,,,
sanyo_033,,2013-03-16T02:54:43.12,,3.897893971006852,0.5910031241364777,,,
sanyo_033,,2013-03-16T02:54:53.15,,3.897530021989951,0.5741173205897212,,,
sanyo_033,,2013-03-16T02:54:53.38,,3.897530021989951,0.565674418816343,,,
sanyo_033,,2013-03-16T02:55:03.12,,3.897530021989951,0.5572315170429647,,,
sanyo_033,,2013-03-16T02:55:13.12,,3.897530021989951,0.5572315170429647,,,
sanyo_033,,2013-03-16T02:55:23.17,,3.897530021989951,0.5501957655651495,,,
sanyo_033,,2013-03-16T02:55:33.14,,3.897893971006852,0.5417528637917712,,,
sanyo_033,,2013-03-16T02:55:43.17,,3.897893971006852,0.5445671643828973,,,
sanyo_033,,2013-03-16T02:55:45.9,,3.897530021989951,0.5150170081760734,,,
sanyo_033,,2013-03-16T02:55:53.13,,3.897893971006852,0.5248670602450147,,,
sanyo_033,,2013-03-16T02:56:03.12,,3.898257920023752,0.5234599099494517,,,
sanyo_033,,2013-03-16T02:56:13.15,,3.898621869040653,0.5206456093583256,,,
sanyo_033,,2013-03-16T02:56:23.14,,3.898257920023752,0.5079812566982582,,,
sanyo_033,,2013-03-16T02:56:33.12,,3.897893971006852,0.4910954531515017,,,
sanyo_033,,2013-03-16T02:56:43.16,,3.898257920023752,0.4925026034470648,,,
sanyo_033,,2013-03-16T02:56:44.16,,3.897530021989951,0.4643595975358039,,,
sanyo_033,,2013-03-16T02:56:53.14,,3.897530021989951,0.468581048422493,,,
sanyo_033,,2013-03-16T02:57:03.17,,3.897893971006852,0.4812454010825604,,,
sanyo_033,,2013-03-16T02:57:13.14,,3.897530021989951,0.4601381466491148,,,
sanyo_033,,2013-03-16T02:57:23.13,,3.897530021989951,0.4474737939890474,,,
sanyo_033,,2013-03-16T02:57:33.17,,3.897893971006852,0.4531023951712996,,,
sanyo_033,,2013-03-16T02:57:43.15,,3.897893971006852,0.4390308922156692,,,
sanyo_033,,2013-03-16T02:57:53.14,,3.897893971006852,0.4249593892600387,,,
sanyo_033,,2013-03-16T02:58:01.51,,3.897893971006852,0.4122950365999714,,,
sanyo_033,,2013-03-16T02:58:03.12,,3.897530021989951,0.4193307880777866,,,
sanyo_033,,2013-03-16T02:58:13.16,,3.897530021989951,0.4108878863044083,,,
sanyo_033,,2013-03-16T02:58:23.15,,3.898257920023752,0.4108878863044083,,,
sanyo_033,,2013-03-16T02:58:33.13,,3.897530021989951,0.401037834235467,,,
sanyo_033,,2013-03-16T02:58:43.17,,3.897893971006852,0.4122950365999714,,,
sanyo_033,,2013-03-16T02:58:53.16,,3.898257920023752,0.4151093371910974,,,
sanyo_033,,2013-03-16T02:59:03.14,,3.897530021989951,0.3883734815753996,,,
sanyo_033,,2013-03-16T02:59:13.12,,3.897893971006852,0.3883734815753996,,,
sanyo_033,,2013-03-16T02:59:23.15,,3.897893971006852,0.3841520306887105,,,
sanyo_033,,2013-03-16T02:59:33.13,,3.897893971006852,0.3771162792108953,,,
sanyo_033,,2013-03-16T02:59:40.17,,3.897530021989951,0.3616376259597018,,,
sanyo_033,,2013-03-16T02:59:43.17,,3.897893971006852,0.3700805277330801,,,
sanyo_033,,2013-03-16T02:59:53.15,,3.897893971006852,0.3588233253685758,,,
sanyo_033,,2013-03-16T02:59:53.3,,3.897893971006852,0.367266227141954,,,
sanyo_033,,2013-03-16T02:59:53.84,,3.883358369057532,-0.00281573086977,,,
sanyo_033,,2013-03-16T02:59:53.98,,3.800013564323308,-2.192046482115984,,,
sanyo_033,,2013-03-16T02:59:53.98,,3.800013564323308,-2.192046482115984,,,
sanyo_033,,2013-03-16T02:59:54.04,,3.718488515150966,-4.103927742689848,,,
sanyo_033,,2013-03-16T02:59:54.04,,3.718488515150966,-4.103927742689848,,,
sanyo_033,,2013-03-16T02:59:54.67,,3.707933932892047,-4.099704146385193,,,
sanyo_033,,2013-03-16T02:59:55.9,,3.697743301745504,-4.103927742689848,,,
sanyo_033,,2013-03-16T02:59:57.81,,3.687552670598961,-4.098296280950308,,,
sanyo_033,,2013-03-16T03:00:00.04,,3.677362039452419,-4.099704146385193,,,
sanyo_033,,2013-03-16T03:00:02.7,,3.667171408305876,-4.101112011820078,,,
sanyo_033,,2013-03-16T03:00:03.68,,3.663895848294487,-4.098296280950308,,,
sanyo_033,,2013-03-16T03:00:05.93,,3.656980777159333,-4.098296280950308,,,
sanyo_033,,2013-03-16T03:00:09.6,,3.646790146012791,-4.102519877254963,,,
sanyo_033,,2013-03-16T03:00:13.61,,3.636599514866248,-4.099704146385193,,,
sanyo_033,,2013-03-16T03:00:13.67,,3.636599514866248,-4.098296280950308,,,
sanyo_033,,2013-03-16T03:00:18.23,,3.626408883719705,-4.098296280950308,,,
sanyo_033,,2013-03-16T03:00:23.07,,3.616218252573162,-4.099704146385193,,,
sanyo_033,,2013-03-16T03:00:23.7,,3.615490350348409,-4.099704146385193,,,
sanyo_033,,2013-03-16T03:00:29.21,,3.60602762142662,-4.099704146385193,,,
sanyo_033,,2013-03-16T03:00:33.7,,3.598748599179089,-4.101112011820078,,,
sanyo_033,,2013-03-16T03:00:35.54,,3.595836990280077,-4.098296280950308,,,
sanyo_033,,2013-03-16T03:00:42.65,,3.585646359133534,-4.098296280950308,,,
sanyo_033,,2013-03-16T03:00:43.68,,3.584918456908781,-4.099704146385193,,,
sanyo_033,,2013-03-16T03:00:50.69,,3.575455727986991,-4.101112011820078,,,
sanyo_033,,2013-03-16T03:00:53.71,,3.572544119087979,-4.098296280950308,,,
sanyo_033,,2013-03-16T03:01:00.02,,3.565265096840449,-4.099704146385193,,,
sanyo_033,,2013-03-16T03:01:03.69,,3.561625585716683,-4.099704146385193,,,
sanyo_033,,2013-03-16T03:01:09.94,,3.555074465693906,-4.108151338994503,,,
sanyo_033,,2013-03-16T03:01:13.68,,3.551798905682517,-4.099704146385193,,,
sanyo_033,,2013-03-16T03:01:20.85,,3.544883834547363,-4.106743473559618,,,
sanyo_033,,2013-03-16T03:01:23.66,,3.543064078985481,-4.099704146385193,,,
sanyo_033,,2013-03-16T03:01:33.69,,3.535421105625574,-4.099704146385193,,,
sanyo_033,,2013-03-16T03:01:33.75,,3.534693203400821,-4.105335608124733,,,
sanyo_033,,2013-03-16T03:01:43.68,,3.52741418115329,-4.099704146385193,,,
sanyo_033,,2013-03-16T03:01:48.23,,3.524502572254278,-4.099704146385193,,,
sanyo_033,,2013-03-16T03:01:53.71,,3.520863061130513,-4.099704146385193,,,
sanyo_033,,2013-03-16T03:02:02.29,,3.514311941107735,-4.103927742689848,,,
sanyo_033,,2013-03-16T03:02:03.69,,3.513220087770606,-4.099704146385193,,,
sanyo_033,,2013-03-16T03:02:13.67,,3.507032918860205,-4.102519877254963,,,
sanyo_033,,2013-03-16T03:02:17.37,,3.504121309961192,-4.105335608124733,,,
sanyo_033,,2013-03-16T03:02:23.71,,3.500845749949804,-4.096888415515423,,,
sanyo_033,,2013-03-16T03:02:28.56,,3.499389945500298,-4.040573798120022,,,
sanyo_033,,2013-03-16T03:02:30.22,,3.501573652174557,-3.989890642464161,,,
sanyo_033,,2013-03-16T03:02:33.26,,3.50230155439931,-3.9392074868083,,,
sanyo_033,,2013-03-16T03:02:33.67,,3.501937603286933,-3.946246813982725,,,
sanyo_033,,2013-03-16T03:02:37.36,,3.503029456624063,-3.887116465717554,,,
sanyo_033,,2013-03-16T03:02:43.7,,3.50120970106218,-3.875853542238474,,,
sanyo_033,,2013-03-16T03:02:45.92,,3.501573652174557,-3.836433310061693,,,
sanyo_033,,2013-03-16T03:02:49.08,,3.501937603286933,-3.784342288970947,,,
sanyo_033,,2013-03-16T03:02:53.68,,3.50230155439931,-3.746329922229052,,,
sanyo_033,,2013-03-16T03:02:54.73,,3.502665505511686,-3.729435537010431,,,
sanyo_033,,2013-03-16T03:03:00.17,,3.503393407736439,-3.677344515919685,,,
sanyo_033,,2013-03-16T03:03:03.67,,3.502665505511686,-3.65904226526618,,,
sanyo_033,,2013-03-16T03:03:09.52,,3.501937603286933,-3.625253494828939,,,
sanyo_033,,2013-03-16T03:03:13.7,,3.501937603286933,-3.598504051566124,,,
sanyo_033,,2013-03-16T03:03:16.72,,3.501573652174557,-3.571754608303309,,,
sanyo_033,,2013-03-16T03:03:22.74,,3.501937603286933,-3.521071452647448,,,
sanyo_033,,2013-03-16T03:03:23.7,,3.50230155439931,-3.508400663733482,,,
sanyo_033,,2013-03-16T03:03:29.15,,3.501937603286933,-3.470388296991587,,,
sanyo_033,,2013-03-16T03:03:33.67,,3.501937603286933,-3.446454584598541,,,
sanyo_033,,2013-03-16T03:03:36.93,,3.501573652174557,-3.419705141335726,,,
sanyo_033,,2013-03-16T03:03:43.69,,3.501573652174557,-3.38169277459383,,,
sanyo_033,,2013-03-16T03:03:44.69,,3.501573652174557,-3.366206254810095,,,
sanyo_033,,2013-03-16T03:03:52.38,,3.501573652174557,-3.311299502849579,,,
sanyo_033,,2013-03-16T03:03:53.68,,3.501573652174557,-3.304260175675154,,,
sanyo_033,,2013-03-16T03:04:00.23,,3.501573652174557,-3.257800616323948,,,
sanyo_033,,2013-03-16T03:04:03.7,,3.501937603286933,-3.245129827409983,,,
sanyo_033,,2013-03-16T03:04:09.06,,3.501573652174557,-3.204301729798317,,,
sanyo_033,,2013-03-16T03:04:13.67,,3.501937603286933,-3.177552286535502,,,
sanyo_033,,2013-03-16T03:04:18.91,,3.501573652174557,-3.152210708707571,,,
sanyo_033,,2013-03-16T03:04:23.7,,3.501573652174557,-3.10997474566102,,,
sanyo_033,,2013-03-16T03:04:23.88,,3.50230155439931,-3.09871182218194,,,
sanyo_033,,2013-03-16T03:04:33.67,,3.501573652174557,-3.063515186309815,,,
sanyo_033,,2013-03-16T03:04:35.14,,3.501937603286933,-3.046620801091194,,,
sanyo_033,,2013-03-16T03:04:43.7,,3.501573652174557,-3.005792703479528,,,
sanyo_033,,2013-03-16T03:04:46.05,,3.501937603286933,-2.994529780000448,,,
sanyo_033,,2013-03-16T03:04:53.68,,3.501573652174557,-2.956517413258553,,,
sanyo_033,,2013-03-16T03:04:57.14,,3.501573652174557,-2.942438758909702,,,
sanyo_033,,2013-03-16T03:05:03.67,,3.501573652174557,-2.908649988472462,,,
sanyo_033,,2013-03-16T03:05:07.76,,3.501573652174557,-2.891755603253841,,,
sanyo_033,,2013-03-16T03:05:13.7,,3.50120970106218,-2.863598294556141,,,
sanyo_033,,2013-03-16T03:05:16.8,,3.501573652174557,-2.841072447597981,,,
sanyo_033,,2013-03-16T03:05:23.71,,3.501573652174557,-2.808691542595625,,,
sanyo_033,,2013-03-16T03:05:25.63,,3.501573652174557,-2.79038929194212,,,
sanyo_033,,2013-03-16T03:05:33.69,,3.501573652174557,-2.760824117809534,,,
sanyo_033,,2013-03-16T03:05:39.0,,3.501573652174557,-2.739706136286259,,,
sanyo_033,,2013-03-16T03:05:43.67,,3.50120970106218,-2.729851078242064,,,
sanyo_033,,2013-03-16T03:05:48.86,,3.501937603286933,-2.689022980630398,,,
sanyo_033,,2013-03-16T03:05:53.7,,3.501573652174557,-2.672128595411778,,,
sanyo_033,,2013-03-16T03:06:01.9,,3.501573652174557,-2.638339824974537,,,
sanyo_033,,2013-03-16T03:06:03.67,,3.501937603286933,-2.625669036060572,,,
sanyo_033,,2013-03-16T03:06:12.5,,3.501573652174557,-2.586248803883791,,,
sanyo_033,,2013-03-16T03:06:13.71,,3.501937603286933,-2.590472400188446,,,
sanyo_033,,2013-03-16T03:06:23.69,,3.501573652174557,-2.545420706272125,,,
sanyo_033,,2013-03-16T03:06:24.95,,3.50120970106218,-2.53556564822793,,,
sanyo_033,,2013-03-16T03:06:33.67,,3.501573652174557,-2.50177687779069,,,
sanyo_033,,2013-03-16T03:06:37.55,,3.501937603286933,-2.484882492572069,,,
sanyo_033,,2013-03-16T03:06:43.66,,3.501937603286933,-2.462356645613909,,,
sanyo_033,,2013-03-16T03:06:50.34,,3.501937603286933,-2.434199336916208,,,
sanyo_033,,2013-03-16T03:06:53.69,,3.501573652174557,-2.434199336916208,,,
sanyo_033,,2013-03-16T03:07:03.71,,3.501573652174557,-2.394779104739428,,,
sanyo_033,,2013-03-16T03:07:06.42,,3.50230155439931,-2.380700450390577,,,
sanyo_033,,2013-03-16T03:07:13.69,,3.501573652174557,-2.360990334302187,,,
sanyo_033,,2013-03-16T03:07:20.68,,3.501937603286933,-2.330017294734716,,,
sanyo_033,,2013-03-16T03:07:23.68,,3.501573652174557,-2.328609429299831,,,
sanyo_033,,2013-03-16T03:07:33.71,,3.50120970106218,-2.296228524297476,,,
sanyo_033,,2013-03-16T03:07:37.4,,3.501573652174557,-2.279334139078856,,,
sanyo_033,,2013-03-16T03:07:43.68,,3.501937603286933,-2.251176830381155,,,
sanyo_033,,2013-03-16T03:07:49.76,,3.501937603286933,-2.228650983422995,,,
sanyo_033,,2013-03-16T03:07:53.66,,3.501573652174557,-2.22724311798811,,,
sanyo_033,,2013-03-16T03:08:03.69,,3.501937603286933,-2.190638616681099,,,
sanyo_033,,2013-03-16T03:08:07.79,,3.501573652174557,-2.177967827767134,,,
sanyo_033,,2013-03-16T03:08:13.67,,3.501573652174557,-2.169520635157824,,,
sanyo_033,,2013-03-16T03:08:23.71,,3.50120970106218,-2.131508268415928,,,
sanyo_033,,2013-03-16T03:08:23.95,,3.501937603286933,-2.127284672111273,,,
sanyo_033,,2013-03-16T03:08:33.7,,3.501937603286933,-2.099127363413572,,,
sanyo_033,,2013-03-16T03:08:42.86,,3.501937603286933,-2.070970054715872,,,
sanyo_033,,2013-03-16T03:08:43.66,,3.50120970106218,-2.076601516455412,,,
sanyo_033,,2013-03-16T03:08:53.71,,3.501937603286933,-2.048444207757711,,,
sanyo_033,,2013-03-16T03:09:01.05,,3.501573652174557,-2.020286899060011,,,
sanyo_033,,2013-03-16T03:09:03.68,,3.501573652174557,-2.018879033625126,,,
sanyo_033,,2013-03-16T03:09:13.66,,3.501573652174557,-1.994945321232081,,,
sanyo_033,,2013-03-16T03:09:21.69,,3.501573652174557,-1.96678801253438,,,
sanyo_033,,2013-03-16T03:09:23.69,,3.501573652174557,-1.96678801253438,,,
sanyo_033,,2013-03-16T03:09:33.68,,3.501937603286933,-1.94144643470645,,,
sanyo_033,,2013-03-16T03:09:42.12,,3.501573652174557,-1.916104856878519,,,
sanyo_033,,2013-03-16T03:09:43.71,,3.50120970106218,-1.916104856878519,,,
sanyo_033,,2013-03-16T03:09:51.28,,3.50230155439931,-1.864013835787773,,,
sanyo_033,,2013-03-16T03:09:53.68,,3.502665505511686,-1.864013835787773,,,
sanyo_033,,2013-03-16T03:10:03.71,,3.50230155439931,-1.852750912308693,,,
sanyo_033,,2013-03-16T03:10:13.69,,3.501573652174557,-1.852750912308693,,,
sanyo_033,,2013-03-16T03:10:23.36,,3.501573652174557,-1.810514949262142,,,
sanyo_033,,2013-03-16T03:10:23.66,,3.50120970106218,-1.821777872741222,,,
sanyo_033,,2013-03-16T03:10:33.71,,3.50230155439931,-1.782357640564442,,,
sanyo_033,,2013-03-16T03:10:35.69,,3.503029456624063,-1.755608197301626,,,
sanyo_033,,2013-03-16T03:10:43.67,,3.503029456624063,-1.742937408387661,,,
sanyo_033,,2013-03-16T03:10:53.69,,3.503029456624063,-1.730266619473696,,,
sanyo_033,,2013-03-16T03:11:03.71,,3.50230155439931,-1.721819426864386,,,
sanyo_033,,2013-03-16T03:11:13.5,,3.501937603286933,-1.70070144534111,,,
sanyo_033,,2013-03-16T03:11:13.68,,3.501937603286933,-1.714780099689961,,,
sanyo_033,,2013-03-16T03:11:23.71,,3.501937603286933,-1.68943852186203,,,
sanyo_033,,2013-03-16T03:11:33.69,,3.501573652174557,-1.66972840577364,,,
sanyo_033,,2013-03-16T03:11:41.82,,3.501573652174557,-1.650018289685249,,,
sanyo_033,,2013-03-16T03:11:43.66,,3.501937603286933,-1.644386827945709,,,
sanyo_033,,2013-03-16T03:11:53.7,,3.501937603286933,-1.624676711857319,,,
sanyo_033,,2013-03-16T03:12:03.66,,3.501573652174557,-1.603558730334044,,,
sanyo_033,,2013-03-16T03:12:04.54,,3.501573652174557,-1.599335134029388,,,
sanyo_033,,2013-03-16T03:12:13.7,,3.501573652174557,-1.588072210550308,,,
sanyo_033,,2013-03-16T03:12:23.68,,3.501937603286933,-1.568362094461918,,,
sanyo_033,,2013-03-16T03:12:33.26,,3.501573652174557,-1.548651978373528,,,
sanyo_033,,2013-03-16T03:12:33.66,,3.501573652174557,-1.548651978373528,,,
sanyo_033,,2013-03-16T03:12:43.69,,3.501573652174557,-1.530349727720022,,,
sanyo_033,,2013-03-16T03:12:53.71,,3.501573652174557,-1.514863207936287,,,
sanyo_033,,2013-03-16T03:13:03.69,,3.501573652174557,-1.499376688152552,,,
sanyo_033,,2013-03-16T03:13:04.61,,3.501937603286933,-1.496560957282782,,,
sanyo_033,,2013-03-16T03:13:13.67,,3.50120970106218,-1.483890168368816,,,
sanyo_033,,2013-03-16T03:13:23.69,,3.50230155439931,-1.464180052280426,,,
sanyo_033,,2013-03-16T03:13:31.54,,3.501573652174557,-1.445877801626921,,,
sanyo_033,,2013-03-16T03:13:33.68,,3.501573652174557,-1.451509263366461,,,
sanyo_033,,2013-03-16T03:13:43.67,,3.50230155439931,-1.434614878147841,,,
sanyo_033,,2013-03-16T03:13:53.7,,3.501937603286933,-1.410681165754795,,,
sanyo_033,,2013-03-16T03:14:03.68,,3.501937603286933,-1.396602511405945,,,
sanyo_033,,2013-03-16T03:14:03.79,,3.501937603286933,-1.393786780536175,,,
sanyo_033,,2013-03-16T03:14:13.71,,3.501573652174557,-1.376892395317555,,,
sanyo_033,,2013-03-16T03:14:23.68,,3.501937603286933,-1.361405875533819,,,
sanyo_033,,2013-03-16T03:14:33.67,,3.501937603286933,-1.352958682924509,,,
sanyo_033,,2013-03-16T03:14:36.37,,3.501937603286933,-1.340287894010544,,,
sanyo_033,,2013-03-16T03:14:43.7,,3.50120970106218,-1.330432835966349,,,
sanyo_033,,2013-03-16T03:14:53.66,,3.501937603286933,-1.310722719877958,,,
sanyo_033,,2013-03-16T03:15:03.69,,3.501937603286933,-1.296644065529108,,,
sanyo_033,,2013-03-16T03:15:10.25,,3.501573652174557,-1.289604738354683,,,
sanyo_033,,2013-03-16T03:15:13.67,,3.501573652174557,-1.288196872919798,,,
sanyo_033,,2013-03-16T03:15:23.71,,3.50120970106218,-1.272710353136063,,,
sanyo_033,,2013-03-16T03:15:33.7,,3.501573652174557,-1.260039564222097,,,
sanyo_033,,2013-03-16T03:15:43.68,,3.501573652174557,-1.243145179003477,,,
sanyo_033,,2013-03-16T03:15:45.07,,3.501573652174557,-1.238921582698822,,,
sanyo_033,,2013-03-16T03:15:53.7,,3.50230155439931,-1.222027197480202,,,
sanyo_033,,2013-03-16T03:16:03.68,,3.501573652174557,-1.216395735740662,,,
sanyo_033,,2013-03-16T03:16:13.67,,3.501937603286933,-1.202317081391811,,,
sanyo_033,,2013-03-16T03:16:23.69,,3.501573652174557,-1.193869888782501,,,
sanyo_033,,2013-03-16T03:16:25.91,,3.50120970106218,-1.185422696173191,,,
sanyo_033,,2013-03-16T03:16:33.7,,3.501573652174557,-1.179791234433651,,,
sanyo_033,,2013-03-16T03:16:43.67,,3.501937603286933,-1.155857522040606,,,
sanyo_033,,2013-03-16T03:16:53.71,,3.501573652174557,-1.155857522040606,,,
sanyo_033,,2013-03-16T03:17:02.91,,3.501937603286933,-1.13473954051733,,,
sanyo_033,,2013-03-16T03:17:03.68,,3.501937603286933,-1.13473954051733,,,
sanyo_033,,2013-03-16T03:17:13.66,,3.501937603286933,-1.12910807877779,,,
sanyo_033,,2013-03-16T03:17:23.69,,3.501937603286933,-1.10658223181963,,,
sanyo_033,,2013-03-16T03:17:33.68,,3.501573652174557,-1.105174366384745,,,
sanyo_033,,2013-03-16T03:17:43.71,,3.501573652174557,-1.089687846601009,,,
sanyo_033,,2013-03-16T03:17:48.99,,3.501937603286933,-1.082648519426584,,,
sanyo_033,,2013-03-16T03:17:53.7,,3.501573652174557,-1.078424923121929,,,
sanyo_033,,2013-03-16T03:18:03.66,,3.50120970106218,-1.071385595947504,,,
sanyo_033,,2013-03-16T03:18:13.7,,3.501573652174557,-1.055899076163769,,,
sanyo_033,,2013-03-16T03:18:23.68,,3.501573652174557,-1.046044018119574,,,
sanyo_033,,2013-03-16T03:18:33.67,,3.501573652174557,-1.037596825510263,,,
sanyo_033,,2013-03-16T03:18:39.47,,3.501573652174557,-1.031965363770723,,,
sanyo_033,,2013-03-16T03:18:43.69,,3.501573652174557,-1.022110305726528,,,
sanyo_033,,2013-03-16T03:18:53.67,,3.501573652174557,-1.013663113117218,,,
sanyo_033,,2013-03-16T03:19:03.7,,3.501573652174557,-0.9995844587683678,,,
sanyo_033,,2013-03-16T03:19:13.68,,3.501573652174557,-0.9939529970288276,,,
sanyo_033,,2013-03-16T03:19:23.67,,3.50230155439931,-0.9855058044195176,,,
sanyo_033,,2013-03-16T03:19:29.27,,3.50120970106218,-0.9770586118102074,,,
sanyo_033,,2013-03-16T03:19:33.66,,3.501937603286933,-0.9742428809404372,,,
sanyo_033,,2013-03-16T03:19:43.7,,3.501573652174557,-0.9686114192008972,,,
sanyo_033,,2013-03-16T03:19:53.67,,3.501937603286933,-0.9446777068078518,,,
sanyo_033,,2013-03-16T03:20:03.69,,3.501573652174557,-0.9404541105031968,,,
sanyo_033,,2013-03-16T03:20:13.66,,3.50120970106218,-0.9390462450683116,,,
sanyo_033,,2013-03-16T03:20:22.61,,3.501573652174557,-0.9263754561543464,,,
sanyo_033,,2013-03-16T03:20:23.7,,3.501573652174557,-0.9263754561543464,,,
sanyo_033,,2013-03-16T03:20:33.7,,3.501937603286933,-0.9193361289799212,,,
sanyo_033,,2013-03-16T03:20:43.67,,3.501937603286933,-0.9094810709357262,,,
sanyo_033,,2013-03-16T03:20:53.67,,3.501937603286933,-0.901033878326416,,,
sanyo_033,,2013-03-16T03:21:03.69,,3.50230155439931,-0.8813237622380257,,,
sanyo_033,,2013-03-16T03:21:13.21,,3.501573652174557,-0.8742844350636005,,,
sanyo_033,,2013-03-16T03:21:13.67,,3.501573652174557,-0.8728765696287155,,,
sanyo_033,,2013-03-16T03:21:23.71,,3.500845749949804,-0.8658372424542904,,,
sanyo_033,,2013-03-16T03:21:33.7,,3.501937603286933,-0.8573900498449802,,,
sanyo_033,,2013-03-16T03:21:43.68,,3.501937603286933,-0.8559821844100952,,,
sanyo_033,,2013-03-16T03:21:53.71,,3.501573652174557,-0.84331139549613,,,
sanyo_033,,2013-03-16T03:22:03.68,,3.501937603286933,-0.8306406065821648,,,
sanyo_033,,2013-03-16T03:22:06.58,,3.501573652174557,-0.8236012794077396,,,
sanyo_033,,2013-03-16T03:22:13.68,,3.501573652174557,-0.8221934139728546,,,
sanyo_033,,2013-03-16T03:22:23.66,,3.501573652174557,-0.8123383559286594,,,
sanyo_033,,2013-03-16T03:22:33.66,,3.50230155439931,-0.8010754324495792,,,
sanyo_033,,2013-03-16T03:22:43.7,,3.501937603286933,-0.7954439707100391,,,
sanyo_033,,2013-03-16T03:22:53.68,,3.501937603286933,-0.7940361052751541,,,
sanyo_033,,2013-03-16T03:23:03.7,,3.501573652174557,-0.7841810472309589,,,
sanyo_033,,2013-03-16T03:23:13.69,,3.50120970106218,-0.7841810472309589,,,
sanyo_033,,2013-03-16T03:23:21.87,,3.501573652174557,-0.7729181237518787,,,
sanyo_033,,2013-03-16T03:23:23.68,,3.501573652174557,-0.7757338546216488,,,
sanyo_033,,2013-03-16T03:23:33.67,,3.50230155439931,-0.7588394694030285,,,
sanyo_033,,2013-03-16T03:23:43.69,,3.501937603286933,-0.7546158730983734,,,
sanyo_033,,2013-03-16T03:23:53.68,,3.502665505511686,-0.7363136224448681,,,
sanyo_033,,2013-03-16T03:24:03.71,,3.502665505511686,-0.7377214878797531,,,
sanyo_033,,2013-03-16T03:24:13.69,,3.501937603286933,-0.7278664298355579,,,
sanyo_033,,2013-03-16T03:24:23.66,,3.501937603286933,-0.7278664298355579,,,
sanyo_033,,2013-03-16T03:24:24.48,,3.50230155439931,-0.7222349680960178,,,
sanyo_033,,2013-03-16T03:24:33.66,,3.501937603286933,-0.7236428335309029,,,
sanyo_033,,2013-03-16T03:24:43.69,,3.50120970106218,-0.7208271026611328,,,
sanyo_033,,2013-03-16T03:24:53.67,,3.501573652174557,-0.7053405828773975,,,
sanyo_033,,2013-03-16T03:25:03.7,,3.501937603286933,-0.6968933902680874,,,
sanyo_033,,2013-03-16T03:25:13.69,,3.501573652174557,-0.6870383322238922,,,
sanyo_033,,2013-03-16T03:25:23.72,,3.50120970106218,-0.6828147359192371,,,
sanyo_033,,2013-03-16T03:25:33.71,,3.50230155439931,-0.6785911396145821,,,
sanyo_033,,2013-03-16T03:25:43.68,,3.501573652174557,-0.6799990050494671,,,
sanyo_033,,2013-03-16T03:25:53.66,,3.50120970106218,-0.6785911396145821,,,
sanyo_033,,2013-03-16T03:25:54.01,,3.501573652174557,-0.6715518124401569,,,
sanyo_033,,2013-03-16T03:26:03.69,,3.501573652174557,-0.6631046198308468,,,
sanyo_033,,2013-03-16T03:26:13.66,,3.501573652174557,-0.6560652926564217,,,
sanyo_033,,2013-03-16T03:26:23.69,,3.501937603286933,-0.6532495617866516,,,
sanyo_033,,2013-03-16T03:26:33.68,,3.501573652174557,-0.6405787728726864,,,
sanyo_033,,2013-03-16T03:26:43.71,,3.501937603286933,-0.6335394456982613,,,
sanyo_033,,2013-03-16T03:26:53.68,,3.501937603286933,-0.6265001185238361,,,
sanyo_033,,2013-03-16T03:27:03.66,,3.501573652174557,-0.6236843876540661,,,
sanyo_033,,2013-03-16T03:27:06.06,,3.50120970106218,-0.619460791349411,,,
sanyo_033,,2013-03-16T03:27:13.69,,3.50120970106218,-0.6152371950447559,,,
sanyo_033,,2013-03-16T03:27:23.66,,3.501937603286933,-0.6110135987401009,,,
sanyo_033,,2013-03-16T03:27:33.66,,3.50120970106218,-0.6067900024354458,,,
sanyo_033,,2013-03-16T03:27:43.71,,3.501937603286933,-0.6025664061307907,,,
sanyo_033,,2013-03-16T03:27:53.7,,3.501937603286933,-0.5927113480865955,,,
sanyo_033,,2013-03-16T03:28:01.48,,3.501937603286933,-0.5687776356935501,,,
sanyo_033,,2013-03-16T03:28:03.67,,3.50230155439931,-0.5730012319982052,,,
sanyo_033,,2013-03-16T03:28:13.71,,3.501937603286933,-0.5758169628679752,,,
sanyo_033,,2013-03-16T03:28:23.7,,3.501573652174557,-0.5744090974330902,,,
sanyo_033,,2013-03-16T03:28:33.68,,3.501573652174557,-0.5715933665633202,,,
sanyo_033,,2013-03-16T03:28:43.66,,3.501937603286933,-0.5701855011284351,,,
sanyo_033,,2013-03-16T03:28:53.66,,3.501573652174557,-0.5673697702586651,,,
sanyo_033,,2013-03-16T03:29:03.7,,3.501573652174557,-0.561738308519125,,,
sanyo_033,,2013-03-16T03:29:13.68,,3.501937603286933,-0.5462517887353897,,,
sanyo_033,,2013-03-16T03:29:23.66,,3.501573652174557,-0.5448439233005047,,,
sanyo_033,,2013-03-16T03:29:33.66,,3.501573652174557,-0.5321731343865395,,,
sanyo_033,,2013-03-16T03:29:43.69,,3.501573652174557,-0.5279495380818844,,,
sanyo_033,,2013-03-16T03:29:53.66,,3.501937603286933,-0.5251338072121143,,,
sanyo_033,,2013-03-16T03:29:53.92,,3.501937603286933,-0.5251338072121143,,,
sanyo_033,,2013-03-16T03:29:54.5,,3.525938075734302,0.0112572023645043,,,
sanyo_033,,2013-03-16T03:29:54.65,,3.674429274629802,3.650147866690531,,,
sanyo_033,,2013-03-16T03:29:54.65,,3.674429274629802,3.650147866690531,,,
sanyo_033,,2013-03-16T03:29:54.7,,3.706092839100165,4.106064562452957,,,
sanyo_033,,2013-03-16T03:29:54.71,,3.706092839100165,4.106064562452957,,,
sanyo_033,,2013-03-16T03:29:55.58,,3.717011309607187,4.099028810975142,,,
sanyo_033,,2013-03-16T03:29:57.14,,3.727201882080408,4.099028810975142,,,
sanyo_033,,2013-03-16T03:29:59.23,,3.737392454553628,4.103250261861831,,,
sanyo_033,,2013-03-16T03:30:01.81,,3.747583027026849,4.100435961270705,,,
sanyo_033,,2013-03-16T03:30:04.29,,3.755225956381764,4.099028810975142,,,
sanyo_033,,2013-03-16T03:30:05.1,,3.757773599500069,4.097621660679579,,,
sanyo_033,,2013-03-16T03:30:08.68,,3.76796417197329,4.099028810975142,,,
sanyo_033,,2013-03-16T03:30:12.77,,3.77815474444651,4.099028810975142,,,
sanyo_033,,2013-03-16T03:30:14.27,,3.781430285598617,4.099028810975142,,,
sanyo_033,,2013-03-16T03:30:17.39,,3.788709265936632,4.100435961270705,,,
sanyo_033,,2013-03-16T03:30:22.52,,3.798899838409852,4.103250261861831,,,
sanyo_033,,2013-03-16T03:30:24.25,,3.801447481528157,4.100435961270705,,,
sanyo_033,,2013-03-16T03:30:28.82,,3.809090410883073,4.100435961270705,,,
sanyo_033,,2013-03-16T03:30:34.25,,3.816733340237988,4.100435961270705,,,
sanyo_033,,2013-03-16T03:30:35.35,,3.819280983356293,4.103250261861831,,,
sanyo_033,,2013-03-16T03:30:43.61,,3.829471555829514,4.101843111566268,,,
sanyo_033,,2013-03-16T03:30:44.24,,3.829835504846415,4.099028810975142,,,
sanyo_033,,2013-03-16T03:30:53.65,,3.839662128302734,4.099028810975142,,,
sanyo_033,,2013-03-16T03:30:54.28,,3.839298179285834,4.100435961270705,,,
sanyo_033,,2013-03-16T03:31:04.27,,3.848396904708352,4.099028810975142,,,
sanyo_033,,2013-03-16T03:31:05.59,,3.849852700775955,4.104657412157394,,,
sanyo_033,,2013-03-16T03:31:14.24,,3.854947987012565,4.097621660679579,,,
sanyo_033,,2013-03-16T03:31:20.65,,3.860043273249175,4.100435961270705,,,
sanyo_033,,2013-03-16T03:31:24.27,,3.861499069316778,4.103250261861831,,,
sanyo_033,,2013-03-16T03:31:34.27,,3.866594355553389,4.097621660679579,,,
sanyo_033,,2013-03-16T03:31:40.38,,3.870233845722396,4.100435961270705,,,
sanyo_033,,2013-03-16T03:31:44.25,,3.871325692773098,4.097621660679579,,,
sanyo_033,,2013-03-16T03:31:54.28,,3.876057029992808,4.097621660679579,,,
sanyo_033,,2013-03-16T03:32:03.97,,3.880424418195617,4.097621660679579,,,
sanyo_033,,2013-03-16T03:32:04.27,,3.880060469178716,4.100435961270705,,,
sanyo_033,,2013-03-16T03:32:14.24,,3.883699959347723,4.097621660679579,,,
sanyo_033,,2013-03-16T03:32:24.26,,3.88733944951673,4.099028810975142,,,
sanyo_033,,2013-03-16T03:32:32.96,,3.890614990668837,4.100435961270705,,,
sanyo_033,,2013-03-16T03:32:34.25,,3.890978939685738,4.094807360088453,,,
sanyo_033,,2013-03-16T03:32:44.28,,3.894618429854745,4.097621660679579,,,
sanyo_033,,2013-03-16T03:32:54.25,,3.897530021989951,4.09340020979289,,,
sanyo_033,,2013-03-16T03:32:59.98,,3.897530021989951,4.049778550630435,,,
sanyo_033,,2013-03-16T03:33:04.29,,3.898257920023752,4.039928498561494,,,
sanyo_033,,2013-03-16T03:33:08.07,,3.897530021989951,3.997713989694603,,,
sanyo_033,,2013-03-16T03:33:14.27,,3.897530021989951,3.969570983783342,,,
sanyo_033,,2013-03-16T03:33:17.75,,3.897530021989951,3.947056579054333,,,
sanyo_033,,2013-03-16T03:33:24.29,,3.897893971006852,3.916099272551946,,,
sanyo_033,,2013-03-16T03:33:26.23,,3.897530021989951,3.896399168414064,,,
sanyo_033,,2013-03-16T03:33:34.28,,3.897893971006852,3.865441861911677,,,
sanyo_033,,2013-03-16T03:33:36.34,,3.897530021989951,3.842927457182668,,,
sanyo_033,,2013-03-16T03:33:44.26,,3.898257920023752,3.824634503340349,,,
sanyo_033,,2013-03-16T03:33:46.07,,3.897893971006852,3.792270046542399,,,
sanyo_033,,2013-03-16T03:33:54.29,,3.897893971006852,3.759905589744449,,,
sanyo_033,,2013-03-16T03:33:55.47,,3.897530021989951,3.738798335311003,,,
sanyo_033,,2013-03-16T03:34:04.27,,3.897893971006852,3.706433878513053,,,
sanyo_033,,2013-03-16T03:34:07.44,,3.897530021989951,3.686733774375171,,,
sanyo_033,,2013-03-16T03:34:14.24,,3.897893971006852,3.650147866690531,,,
sanyo_033,,2013-03-16T03:34:15.07,,3.897530021989951,3.634669213439338,,,
sanyo_033,,2013-03-16T03:34:24.28,,3.898257920023752,3.603711906936951,,,
sanyo_033,,2013-03-16T03:34:24.34,,3.897530021989951,3.584011802799068,,,
sanyo_033,,2013-03-16T03:34:34.27,,3.897530021989951,3.554461646592245,,,
sanyo_033,,2013-03-16T03:34:36.44,,3.897530021989951,3.527725790976547,,,
sanyo_033,,2013-03-16T03:34:44.24,,3.897893971006852,3.516468588612042,,,
sanyo_033,,2013-03-16T03:34:47.12,,3.897530021989951,3.472846929449588,,,
sanyo_033,,2013-03-16T03:34:54.28,,3.898257920023752,3.458775426493958,,,
sanyo_033,,2013-03-16T03:35:00.23,,3.897530021989951,3.420782368513756,,,
sanyo_033,,2013-03-16T03:35:04.26,,3.897893971006852,3.409525166149251,,,
sanyo_033,,2013-03-16T03:35:09.46,,3.897530021989951,3.368717807577923,,,
sanyo_033,,2013-03-16T03:35:14.24,,3.897530021989951,3.34901770344004,,,
sanyo_033,,2013-03-16T03:35:21.88,,3.897530021989951,3.312431795755401,,,
sanyo_033,,2013-03-16T03:35:24.24,,3.897893971006852,3.311024645459838,,,
sanyo_033,,2013-03-16T03:35:33.54,,3.897530021989951,3.261774385115132,,,
sanyo_033,,2013-03-16T03:35:34.29,,3.897893971006852,3.271624437184073,,,
sanyo_033,,2013-03-16T03:35:43.98,,3.897530021989951,3.209709824179299,,,
sanyo_033,,2013-03-16T03:35:44.27,,3.897893971006852,3.22378132713493,,,
sanyo_033,,2013-03-16T03:35:54.08,,3.897530021989951,3.157645263243467,,,
sanyo_033,,2013-03-16T03:35:54.26,,3.897893971006852,3.184381118859164,,,
sanyo_033,,2013-03-16T03:36:04.29,,3.897530021989951,3.12668795674108,,,
sanyo_033,,2013-03-16T03:36:06.84,,3.897530021989951,3.104173552012071,,,
sanyo_033,,2013-03-16T03:36:14.27,,3.897893971006852,3.085880598169752,,,
sanyo_033,,2013-03-16T03:36:20.34,,3.897530021989951,3.053516141371802,,,
sanyo_033,,2013-03-16T03:36:24.25,,3.897530021989951,3.045073239598423,,,
sanyo_033,,2013-03-16T03:36:31.59,,3.897530021989951,3.002858730731532,,,
sanyo_033,,2013-03-16T03:36:34.26,,3.897893971006852,3.005673031322658,,,
sanyo_033,,2013-03-16T03:36:42.95,,3.897893971006852,2.947979869204573,,,
sanyo_033,,2013-03-16T03:36:44.29,,3.897893971006852,2.956422770977952,,,
sanyo_033,,2013-03-16T03:36:54.26,,3.897893971006852,2.911393961519934,,,
sanyo_033,,2013-03-16T03:36:55.82,,3.897530021989951,2.891693857382052,,,
sanyo_033,,2013-03-16T03:37:04.24,,3.897530021989951,2.870586602948606,,,
sanyo_033,,2013-03-16T03:37:11.69,,3.897530021989951,2.83540784555953,,,
sanyo_033,,2013-03-16T03:37:14.28,,3.897530021989951,2.832593544968404,,,
sanyo_033,,2013-03-16T03:37:24.26,,3.897893971006852,2.793193336692639,,,
sanyo_033,,2013-03-16T03:37:24.6,,3.897530021989951,2.779121833737008,,,
sanyo_033,,2013-03-16T03:37:34.24,,3.897893971006852,2.760828879894689,,,
sanyo_033,,2013-03-16T03:37:37.93,,3.897530021989951,2.725650122505613,,,
sanyo_033,,2013-03-16T03:37:44.27,,3.897893971006852,2.718614371027798,,,
sanyo_033,,2013-03-16T03:37:50.82,,3.897530021989951,2.67358556156978,,,
sanyo_033,,2013-03-16T03:37:54.24,,3.897893971006852,2.662328359205276,,,
sanyo_033,,2013-03-16T03:38:03.29,,3.897893971006852,2.621521000633948,,,
sanyo_033,,2013-03-16T03:38:04.28,,3.897893971006852,2.634185353294015,,,
sanyo_033,,2013-03-16T03:38:14.26,,3.897893971006852,2.586342243244872,,,
sanyo_033,,2013-03-16T03:38:18.3,,3.897530021989951,2.570863589993678,,,
sanyo_033,,2013-03-16T03:38:24.29,,3.897893971006852,2.561013537924737,,,
sanyo_033,,2013-03-16T03:38:30.85,,3.897530021989951,2.520206179353409,,,
sanyo_033,,2013-03-16T03:38:34.29,,3.897530021989951,2.520206179353409,,,
sanyo_033,,2013-03-16T03:38:44.27,,3.897893971006852,2.477991670486517,,,
sanyo_033,,2013-03-16T03:38:45.67,,3.897530021989951,2.468141618417576,,,
sanyo_033,,2013-03-16T03:38:54.25,,3.897893971006852,2.458291566348635,,,
sanyo_033,,2013-03-16T03:38:58.87,,3.897530021989951,2.41466990718618,,,
sanyo_033,,2013-03-16T03:39:04.24,,3.898257920023752,2.41889135807287,,,
sanyo_033,,2013-03-16T03:39:13.81,,3.897530021989951,2.364012496545911,,,
sanyo_033,,2013-03-16T03:39:14.28,,3.897893971006852,2.373862548614852,,,
sanyo_033,,2013-03-16T03:39:24.26,,3.897893971006852,2.328833739156835,,,
sanyo_033,,2013-03-16T03:39:26.52,,3.897530021989951,2.311947935610078,,,
sanyo_033,,2013-03-16T03:39:34.24,,3.897530021989951,2.28943353088107,,,
sanyo_033,,2013-03-16T03:39:39.1,,3.897530021989951,2.254254773491994,,,
sanyo_033,,2013-03-16T03:39:44.27,,3.897530021989951,2.251440472900868,,,
sanyo_033,,2013-03-16T03:39:54.24,,3.897893971006852,2.221890316694044,,,
sanyo_033,,2013-03-16T03:39:57.21,,3.897893971006852,2.200783062260598,,,
sanyo_033,,2013-03-16T03:40:04.28,,3.897893971006852,2.179675807827152,,,
sanyo_033,,2013-03-16T03:40:11.73,,3.897530021989951,2.150125651620328,,,
sanyo_033,,2013-03-16T03:40:14.25,,3.897893971006852,2.148718501324765,,,
sanyo_033,,2013-03-16T03:40:22.82,,3.897530021989951,2.099468240980059,,,
sanyo_033,,2013-03-16T03:40:24.29,,3.897893971006852,2.096653940388933,,,
sanyo_033,,2013-03-16T03:40:34.27,,3.897893971006852,2.067103784182109,,,
sanyo_033,,2013-03-16T03:40:38.28,,3.897530021989951,2.047403680044226,,,
sanyo_033,,2013-03-16T03:40:44.24,,3.897893971006852,2.043182229157537,,,
sanyo_033,,2013-03-16T03:40:52.99,,3.897893971006852,1.996746269403957,,,
sanyo_033,,2013-03-16T03:40:54.28,,3.897893971006852,2.003782020881772,,,
sanyo_033,,2013-03-16T03:41:04.25,,3.897893971006852,1.967196113197133,,,
sanyo_033,,2013-03-16T03:41:08.57,,3.897530021989951,1.946088858763687,,,
sanyo_033,,2013-03-16T03:41:14.29,,3.898257920023752,1.946088858763687,,,
sanyo_033,,2013-03-16T03:41:23.84,,3.897530021989951,1.894024297827855,,,
sanyo_033,,2013-03-16T03:41:24.25,,3.897893971006852,1.903874349896796,,,
sanyo_033,,2013-03-16T03:41:34.29,,3.897893971006852,1.872917043394409,,,
sanyo_033,,2013-03-16T03:41:42.39,,3.897893971006852,1.843366887187585,,,
sanyo_033,,2013-03-16T03:41:44.26,,3.897530021989951,1.832109684823081,,,
sanyo_033,,2013-03-16T03:41:54.29,,3.897530021989951,1.816631031571887,,,
sanyo_033,,2013-03-16T03:41:57.5,,3.897893971006852,1.785673725069501,,,
sanyo_033,,2013-03-16T03:42:04.25,,3.897893971006852,1.780045123887248,,,
sanyo_033,,2013-03-16T03:42:14.28,,3.897530021989951,1.733609164133668,,,
sanyo_033,,2013-03-16T03:42:14.28,,3.897530021989951,1.733609164133668,,,
sanyo_033,,2013-03-16T03:42:24.27,,3.897893971006852,1.716723360586911,,,
sanyo_033,,2013-03-16T03:42:31.26,,3.89716607297305,1.680137452902272,,,
sanyo_033,,2013-03-16T03:42:34.26,,3.897893971006852,1.698430406744592,,,
sanyo_033,,2013-03-16T03:42:44.24,,3.897893971006852,1.664658799651079,,,
sanyo_033,,2013-03-16T03:42:50.19,,3.897530021989951,1.629480042262003,,,
sanyo_033,,2013-03-16T03:42:54.28,,3.897893971006852,1.62807289196644,,,
sanyo_033,,2013-03-16T03:43:04.25,,3.897893971006852,1.594301284872927,,,
sanyo_033,,2013-03-16T03:43:08.98,,3.897530021989951,1.574601180735044,,,
sanyo_033,,2013-03-16T03:43:14.29,,3.897530021989951,1.568972579552792,,,
sanyo_033,,2013-03-16T03:43:24.27,,3.897893971006852,1.560529677779414,,,
sanyo_033,,2013-03-16T03:43:26.58,,3.89716607297305,1.522536619799212,,,
sanyo_033,,2013-03-16T03:43:34.25,,3.897893971006852,1.514093718025833,,,
sanyo_033,,2013-03-16T03:43:44.28,,3.897530021989951,1.49861506477464,,,
sanyo_033,,2013-03-16T03:43:51.43,,3.897893971006852,1.469064908567816,,,
sanyo_033,,2013-03-16T03:43:54.25,,3.898257920023752,1.483136411523446,,,
sanyo_033,,2013-03-16T03:44:04.29,,3.897530021989951,1.431071850587614,,,
sanyo_033,,2013-03-16T03:44:12.02,,3.897893971006852,1.417000347631984,,,
sanyo_033,,2013-03-16T03:44:14.27,,3.897893971006852,1.411371746449731,,,
sanyo_033,,2013-03-16T03:44:24.3,,3.897893971006852,1.38745019142516,,,
sanyo_033,,2013-03-16T03:44:29.82,,3.897530021989951,1.363528636400588,,,
sanyo_033,,2013-03-16T03:44:34.28,,3.897893971006852,1.377600139356218,,,
sanyo_033,,2013-03-16T03:44:44.25,,3.897893971006852,1.357900035218336,,,
sanyo_033,,2013-03-16T03:44:51.86,,3.897530021989951,1.312871225760318,,,
sanyo_033,,2013-03-16T03:44:54.28,,3.897893971006852,1.319906977238134,,,
sanyo_033,,2013-03-16T03:45:04.25,,3.897893971006852,1.29035682103131,,,
sanyo_033,,2013-03-16T03:45:14.28,,3.898257920023752,1.287542520440184,,,
sanyo_033,,2013-03-16T03:45:16.52,,3.89716607297305,1.255178063642234,,,
sanyo_033,,2013-03-16T03:45:24.25,,3.897893971006852,1.267842416302301,,,
sanyo_033,,2013-03-16T03:45:34.29,,3.897893971006852,1.228442208026536,,,
sanyo_033,,2013-03-16T03:45:41.36,,3.897530021989951,1.201706352410838,,,
sanyo_033,,2013-03-16T03:45:44.27,,3.897530021989951,1.200299202115275,,,
sanyo_033,,2013-03-16T03:45:54.24,,3.897893971006852,1.169341895612888,,,
sanyo_033,,2013-03-16T03:46:01.07,,3.897530021989951,1.149641791475005,,,
sanyo_033,,2013-03-16T03:46:04.28,,3.898257920023752,1.179191947681829,,,
sanyo_033,,2013-03-16T03:46:14.26,,3.897893971006852,1.141198889701627,,,
sanyo_033,,2013-03-16T03:46:24.24,,3.898257920023752,1.129941687337123,,,
sanyo_033,,2013-03-16T03:46:28.8,,3.897530021989951,1.097577230539173,,,
sanyo_033,,2013-03-16T03:46:34.24,,3.897893971006852,1.09617008024361,,,
sanyo_033,,2013-03-16T03:46:44.27,,3.897530021989951,1.075062825810164,,,
sanyo_033,,2013-03-16T03:46:49.7,,3.89716607297305,1.044105519307777,,,
sanyo_033,,2013-03-16T03:46:54.25,,3.897893971006852,1.06380562344566,,,
sanyo_033,,2013-03-16T03:47:04.28,,3.897893971006852,1.034255467238836,,,
sanyo_033,,2013-03-16T03:47:14.25,,3.897893971006852,1.015962513396516,,,
sanyo_033,,2013-03-16T03:47:24.28,,3.897893971006852,1.006112461327575,,,
sanyo_033,,2013-03-16T03:47:26.37,,3.897530021989951,0.9906338080763816,,,
sanyo_033,,2013-03-16T03:47:34.27,,3.897893971006852,0.9850052068941296,,,
sanyo_033,,2013-03-16T03:47:44.25,,3.897893971006852,0.969526553642936,,,
sanyo_033,,2013-03-16T03:47:52.82,,3.897530021989951,0.9399763974361122,,,
sanyo_033,,2013-03-16T03:47:54.28,,3.897893971006852,0.9554550506873056,,,
sanyo_033,,2013-03-16T03:48:04.25,,3.897893971006852,0.931533495662734,,,
sanyo_033,,2013-03-16T03:48:14.28,,3.897893971006852,0.9146476921159774,,,
sanyo_033,,2013-03-16T03:48:24.25,,3.897893971006852,0.9076119406381622,,,
sanyo_033,,2013-03-16T03:48:30.63,,3.897530021989951,0.8893189867958426,,,
sanyo_033,,2013-03-16T03:48:34.29,,3.897893971006852,0.8963547382736579,,,
sanyo_033,,2013-03-16T03:48:44.26,,3.897893971006852,0.8836903856135905,,,
sanyo_033,,2013-03-16T03:48:53.83,,3.89716607297305,0.8316258246777579,,,
sanyo_033,,2013-03-16T03:48:54.24,,3.897530021989951,0.8414758767466992,,,
sanyo_033,,2013-03-16T03:49:04.27,,3.897530021989951,0.8414758767466992,,,
sanyo_033,,2013-03-16T03:49:14.26,,3.897893971006852,0.8372544258600101,,,
sanyo_033,,2013-03-16T03:49:24.24,,3.897893971006852,0.8217757726088166,,,
sanyo_033,,2013-03-16T03:49:34.27,,3.898257920023752,0.8175543217221275,,,
sanyo_033,,2013-03-16T03:49:36.8,,3.89716607297305,0.7753398128552362,,,
sanyo_033,,2013-03-16T03:49:44.25,,3.897893971006852,0.7922256164019927,,,
sanyo_033,,2013-03-16T03:49:54.27,,3.897893971006852,0.7865970152197406,,,
sanyo_033,,2013-03-16T03:50:04.25,,3.897530021989951,0.7542325584217906,,,
sanyo_033,,2013-03-16T03:50:14.28,,3.898257920023752,0.7570468590129167,,,
sanyo_033,,2013-03-16T03:50:20.16,,3.897530021989951,0.7204609513282776,,,
sanyo_033,,2013-03-16T03:50:24.25,,3.897893971006852,0.7260895525105298,,,
sanyo_033,,2013-03-16T03:50:34.29,,3.897530021989951,0.7106108992593363,,,
sanyo_033,,2013-03-16T03:50:44.26,,3.897893971006852,0.7176466507371515,,,
sanyo_033,,2013-03-16T03:50:54.26,,3.897893971006852,0.7077965986682102,,,
sanyo_033,,2013-03-16T03:51:02.85,,3.89716607297305,0.6627677892101929,,,
sanyo_033,,2013-03-16T03:51:04.25,,3.897893971006852,0.6838750436436385,,,
sanyo_033,,2013-03-16T03:51:14.29,,3.897893971006852,0.6866893442347646,,,
sanyo_033,,2013-03-16T03:51:24.27,,3.897530021989951,0.6698035406880081,,,
sanyo_033,,2013-03-16T03:51:34.26,,3.897893971006852,0.6515105868456885,,,
sanyo_033,,2013-03-16T03:51:44.24,,3.897893971006852,0.6472891359589994,,,
sanyo_033,,2013-03-16T03:51:54.28,,3.897893971006852,0.6360319335944951,,,
sanyo_033,,2013-03-16T03:52:00.2,,3.897530021989951,0.6064817773876712,,,
sanyo_033,,2013-03-16T03:52:04.26,,3.897530021989951,0.6121103785699233,,,
sanyo_033,,2013-03-16T03:52:14.25,,3.897893971006852,0.6205532803433016,,,
sanyo_033,,2013-03-16T03:52:24.29,,3.897893971006852,0.6078889276832342,,,
sanyo_033,,2013-03-16T03:52:34.29,,3.897893971006852,0.5895959738409147,,,
sanyo_033,,2013-03-16T03:52:44.27,,3.897893971006852,0.5811530720675364,,,
sanyo_033,,2013-03-16T03:52:54.24,,3.897893971006852,0.5727101702941582,,,
sanyo_033,,2013-03-16T03:52:57.94,,3.897530021989951,0.5544172164518386,,,
sanyo_033,,2013-03-16T03:53:04.29,,3.898257920023752,0.568488719407469,,,
sanyo_033,,2013-03-16T03:53:14.27,,3.897893971006852,0.5501957655651495,,,
sanyo_033,,2013-03-16T03:53:24.24,,3.898257920023752,0.5431600140873343,,,
sanyo_033,,2013-03-16T03:53:34.29,,3.898257920023752,0.5403457134962082,,,
sanyo_033,,2013-03-16T03:53:44.27,,3.89716607297305,0.5206456093583256,,,
sanyo_033,,2013-03-16T03:53:54.25,,3.897893971006852,0.5164241584716365,,,
sanyo_033,,2013-03-16T03:53:55.93,,3.897530021989951,0.5037598058115691,,,
sanyo_033,,2013-03-16T03:54:04.29,,3.898257920023752,0.5192384590627626,,,
sanyo_033,,2013-03-16T03:54:14.26,,3.898257920023752,0.5234599099494517,,,
sanyo_033,,2013-03-16T03:54:24.24,,3.897893971006852,0.4925026034470648,,,
sanyo_033,,2013-03-16T03:54:34.29,,3.897530021989951,0.4882811525603756,,,
sanyo_033,,2013-03-16T03:54:44.28,,3.897530021989951,0.465766747831367,,,
sanyo_033,,2013-03-16T03:54:51.67,,3.897530021989951,0.4531023951712996,,,
sanyo_033,,2013-03-16T03:54:54.25,,3.897530021989951,0.4573238460579887,,,
sanyo_033,,2013-03-16T03:55:04.29,,3.897893971006852,0.4643595975358039,,,
sanyo_033,,2013-03-16T03:55:14.27,,3.897530021989951,0.4502880945801735,,,
sanyo_033,,2013-03-16T03:55:24.24,,3.898257920023752,0.4474737939890474,,,
sanyo_033,,2013-03-16T03:55:34.28,,3.897893971006852,0.43480944132898,,,
sanyo_033,,2013-03-16T03:55:44.26,,3.897893971006852,0.4362165916245431,,,
sanyo_033,,2013-03-16T03:55:54.29,,3.897893971006852,0.4207379383733496,,,
sanyo_033,,2013-03-16T03:56:01.06,,3.897530021989951,0.4024449845310301,,,
sanyo_033,,2013-03-16T03:56:04.25,,3.897893971006852,0.4080735857132822,,,
sanyo_033,,2013-03-16T03:56:14.29,,3.897893971006852,0.4165164874866605,,,
sanyo_033,,2013-03-16T03:56:24.28,,3.897893971006852,0.4094807360088453,,,
sanyo_033,,2013-03-16T03:56:34.26,,3.897893971006852,0.401037834235467,,,
sanyo_033,,2013-03-16T03:56:44.24,,3.897893971006852,0.3968163833487779,,,
sanyo_033,,2013-03-16T03:56:54.27,,3.897530021989951,0.3911877821665257,,,
sanyo_033,,2013-03-16T03:57:04.25,,3.897893971006852,0.3813377300975844,,,
sanyo_033,,2013-03-16T03:57:14.29,,3.897893971006852,0.3813377300975844,,,
sanyo_033,,2013-03-16T03:57:24.26,,3.897893971006852,0.3728948283242062,,,
sanyo_033,,2013-03-16T03:57:34.25,,3.897893971006852,0.3700805277330801,,,
sanyo_033,,2013-03-16T03:57:44.24,,3.897530021989951,0.3588233253685758,,,
sanyo_033,,2013-03-16T03:57:44.47,,3.897893971006852,0.3517875738907605,,,
sanyo_033,,2013-03-16T03:57:54.29,,3.897893971006852,0.3531947241863236,,,
sanyo_033,,2013-03-16T03:58:04.27,,3.897893971006852,0.3461589727085084,,,
sanyo_033,,2013-03-16T03:58:14.24,,3.898257920023752,0.3531947241863236,,,
sanyo_033,,2013-03-16T03:58:24.28,,3.897893971006852,0.333494620048441,,,
sanyo_033,,2013-03-16T03:58:34.25,,3.897530021989951,0.3292731691617519,,,
sanyo_033,,2013-03-16T03:58:44.24,,3.897893971006852,0.3250517182750627,,,
sanyo_033,,2013-03-16T03:58:54.28,,3.897893971006852,0.332087469752878,,,
sanyo_033,,2013-03-16T03:58:57.87,,3.897530021989951,0.2983158626593649,,,
sanyo_033,,2013-03-16T03:59:04.26,,3.897893971006852,0.3025373135460541,,,
sanyo_033,,2013-03-16T03:59:14.24,,3.897530021989951,0.2969087123638019,,,
sanyo_033,,2013-03-16T03:59:24.27,,3.898257920023752,0.3067587644327432,,,
sanyo_033,,2013-03-16T03:59:34.25,,3.897893971006852,0.3123873656149954,,,
sanyo_033,,2013-03-16T03:59:44.25,,3.897893971006852,0.3067587644327432,,,
sanyo_033,,2013-03-16T03:59:54.28,,3.898257920023752,0.3067587644327432,,,
sanyo_033,,2013-03-16T03:59:54.6,,3.897893971006852,0.2969087123638019,,,
sanyo_033,,2013-03-16T03:59:55.14,,3.886269977956545,-0.004223596304655,,,
sanyo_033,,2013-03-16T03:59:55.29,,3.755975479725748,-3.35916692763567,,,
sanyo_033,,2013-03-16T03:59:55.29,,3.755975479725748,-3.35916692763567,,,
sanyo_033,,2013-03-16T03:59:55.35,,3.719580368488096,-4.101112011820078,,,
sanyo_033,,2013-03-16T03:59:55.35,,3.719580368488096,-4.101112011820078,,,
sanyo_033,,2013-03-16T03:59:55.98,,3.709389737341553,-4.099704146385193,,,
sanyo_033,,2013-03-16T03:59:57.31,,3.69919910619501,-4.098296280950308,,,
sanyo_033,,2013-03-16T03:59:59.1,,3.689008475048468,-4.099704146385193,,,
sanyo_033,,2013-03-16T04:00:01.33,,3.678817843901925,-4.099704146385193,,,
sanyo_033,,2013-03-16T04:00:04.1,,3.668627212755382,-4.101112011820078,,,
sanyo_033,,2013-03-16T04:00:04.8,,3.666807457193499,-4.099704146385193,,,
sanyo_033,,2013-03-16T04:00:07.39,,3.658436581608839,-4.099704146385193,,,
sanyo_033,,2013-03-16T04:00:11.12,,3.648245950462297,-4.098296280950308,,,
sanyo_033,,2013-03-16T04:00:14.83,,3.639147172652884,-4.099704146385193,,,
sanyo_033,,2013-03-16T04:00:15.23,,3.638055319315754,-4.099704146385193,,,
sanyo_033,,2013-03-16T04:00:19.92,,3.627864688169211,-4.099704146385193,,,
sanyo_033,,2013-03-16T04:00:24.8,,3.618765910359798,-4.098296280950308,,,
sanyo_033,,2013-03-16T04:00:25.09,,3.617674057022668,-4.106743473559618,,,
sanyo_033,,2013-03-16T04:00:31.18,,3.607483425876126,-4.103927742689848,,,
sanyo_033,,2013-03-16T04:00:34.78,,3.601660208078101,-4.099704146385193,,,
sanyo_033,,2013-03-16T04:00:37.57,,3.597292794729583,-4.098296280950308,,,
sanyo_033,,2013-03-16T04:00:44.83,,3.58710216358304,-4.099704146385193,,,
sanyo_033,,2013-03-16T04:00:44.83,,3.58710216358304,-4.099704146385193,,,
sanyo_033,,2013-03-16T04:00:53.25,,3.576911532436498,-4.099704146385193,,,
sanyo_033,,2013-03-16T04:00:54.81,,3.574727825762238,-4.105335608124733,,,
sanyo_033,,2013-03-16T04:01:01.94,,3.566720901289955,-4.099704146385193,,,
sanyo_033,,2013-03-16T04:01:04.8,,3.563809292390943,-4.099704146385193,,,
sanyo_033,,2013-03-16T04:01:12.33,,3.556530270143412,-4.102519877254963,,,
sanyo_033,,2013-03-16T04:01:14.78,,3.554346563469153,-4.103927742689848,,,
sanyo_033,,2013-03-16T04:01:23.49,,3.546339638996869,-4.099704146385193,,,
sanyo_033,,2013-03-16T04:01:24.82,,3.545611736772116,-4.099704146385193,,,
sanyo_033,,2013-03-16T04:01:34.81,,3.537604812299833,-4.099704146385193,,,
sanyo_033,,2013-03-16T04:01:36.26,,3.536149007850327,-4.098296280950308,,,
sanyo_033,,2013-03-16T04:01:44.8,,3.529597887827549,-4.095480550080538,,,
sanyo_033,,2013-03-16T04:01:50.12,,3.525958376703784,-4.099704146385193,,,
sanyo_033,,2013-03-16T04:01:54.79,,3.522682816692395,-4.098296280950308,,,
sanyo_033,,2013-03-16T04:02:04.3,,3.515767745557241,-4.099704146385193,,,
sanyo_033,,2013-03-16T04:02:04.82,,3.515403794444865,-4.103927742689848,,,
sanyo_033,,2013-03-16T04:02:14.8,,3.509216625534464,-4.099704146385193,,,
sanyo_033,,2013-03-16T04:02:19.71,,3.505577114410698,-4.099704146385193,,,
sanyo_033,,2013-03-16T04:02:24.82,,3.501937603286933,-4.098296280950308,,,
sanyo_033,,2013-03-16T04:02:33.1,,3.501937603286933,-3.981443449854851,,,
sanyo_033,,2013-03-16T04:02:34.79,,3.50120970106218,-3.984259180724621,,,
sanyo_033,,2013-03-16T04:02:36.96,,3.50230155439931,-3.93076029419899,,,
sanyo_033,,2013-03-16T04:02:41.46,,3.502665505511686,-3.875853542238474,,,
sanyo_033,,2013-03-16T04:02:44.79,,3.502665505511686,-3.860367022454739,,,
sanyo_033,,2013-03-16T04:02:47.47,,3.502665505511686,-3.825170386582613,,,
sanyo_033,,2013-03-16T04:02:54.47,,3.501573652174557,-3.773079365491867,,,
sanyo_033,,2013-03-16T04:02:54.82,,3.501573652174557,-3.781526558101177,,,
sanyo_033,,2013-03-16T04:02:59.06,,3.501937603286933,-3.719580478966236,,,
sanyo_033,,2013-03-16T04:03:04.82,,3.50230155439931,-3.690015304833651,,,
sanyo_033,,2013-03-16T04:03:05.99,,3.501937603286933,-3.668897323310375,,,
sanyo_033,,2013-03-16T04:03:12.58,,3.50230155439931,-3.616806302219629,,,
sanyo_033,,2013-03-16T04:03:14.8,,3.50230155439931,-3.602727647870779,,,
sanyo_033,,2013-03-16T04:03:16.79,,3.503029456624063,-3.559083819389343,,,
sanyo_033,,2013-03-16T04:03:23.89,,3.503393407736439,-3.505584932863712,,,
sanyo_033,,2013-03-16T04:03:24.83,,3.502665505511686,-3.514032125473023,,,
sanyo_033,,2013-03-16T04:03:34.81,,3.501937603286933,-3.466164700686932,,,
sanyo_033,,2013-03-16T04:03:36.0,,3.501937603286933,-3.454901777207851,,,
sanyo_033,,2013-03-16T04:03:41.49,,3.501573652174557,-3.404218621551991,,,
sanyo_033,,2013-03-16T04:03:44.8,,3.501937603286933,-3.39295569807291,,,
sanyo_033,,2013-03-16T04:03:49.93,,3.501573652174557,-3.35353546589613,,,
sanyo_033,,2013-03-16T04:03:54.78,,3.501573652174557,-3.331009618937969,,,
sanyo_033,,2013-03-16T04:04:00.08,,3.501573652174557,-3.302852310240269,,,
sanyo_033,,2013-03-16T04:04:04.81,,3.501937603286933,-3.267655674368143,,,
sanyo_033,,2013-03-16T04:04:05.87,,3.50230155439931,-3.252169154584408,,,
sanyo_033,,2013-03-16T04:04:14.79,,3.501573652174557,-3.209933191537857,,,
sanyo_033,,2013-03-16T04:04:15.96,,3.501573652174557,-3.201485998928547,,,
sanyo_033,,2013-03-16T04:04:23.46,,3.50230155439931,-3.146579246968031,,,
sanyo_033,,2013-03-16T04:04:24.78,,3.501573652174557,-3.143763516098261,,,
sanyo_033,,2013-03-16T04:04:34.12,,3.501937603286933,-3.091672495007515,,,
sanyo_033,,2013-03-16T04:04:34.81,,3.501937603286933,-3.091672495007515,,,
sanyo_033,,2013-03-16T04:04:44.52,,3.50120970106218,-3.040989339351654,,,
sanyo_033,,2013-03-16T04:04:44.8,,3.501573652174557,-3.038173608481884,,,
sanyo_033,,2013-03-16T04:04:52.87,,3.501937603286933,-2.983266856521368,,,
sanyo_033,,2013-03-16T04:04:54.78,,3.501573652174557,-2.979043260216713,,,
sanyo_033,,2013-03-16T04:05:04.66,,3.501937603286933,-2.928360104560852,,,
sanyo_033,,2013-03-16T04:05:04.83,,3.501573652174557,-2.935399431735277,,,
sanyo_033,,2013-03-16T04:05:14.82,,3.501573652174557,-2.888939872384071,,,
sanyo_033,,2013-03-16T04:05:16.38,,3.50120970106218,-2.874861218035221,,,
sanyo_033,,2013-03-16T04:05:24.79,,3.501937603286933,-2.83544098585844,,,
sanyo_033,,2013-03-16T04:05:26.13,,3.501573652174557,-2.82136233150959,,,
sanyo_033,,2013-03-16T04:05:34.83,,3.501573652174557,-2.78475783020258,,,
sanyo_033,,2013-03-16T04:05:35.99,,3.501937603286933,-2.769271310418844,,,
sanyo_033,,2013-03-16T04:05:44.82,,3.501573652174557,-2.742521867156029,,,
sanyo_033,,2013-03-16T04:05:49.84,,3.501937603286933,-2.718588154762983,,,
sanyo_033,,2013-03-16T04:05:54.81,,3.501937603286933,-2.684799384325743,,,
sanyo_033,,2013-03-16T04:06:01.05,,3.501573652174557,-2.667904999107122,,,
sanyo_033,,2013-03-16T04:06:04.79,,3.501937603286933,-2.646787017583847,,,
sanyo_033,,2013-03-16T04:06:09.33,,3.501937603286933,-2.614406112581492,,,
sanyo_033,,2013-03-16T04:06:14.83,,3.501573652174557,-2.607366785407066,,,
sanyo_033,,2013-03-16T04:06:23.83,,3.501573652174557,-2.563722956925631,,,
sanyo_033,,2013-03-16T04:06:24.8,,3.501573652174557,-2.562315091490746,,,
sanyo_033,,2013-03-16T04:06:34.79,,3.501937603286933,-2.522894859313965,,,
sanyo_033,,2013-03-16T04:06:36.84,,3.501573652174557,-2.51303980126977,,,
sanyo_033,,2013-03-16T04:06:44.79,,3.501937603286933,-2.472211703658104,,,
sanyo_033,,2013-03-16T04:06:49.86,,3.501573652174557,-2.462356645613909,,,
sanyo_033,,2013-03-16T04:06:54.78,,3.501573652174557,-2.444054394960403,,,
sanyo_033,,2013-03-16T04:07:03.61,,3.501573652174557,-2.410265624523163,,,
sanyo_033,,2013-03-16T04:07:04.82,,3.501937603286933,-2.404634162783623,,,
sanyo_033,,2013-03-16T04:07:14.81,,3.501937603286933,-2.368029661476612,,,
sanyo_033,,2013-03-16T04:07:17.13,,3.501937603286933,-2.359582468867302,,,
sanyo_033,,2013-03-16T04:07:24.79,,3.501573652174557,-2.334240891039372,,,
sanyo_033,,2013-03-16T04:07:31.89,,3.501937603286933,-2.306083582341671,,,
sanyo_033,,2013-03-16T04:07:34.84,,3.501937603286933,-2.299044255167246,,,
sanyo_033,,2013-03-16T04:07:44.83,,3.50120970106218,-2.268071215599775,,,
sanyo_033,,2013-03-16T04:07:48.94,,3.50120970106218,-2.253992561250925,,,
sanyo_033,,2013-03-16T04:07:54.82,,3.501573652174557,-2.231466714292765,,,
sanyo_033,,2013-03-16T04:08:04.63,,3.501573652174557,-2.201901540160179,,,
sanyo_033,,2013-03-16T04:08:04.8,,3.501573652174557,-2.206125136464834,,,
sanyo_033,,2013-03-16T04:08:14.79,,3.501573652174557,-2.176559962332249,,,
sanyo_033,,2013-03-16T04:08:22.7,,3.501573652174557,-2.149810519069433,,,
sanyo_033,,2013-03-16T04:08:24.83,,3.501573652174557,-2.144179057329893,,,
sanyo_033,,2013-03-16T04:08:34.83,,3.501573652174557,-2.114613883197308,,,
sanyo_033,,2013-03-16T04:08:36.57,,3.50230155439931,-2.097719497978687,,,
sanyo_033,,2013-03-16T04:08:44.83,,3.501937603286933,-2.096311632543802,,,
sanyo_033,,2013-03-16T04:08:54.81,,3.501937603286933,-2.058299265801907,,,
sanyo_033,,2013-03-16T04:08:58.62,,3.501937603286933,-2.047036342322826,,,
sanyo_033,,2013-03-16T04:09:04.79,,3.501573652174557,-2.032957687973976,,,
sanyo_033,,2013-03-16T04:09:14.82,,3.501573652174557,-2.013247571885586,,,
sanyo_033,,2013-03-16T04:09:17.94,,3.501573652174557,-1.996353186666966,,,
sanyo_033,,2013-03-16T04:09:24.81,,3.501573652174557,-1.973827339708805,,,
sanyo_033,,2013-03-16T04:09:34.8,,3.501573652174557,-1.9555250890553,,,
sanyo_033,,2013-03-16T04:09:37.17,,3.501573652174557,-1.945670031011105,,,
sanyo_033,,2013-03-16T04:09:44.81,,3.50230155439931,-1.917512722313404,,,
sanyo_033,,2013-03-16T04:09:51.23,,3.50230155439931,-1.893579009920359,,,
sanyo_033,,2013-03-16T04:09:54.79,,3.50230155439931,-1.889355413615704,,,
sanyo_033,,2013-03-16T04:10:04.82,,3.501573652174557,-1.882316086441279,,,
sanyo_033,,2013-03-16T04:10:14.82,,3.501573652174557,-1.854158777743578,,,
sanyo_033,,2013-03-16T04:10:14.99,,3.501937603286933,-1.834448661655188,,,
sanyo_033,,2013-03-16T04:10:24.8,,3.50230155439931,-1.806291352957487,,,
sanyo_033,,2013-03-16T04:10:30.87,,3.503029456624063,-1.778134044259787,,,
sanyo_033,,2013-03-16T04:10:34.78,,3.503393407736439,-1.775318313390017,,,
sanyo_033,,2013-03-16T04:10:44.83,,3.502665505511686,-1.766871120780706,,,
sanyo_033,,2013-03-16T04:10:54.81,,3.50230155439931,-1.754200331866741,,,
sanyo_033,,2013-03-16T04:11:04.79,,3.501937603286933,-1.745753139257431,,,
sanyo_033,,2013-03-16T04:11:07.16,,3.501937603286933,-1.727450888603926,,,
sanyo_033,,2013-03-16T04:11:14.83,,3.501573652174557,-1.720411561429501,,,
sanyo_033,,2013-03-16T04:11:24.82,,3.501937603286933,-1.702109310775995,,,
sanyo_033,,2013-03-16T04:11:33.75,,3.501573652174557,-1.67254413664341,,,
sanyo_033,,2013-03-16T04:11:34.8,,3.501573652174557,-1.67535986751318,,,
sanyo_033,,2013-03-16T04:11:44.8,,3.501573652174557,-1.659873347729445,,,
sanyo_033,,2013-03-16T04:11:54.78,,3.501937603286933,-1.637347500771284,,,
sanyo_033,,2013-03-16T04:11:58.31,,3.501573652174557,-1.621860980987549,,,
sanyo_033,,2013-03-16T04:12:04.83,,3.501937603286933,-1.609190192073584,,,
sanyo_033,,2013-03-16T04:12:14.82,,3.501937603286933,-1.595111537724733,,,
sanyo_033,,2013-03-16T04:12:20.78,,3.501937603286933,-1.571177825331688,,,
sanyo_033,,2013-03-16T04:12:24.81,,3.501937603286933,-1.571177825331688,,,
sanyo_033,,2013-03-16T04:12:34.78,,3.501573652174557,-1.557099170982838,,,
sanyo_033,,2013-03-16T04:12:44.83,,3.501937603286933,-1.531757593154907,,,
sanyo_033,,2013-03-16T04:12:54.8,,3.501937603286933,-1.527533996850252,,,
sanyo_033,,2013-03-16T04:12:55.97,,3.501573652174557,-1.520494669675827,,,
sanyo_033,,2013-03-16T04:13:04.79,,3.501573652174557,-1.502192419022322,,,
sanyo_033,,2013-03-16T04:13:14.82,,3.501573652174557,-1.486705899238586,,,
sanyo_033,,2013-03-16T04:13:24.79,,3.501573652174557,-1.472627244889736,,,
sanyo_033,,2013-03-16T04:13:25.44,,3.501937603286933,-1.468403648585081,,,
sanyo_033,,2013-03-16T04:13:34.83,,3.501937603286933,-1.458548590540886,,,
sanyo_033,,2013-03-16T04:13:44.78,,3.501573652174557,-1.436022743582726,,,
sanyo_033,,2013-03-16T04:13:54.82,,3.501573652174557,-1.42335195466876,,,
sanyo_033,,2013-03-16T04:13:57.44,,3.501573652174557,-1.41772049292922,,,
sanyo_033,,2013-03-16T04:14:04.79,,3.501937603286933,-1.402233973145485,,,
sanyo_033,,2013-03-16T04:14:14.82,,3.501937603286933,-1.396602511405945,,,
sanyo_033,,2013-03-16T04:14:24.79,,3.501573652174557,-1.379708126187325,,,
sanyo_033,,2013-03-16T04:14:27.07,,3.501573652174557,-1.367037337273359,,,
sanyo_033,,2013-03-16T04:14:34.82,,3.501573652174557,-1.364221606403589,,,
sanyo_033,,2013-03-16T04:14:44.8,,3.501573652174557,-1.350142952054739,,,
sanyo_033,,2013-03-16T04:14:54.82,,3.501573652174557,-1.331840701401234,,,
sanyo_033,,2013-03-16T04:15:02.55,,3.501573652174557,-1.313538450747728,,,
sanyo_033,,2013-03-16T04:15:04.8,,3.501573652174557,-1.312130585312843,,,
sanyo_033,,2013-03-16T04:15:14.83,,3.501937603286933,-1.300867661833763,,,
sanyo_033,,2013-03-16T04:15:24.81,,3.50120970106218,-1.288196872919798,,,
sanyo_033,,2013-03-16T04:15:34.78,,3.501573652174557,-1.268486756831408,,,
sanyo_033,,2013-03-16T04:15:36.24,,3.501573652174557,-1.262855295091867,,,
sanyo_033,,2013-03-16T04:15:44.83,,3.501937603286933,-1.257223833352327,,,
sanyo_033,,2013-03-16T04:15:54.81,,3.501937603286933,-1.241737313568592,,,
sanyo_033,,2013-03-16T04:16:04.8,,3.501937603286933,-1.227658659219742,,,
sanyo_033,,2013-03-16T04:16:14.14,,3.501573652174557,-1.210764274001122,,,
sanyo_033,,2013-03-16T04:16:14.78,,3.501573652174557,-1.212172139436007,,,
sanyo_033,,2013-03-16T04:16:24.82,,3.501937603286933,-1.198093485087156,,,
sanyo_033,,2013-03-16T04:16:34.81,,3.501937603286933,-1.186830561608076,,,
sanyo_033,,2013-03-16T04:16:44.8,,3.50120970106218,-1.176975503563881,,,
sanyo_033,,2013-03-16T04:16:47.46,,3.50230155439931,-1.157265387475491,,,
sanyo_033,,2013-03-16T04:16:54.83,,3.50230155439931,-1.151633925735951,,,
sanyo_033,,2013-03-16T04:17:04.81,,3.501573652174557,-1.154449656605721,,,
sanyo_033,,2013-03-16T04:17:14.79,,3.501573652174557,-1.1375552713871,,,
sanyo_033,,2013-03-16T04:17:24.83,,3.501573652174557,-1.12629234790802,,,
sanyo_033,,2013-03-16T04:17:34.8,,3.501573652174557,-1.110805828124285,,,
sanyo_033,,2013-03-16T04:17:37.8,,3.501573652174557,-1.10658223181963,,,
sanyo_033,,2013-03-16T04:17:44.79,,3.50120970106218,-1.09813503921032,,,
sanyo_033,,2013-03-16T04:17:54.79,,3.501937603286933,-1.091095712035894,,,
sanyo_033,,2013-03-16T04:18:04.83,,3.501937603286933,-1.075609192252159,,,
sanyo_033,,2013-03-16T04:18:14.81,,3.50230155439931,-1.062938403338194,,,
sanyo_033,,2013-03-16T04:18:19.14,,3.501573652174557,-1.055899076163769,,,
sanyo_033,,2013-03-16T04:18:24.79,,3.501573652174557,-1.051675479859114,,,
sanyo_033,,2013-03-16T04:18:34.83,,3.501937603286933,-1.037596825510263,,,
sanyo_033,,2013-03-16T04:18:44.81,,3.501937603286933,-1.027741767466068,,,
sanyo_033,,2013-03-16T04:18:54.78,,3.501937603286933,-1.017886709421873,,,
sanyo_033,,2013-03-16T04:19:04.82,,3.501573652174557,-1.006623785942793,,,
sanyo_033,,2013-03-16T04:19:08.81,,3.501573652174557,-1.005215920507908,,,
sanyo_033,,2013-03-16T04:19:14.81,,3.501937603286933,-0.9995844587683678,,,
sanyo_033,,2013-03-16T04:19:24.79,,3.501937603286933,-0.9855058044195176,,,
sanyo_033,,2013-03-16T04:19:34.82,,3.501573652174557,-0.9770586118102074,,,
sanyo_033,,2013-03-16T04:19:44.82,,3.50120970106218,-0.9657956883311272,,,
sanyo_033,,2013-03-16T04:19:49.9,,3.50120970106218,-0.954532764852047,,,
sanyo_033,,2013-03-16T04:19:54.79,,3.501937603286933,-0.9517170339822768,,,
sanyo_033,,2013-03-16T04:20:04.84,,3.501937603286933,-0.9474934376776218,,,
sanyo_033,,2013-03-16T04:20:14.81,,3.501573652174557,-0.9362305141985416,,,
sanyo_033,,2013-03-16T04:20:24.78,,3.501573652174557,-0.9348226487636566,,,
sanyo_033,,2013-03-16T04:20:34.82,,3.501573652174557,-0.9263754561543464,,,
sanyo_033,,2013-03-16T04:20:44.8,,3.501937603286933,-0.9094810709357262,,,
sanyo_033,,2013-03-16T04:20:47.23,,3.501937603286933,-0.903849609196186,,,
sanyo_033,,2013-03-16T04:20:54.82,,3.501937603286933,-0.9052574746310712,,,
sanyo_033,,2013-03-16T04:21:04.81,,3.501573652174557,-0.8968102820217609,,,
sanyo_033,,2013-03-16T04:21:14.84,,3.501573652174557,-0.8897709548473358,,,
sanyo_033,,2013-03-16T04:21:24.81,,3.501573652174557,-0.8771001659333706,,,
sanyo_033,,2013-03-16T04:21:34.79,,3.501573652174557,-0.8700608387589455,,,
sanyo_033,,2013-03-16T04:21:44.78,,3.501573652174557,-0.8630215115845203,,,
sanyo_033,,2013-03-16T04:21:49.38,,3.501937603286933,-0.8531664535403252,,,
sanyo_033,,2013-03-16T04:21:54.81,,3.501937603286933,-0.8531664535403252,,,
sanyo_033,,2013-03-16T04:22:04.78,,3.501937603286933,-0.8475349918007851,,,
sanyo_033,,2013-03-16T04:22:14.82,,3.501937603286933,-0.8376799337565899,,,
sanyo_033,,2013-03-16T04:22:24.81,,3.501937603286933,-0.8306406065821648,,,
sanyo_033,,2013-03-16T04:22:34.78,,3.50230155439931,-0.8137462213635445,,,
sanyo_033,,2013-03-16T04:22:44.83,,3.501573652174557,-0.8109304904937744,,,
sanyo_033,,2013-03-16T04:22:54.81,,3.501573652174557,-0.8109304904937744,,,
sanyo_033,,2013-03-16T04:22:57.67,,3.501937603286933,-0.8024832978844643,,,
sanyo_033,,2013-03-16T04:23:04.78,,3.501573652174557,-0.8052990287542343,,,
sanyo_033,,2013-03-16T04:23:14.82,,3.501573652174557,-0.8010754324495792,,,
sanyo_033,,2013-03-16T04:23:24.8,,3.501937603286933,-0.7785495854914188,,,
sanyo_033,,2013-03-16T04:23:34.83,,3.50230155439931,-0.7644709311425686,,,
sanyo_033,,2013-03-16T04:23:44.13,,3.502665505511686,-0.7518001422286034,,,
sanyo_033,,2013-03-16T04:23:44.83,,3.502665505511686,-0.7546158730983734,,,
sanyo_033,,2013-03-16T04:23:54.81,,3.502665505511686,-0.7461686804890633,,,
sanyo_033,,2013-03-16T04:24:04.78,,3.502665505511686,-0.7489844113588333,,,
sanyo_033,,2013-03-16T04:24:14.8,,3.501937603286933,-0.7405372187495232,,,
sanyo_033,,2013-03-16T04:24:24.83,,3.501937603286933,-0.7419450841844082,,,
sanyo_033,,2013-03-16T04:24:34.82,,3.501937603286933,-0.7363136224448681,,,
sanyo_033,,2013-03-16T04:24:44.82,,3.501937603286933,-0.7264585644006729,,,
sanyo_033,,2013-03-16T04:24:54.78,,3.501937603286933,-0.7264585644006729,,,
sanyo_033,,2013-03-16T04:25:04.82,,3.501573652174557,-0.7151956409215927,,,
sanyo_033,,2013-03-16T04:25:14.46,,3.50120970106218,-0.7011169865727425,,,
sanyo_033,,2013-03-16T04:25:14.8,,3.501937603286933,-0.6997091211378574,,,
sanyo_033,,2013-03-16T04:25:24.78,,3.501573652174557,-0.6898540630936623,,,
sanyo_033,,2013-03-16T04:25:34.82,,3.501937603286933,-0.6856304667890072,,,
sanyo_033,,2013-03-16T04:25:44.81,,3.501573652174557,-0.6828147359192371,,,
sanyo_033,,2013-03-16T04:25:54.78,,3.501573652174557,-0.677183274179697,,,
sanyo_033,,2013-03-16T04:26:04.82,,3.501937603286933,-0.6673282161355019,,,
sanyo_033,,2013-03-16T04:26:14.8,,3.501573652174557,-0.6602888889610767,,,
sanyo_033,,2013-03-16T04:26:24.79,,3.501573652174557,-0.6560652926564217,,,
sanyo_033,,2013-03-16T04:26:25.93,,3.501573652174557,-0.6504338309168816,,,
sanyo_033,,2013-03-16T04:26:34.82,,3.50120970106218,-0.6504338309168816,,,
sanyo_033,,2013-03-16T04:26:44.82,,3.501937603286933,-0.6448023691773415,,,
sanyo_033,,2013-03-16T04:26:54.79,,3.501937603286933,-0.6419866383075714,,,
sanyo_033,,2013-03-16T04:27:04.81,,3.501937603286933,-0.6335394456982613,,,
sanyo_033,,2013-03-16T04:27:14.79,,3.501573652174557,-0.6279079839587212,,,
sanyo_033,,2013-03-16T04:27:24.82,,3.501573652174557,-0.6250922530889511,,,
sanyo_033,,2013-03-16T04:27:34.81,,3.501937603286933,-0.6124214641749859,,,
sanyo_033,,2013-03-16T04:27:44.78,,3.50120970106218,-0.6110135987401009,,,
sanyo_033,,2013-03-16T04:27:54.83,,3.501937603286933,-0.6025664061307907,,,
sanyo_033,,2013-03-16T04:27:55.36,,3.501573652174557,-0.5997506752610207,,,
sanyo_033,,2013-03-16T04:28:04.81,,3.501937603286933,-0.5927113480865955,,,
sanyo_033,,2013-03-16T04:28:14.79,,3.501573652174557,-0.5870798863470554,,,
sanyo_033,,2013-03-16T04:28:24.83,,3.501937603286933,-0.5814484246075153,,,
sanyo_033,,2013-03-16T04:28:34.8,,3.501573652174557,-0.5814484246075153,,,
sanyo_033,,2013-03-16T04:28:44.78,,3.501937603286933,-0.5701855011284351,,,
sanyo_033,,2013-03-16T04:28:54.83,,3.501937603286933,-0.5715933665633202,,,
sanyo_033,,2013-03-16T04:29:04.8,,3.501937603286933,-0.5575147122144699,,,
sanyo_033,,2013-03-16T04:29:14.83,,3.501573652174557,-0.5575147122144699,,,
sanyo_033,,2013-03-16T04:29:22.89,,3.501937603286933,-0.5490675196051598,,,
sanyo_033,,2013-03-16T04:29:24.81,,3.501573652174557,-0.5504753850400448,,,
sanyo_033,,2013-03-16T04:29:34.79,,3.501573652174557,-0.5462517887353897,,,
sanyo_033,,2013-03-16T04:29:44.83,,3.501573652174557,-0.5378045961260796,,,
sanyo_033,,2013-03-16T04:29:54.81,,3.50120970106218,-0.5363967306911945,,,
sanyo_033,,2013-03-16T04:29:55.25,,3.501573652174557,-0.5335809998214245,,,
sanyo_033,,2013-03-16T04:29:55.79,,3.526302024751203,0.002814300591126,,,
sanyo_033,,2013-03-16T04:29:55.93,,3.651136537548155,3.118245054967701,,,
sanyo_033,,2013-03-16T04:29:55.93,,3.651136537548155,3.118245054967701,,,
sanyo_033,,2013-03-16T04:29:56.0,,3.706820737133967,4.108878863044083,,,
sanyo_033,,2013-03-16T04:29:56.0,,3.706820737133967,4.108878863044083,,,
sanyo_033,,2013-03-16T04:29:56.76,,3.717375258624088,4.101843111566268,,,
sanyo_033,,2013-03-16T04:29:58.34,,3.727565831097309,4.099028810975142,,,
sanyo_033,,2013-03-16T04:30:00.37,,3.737756403570529,4.100435961270705,,,
sanyo_033,,2013-03-16T04:30:03.02,,3.74794697604375,4.096214510384016,,,
sanyo_033,,2013-03-16T04:30:05.33,,3.755589905398665,4.100435961270705,,,
sanyo_033,,2013-03-16T04:30:06.03,,3.75813754851697,4.101843111566268,,,
sanyo_033,,2013-03-16T04:30:09.67,,3.768692070007091,4.099028810975142,,,
sanyo_033,,2013-03-16T04:30:13.77,,3.778882642480312,4.099028810975142,,,
sanyo_033,,2013-03-16T04:30:15.38,,3.78288608166622,4.099028810975142,,,
sanyo_033,,2013-03-16T04:30:18.31,,3.789073214953532,4.100435961270705,,,
sanyo_033,,2013-03-16T04:30:23.45,,3.799263787426753,4.099028810975142,,,
sanyo_033,,2013-03-16T04:30:25.36,,3.80290327759576,4.10747171274852,,,
sanyo_033,,2013-03-16T04:30:29.46,,3.809454359899974,4.100435961270705,,,
sanyo_033,,2013-03-16T04:30:35.35,,3.818553085322492,4.104657412157394,,,
sanyo_033,,2013-03-16T04:30:36.33,,3.820008881390095,4.104657412157394,,,
sanyo_033,,2013-03-16T04:30:44.59,,3.830199453863315,4.100435961270705,,,
sanyo_033,,2013-03-16T04:30:45.34,,3.830563402880216,4.100435961270705,,,
sanyo_033,,2013-03-16T04:30:54.75,,3.840390026336536,4.099028810975142,,,
sanyo_033,,2013-03-16T04:30:55.38,,3.841117924370337,4.100435961270705,,,
sanyo_033,,2013-03-16T04:31:05.37,,3.849488751759054,4.099028810975142,,,
sanyo_033,,2013-03-16T04:31:06.0,,3.850580598809756,4.101843111566268,,,
sanyo_033,,2013-03-16T04:31:15.35,,3.856403783080168,4.096214510384016,,,
sanyo_033,,2013-03-16T04:31:21.46,,3.861135120299878,4.106064562452957,,,
sanyo_033,,2013-03-16T04:31:25.33,,3.862590916367481,4.101843111566268,,,
sanyo_033,,2013-03-16T04:31:35.36,,3.868050151620992,4.099028810975142,,,
sanyo_033,,2013-03-16T04:31:41.6,,3.871325692773098,4.099028810975142,,,
sanyo_033,,2013-03-16T04:31:45.37,,3.8724175398238,4.100435961270705,,,
sanyo_033,,2013-03-16T04:31:55.34,,3.877512826060411,4.097621660679579,,,
sanyo_033,,2013-03-16T04:32:04.92,,3.881516265246319,4.097621660679579,,,
sanyo_033,,2013-03-16T04:32:05.33,,3.881516265246319,4.100435961270705,,,
sanyo_033,,2013-03-16T04:32:15.33,,3.885155755415326,4.100435961270705,,,
sanyo_033,,2013-03-16T04:32:25.36,,3.889159194601234,4.097621660679579,,,
sanyo_033,,2013-03-16T04:32:31.7,,3.891706837719539,4.097621660679579,,,
sanyo_033,,2013-03-16T04:32:35.34,,3.892434735753341,4.096214510384016,,,
sanyo_033,,2013-03-16T04:32:45.33,,3.896074225922348,4.096214510384016,,,
sanyo_033,,2013-03-16T04:32:54.05,,3.897530021989951,4.058221452403814,,,
sanyo_033,,2013-03-16T04:32:55.32,,3.897893971006852,4.059628602699377,,,
sanyo_033,,2013-03-16T04:33:01.42,,3.897530021989951,4.000528290285729,,,
sanyo_033,,2013-03-16T04:33:05.37,,3.897530021989951,3.986456787330099,,,
sanyo_033,,2013-03-16T04:33:11.87,,3.897530021989951,3.942835128167644,,,
sanyo_033,,2013-03-16T04:33:15.35,,3.897893971006852,3.932985076098703,,,
sanyo_033,,2013-03-16T04:33:21.26,,3.897530021989951,3.892177717527375,,,
sanyo_033,,2013-03-16T04:33:25.33,,3.898257920023752,3.873884763685055,,,
sanyo_033,,2013-03-16T04:33:29.96,,3.897530021989951,3.841520306887105,,,
sanyo_033,,2013-03-16T04:33:35.37,,3.897893971006852,3.821820202749223,,,
sanyo_033,,2013-03-16T04:33:39.83,,3.897530021989951,3.789455745951273,,,
sanyo_033,,2013-03-16T04:33:45.37,,3.897893971006852,3.768348491517827,,,
sanyo_033,,2013-03-16T04:33:49.41,,3.897530021989951,3.735984034719877,,,
sanyo_033,,2013-03-16T04:33:55.35,,3.897893971006852,3.728948283242062,,,
sanyo_033,,2013-03-16T04:34:00.55,,3.897893971006852,3.683919473784044,,,
sanyo_033,,2013-03-16T04:34:05.34,,3.897530021989951,3.650147866690531,,,
sanyo_033,,2013-03-16T04:34:09.61,,3.897530021989951,3.629040612257086,,,
sanyo_033,,2013-03-16T04:34:15.38,,3.897530021989951,3.616376259597018,,,
sanyo_033,,2013-03-16T04:34:21.8,,3.897893971006852,3.578383201616816,,,
sanyo_033,,2013-03-16T04:34:25.37,,3.897530021989951,3.565718848956749,,,
sanyo_033,,2013-03-16T04:34:30.57,,3.897530021989951,3.526318640680984,,,
sanyo_033,,2013-03-16T04:34:35.35,,3.897893971006852,3.523504340089858,,,
sanyo_033,,2013-03-16T04:34:44.76,,3.897530021989951,3.472846929449588,,,
sanyo_033,,2013-03-16T04:34:45.35,,3.897893971006852,3.477068380336277,,,
sanyo_033,,2013-03-16T04:34:53.81,,3.89716607297305,3.412339466740377,,,
sanyo_033,,2013-03-16T04:34:55.33,,3.897530021989951,3.420782368513756,,,
sanyo_033,,2013-03-16T04:35:05.32,,3.897530021989951,3.377160709351301,,,
sanyo_033,,2013-03-16T04:35:06.66,,3.897530021989951,3.361682056100108,,,
sanyo_033,,2013-03-16T04:35:15.36,,3.897893971006852,3.339167651371099,,,
sanyo_033,,2013-03-16T04:35:17.27,,3.897530021989951,3.311024645459838,,,
sanyo_033,,2013-03-16T04:35:25.35,,3.897893971006852,3.295545992208645,,,
sanyo_033,,2013-03-16T04:35:29.29,,3.897530021989951,3.260367234819569,,,
sanyo_033,,2013-03-16T04:35:35.34,,3.897530021989951,3.243481431272812,,,
sanyo_033,,2013-03-16T04:35:40.38,,3.897530021989951,3.209709824179299,,,
sanyo_033,,2013-03-16T04:35:45.35,,3.897893971006852,3.199859772110358,,,
sanyo_033,,2013-03-16T04:35:52.46,,3.897530021989951,3.157645263243467,,,
sanyo_033,,2013-03-16T04:35:55.35,,3.897530021989951,3.152016662061214,,,
sanyo_033,,2013-03-16T04:36:02.98,,3.897530021989951,3.106987852603197,,,
sanyo_033,,2013-03-16T04:36:05.34,,3.897893971006852,3.097137800534256,,,
sanyo_033,,2013-03-16T04:36:15.03,,3.897530021989951,3.053516141371802,,,
sanyo_033,,2013-03-16T04:36:15.37,,3.897530021989951,3.057737592258491,,,
sanyo_033,,2013-03-16T04:36:25.01,,3.897530021989951,3.002858730731532,,,
sanyo_033,,2013-03-16T04:36:25.36,,3.897530021989951,3.007080181618221,,,
sanyo_033,,2013-03-16T04:36:35.36,,3.897530021989951,2.973308574524708,,,
sanyo_033,,2013-03-16T04:36:38.37,,3.897530021989951,2.952201320091263,,,
sanyo_033,,2013-03-16T04:36:45.36,,3.897893971006852,2.929686915362254,,,
sanyo_033,,2013-03-16T04:36:49.35,,3.897530021989951,2.898729608859867,,,
sanyo_033,,2013-03-16T04:36:55.35,,3.897893971006852,2.897322458564304,,,
sanyo_033,,2013-03-16T04:37:05.33,,3.897893971006852,2.863550851470791,,,
sanyo_033,,2013-03-16T04:37:06.38,,3.897530021989951,2.848072198219597,,,
sanyo_033,,2013-03-16T04:37:15.37,,3.897893971006852,2.822743492899463,,,
sanyo_033,,2013-03-16T04:37:17.64,,3.897530021989951,2.793193336692639,,,
sanyo_033,,2013-03-16T04:37:25.35,,3.898257920023752,2.78897188580595,,,
sanyo_033,,2013-03-16T04:37:32.59,,3.897530021989951,2.739721625461243,,,
sanyo_033,,2013-03-16T04:37:35.33,,3.897893971006852,2.752385978121311,,,
sanyo_033,,2013-03-16T04:37:45.37,,3.897893971006852,2.704542868072167,,,
sanyo_033,,2013-03-16T04:37:46.14,,3.897530021989951,2.686249914229848,,,
sanyo_033,,2013-03-16T04:37:55.36,,3.897530021989951,2.660921208909713,,,
sanyo_033,,2013-03-16T04:37:59.9,,3.897530021989951,2.629963902407326,,,
sanyo_033,,2013-03-16T04:38:05.33,,3.89716607297305,2.617299549747258,,,
sanyo_033,,2013-03-16T04:38:14.5,,3.897530021989951,2.575085040880367,,,
sanyo_033,,2013-03-16T04:38:15.38,,3.897893971006852,2.584935092949309,,,
sanyo_033,,2013-03-16T04:38:25.36,,3.897893971006852,2.541313433786854,,,
sanyo_033,,2013-03-16T04:38:28.93,,3.897530021989951,2.524427630240098,,,
sanyo_033,,2013-03-16T04:38:35.37,,3.898257920023752,2.527241930831224,,,
sanyo_033,,2013-03-16T04:38:43.62,,3.897893971006852,2.473770219599828,,,
sanyo_033,,2013-03-16T04:38:45.37,,3.897530021989951,2.461105866939761,,,
sanyo_033,,2013-03-16T04:38:54.13,,3.897893971006852,2.41889135807287,,,
sanyo_033,,2013-03-16T04:38:55.35,,3.897893971006852,2.434370011324063,,,
sanyo_033,,2013-03-16T04:39:05.34,,3.898257920023752,2.397784103639424,,,
sanyo_033,,2013-03-16T04:39:08.34,,3.897530021989951,2.3682339474326,,,
sanyo_033,,2013-03-16T04:39:15.33,,3.898257920023752,2.361198195954785,,,
sanyo_033,,2013-03-16T04:39:21.49,,3.897893971006852,2.31757653679233,,,
sanyo_033,,2013-03-16T04:39:25.36,,3.897893971006852,2.311947935610078,,,
sanyo_033,,2013-03-16T04:39:33.73,,3.897530021989951,2.265511975856498,,,
sanyo_033,,2013-03-16T04:39:35.34,,3.897530021989951,2.275362027925439,,,
sanyo_033,,2013-03-16T04:39:45.33,,3.897893971006852,2.237368969945237,,,
sanyo_033,,2013-03-16T04:39:48.62,,3.897893971006852,2.212040264625102,,,
sanyo_033,,2013-03-16T04:39:55.38,,3.897893971006852,2.185304409009405,,,
sanyo_033,,2013-03-16T04:40:01.56,,3.897893971006852,2.161382853984833,,,
sanyo_033,,2013-03-16T04:40:05.36,,3.897893971006852,2.152939952211455,,,
sanyo_033,,2013-03-16T04:40:15.37,,3.897893971006852,2.119168345117942,,,
sanyo_033,,2013-03-16T04:40:17.24,,3.897530021989951,2.110725443344563,,,
sanyo_033,,2013-03-16T04:40:25.36,,3.897530021989951,2.089618188911118,,,
sanyo_033,,2013-03-16T04:40:32.23,,3.897893971006852,2.058660882408731,,,
sanyo_033,,2013-03-16T04:40:35.35,,3.897893971006852,2.058660882408731,,,
sanyo_033,,2013-03-16T04:40:45.34,,3.897893971006852,2.015039223246276,,,
sanyo_033,,2013-03-16T04:40:46.45,,3.897530021989951,2.005189171177335,,,
sanyo_033,,2013-03-16T04:40:55.34,,3.897893971006852,1.989710517926142,,,
sanyo_033,,2013-03-16T04:41:01.7,,3.89716607297305,1.948903159354813,,,
sanyo_033,,2013-03-16T04:41:05.33,,3.897893971006852,1.950310309650376,,,
sanyo_033,,2013-03-16T04:41:15.32,,3.897893971006852,1.912317251670174,,,
sanyo_033,,2013-03-16T04:41:17.94,,3.897530021989951,1.898245748714544,,,
sanyo_033,,2013-03-16T04:41:25.34,,3.897893971006852,1.885581396054477,,,
sanyo_033,,2013-03-16T04:41:33.71,,3.897530021989951,1.840552586596459,,,
sanyo_033,,2013-03-16T04:41:35.38,,3.897530021989951,1.846181187778711,,,
sanyo_033,,2013-03-16T04:41:45.32,,3.897530021989951,1.815223881276324,,,
sanyo_033,,2013-03-16T04:41:50.13,,3.897893971006852,1.787080875365064,,,
sanyo_033,,2013-03-16T04:41:55.37,,3.897893971006852,1.787080875365064,,,
sanyo_033,,2013-03-16T04:42:05.36,,3.898257920023752,1.765973620931618,,,
sanyo_033,,2013-03-16T04:42:08.92,,3.897530021989951,1.735016314429231,,,
sanyo_033,,2013-03-16T04:42:15.36,,3.897893971006852,1.729387713246979,,,
sanyo_033,,2013-03-16T04:42:24.38,,3.897530021989951,1.684358903788962,,,
sanyo_033,,2013-03-16T04:42:25.36,,3.898257920023752,1.701244707335718,,,
sanyo_033,,2013-03-16T04:42:35.34,,3.897893971006852,1.670287400833331,,,
sanyo_033,,2013-03-16T04:42:42.44,,3.897530021989951,1.629480042262003,,,
sanyo_033,,2013-03-16T04:42:45.34,,3.897893971006852,1.629480042262003,,,
sanyo_033,,2013-03-16T04:42:55.32,,3.897530021989951,1.606965637532994,,,
sanyo_033,,2013-03-16T04:43:02.59,,3.897530021989951,1.578822631621733,,,
sanyo_033,,2013-03-16T04:43:05.35,,3.897893971006852,1.588672683690675,,,
sanyo_033,,2013-03-16T04:43:15.34,,3.898257920023752,1.559122527483851,,,
sanyo_033,,2013-03-16T04:43:19.53,,3.897893971006852,1.528165220981464,,,
sanyo_033,,2013-03-16T04:43:25.38,,3.897893971006852,1.533793822163716,,,
sanyo_033,,2013-03-16T04:43:35.36,,3.897893971006852,1.497207914479077,,,
sanyo_033,,2013-03-16T04:43:36.8,,3.897530021989951,1.474693509750068,,,
sanyo_033,,2013-03-16T04:43:45.37,,3.897530021989951,1.46625060797669,,,
sanyo_033,,2013-03-16T04:43:55.35,,3.897893971006852,1.446550503838807,,,
sanyo_033,,2013-03-16T04:43:56.34,,3.897530021989951,1.422628948814236,,,
sanyo_033,,2013-03-16T04:44:05.34,,3.897893971006852,1.412778896745294,,,
sanyo_033,,2013-03-16T04:44:15.37,,3.897893971006852,1.40152169438079,,,
sanyo_033,,2013-03-16T04:44:21.53,,3.897893971006852,1.370564387878403,,,
sanyo_033,,2013-03-16T04:44:25.35,,3.897893971006852,1.38745019142516,,,
sanyo_033,,2013-03-16T04:44:35.33,,3.897893971006852,1.349457133444957,,,
sanyo_033,,2013-03-16T04:44:44.51,,3.897530021989951,1.319906977238134,,,
sanyo_033,,2013-03-16T04:44:45.33,,3.897530021989951,1.315685526351444,,,
sanyo_033,,2013-03-16T04:44:55.38,,3.897893971006852,1.301614023395814,,,
sanyo_033,,2013-03-16T04:45:05.35,,3.897893971006852,1.29035682103131,,,
sanyo_033,,2013-03-16T04:45:05.92,,3.897893971006852,1.269249566597864,,,
sanyo_033,,2013-03-16T04:45:15.33,,3.897893971006852,1.250956612755545,,,
sanyo_033,,2013-03-16T04:45:23.87,,3.897530021989951,1.214370705070905,,,
sanyo_033,,2013-03-16T04:45:25.37,,3.897893971006852,1.231256508617662,,,
sanyo_033,,2013-03-16T04:45:35.34,,3.897530021989951,1.197484901524149,,,
sanyo_033,,2013-03-16T04:45:45.34,,3.897530021989951,1.179191947681829,,,
sanyo_033,,2013-03-16T04:45:52.99,,3.897530021989951,1.16089899383951,,,
sanyo_033,,2013-03-16T04:45:55.33,,3.897530021989951,1.170749045908451,,,
sanyo_033,,2013-03-16T04:46:05.36,,3.898621869040653,1.163713294430636,,,
sanyo_033,,2013-03-16T04:46:13.78,,3.897530021989951,1.108834432903677,,,
sanyo_033,,2013-03-16T04:46:15.35,,3.897893971006852,1.114463034085929,,,
sanyo_033,,2013-03-16T04:46:25.34,,3.897893971006852,1.100391531130299,,,
sanyo_033,,2013-03-16T04:46:35.33,,3.897893971006852,1.087727178470232,,,
sanyo_033,,2013-03-16T04:46:39.54,,3.897530021989951,1.058177022263408,,,
sanyo_033,,2013-03-16T04:46:45.33,,3.897530021989951,1.053955571376719,,,
sanyo_033,,2013-03-16T04:46:55.37,,3.897893971006852,1.041291218716651,,,
sanyo_033,,2013-03-16T04:47:05.36,,3.897893971006852,1.024405415169895,,,
sanyo_033,,2013-03-16T04:47:12.57,,3.897530021989951,1.006112461327575,,,
sanyo_033,,2013-03-16T04:47:15.33,,3.897893971006852,1.008926761918701,,,
sanyo_033,,2013-03-16T04:47:25.37,,3.897893971006852,0.996262409258634,,,
sanyo_033,,2013-03-16T04:47:35.34,,3.897893971006852,0.9793766057118772,,,
sanyo_033,,2013-03-16T04:47:41.7,,3.897530021989951,0.9554550506873056,,,
sanyo_033,,2013-03-16T04:47:45.32,,3.897893971006852,0.9653051027562468,,,
sanyo_033,,2013-03-16T04:47:55.32,,3.898257920023752,0.9498264495050536,,,
sanyo_033,,2013-03-16T04:48:05.36,,3.897530021989951,0.9301263453671708,,,
sanyo_033,,2013-03-16T04:48:14.92,,3.897530021989951,0.9033904897514732,,,
sanyo_033,,2013-03-16T04:48:15.33,,3.897530021989951,0.8991690388647839,,,
sanyo_033,,2013-03-16T04:48:25.37,,3.897893971006852,0.8991690388647839,,,
sanyo_033,,2013-03-16T04:48:35.36,,3.897893971006852,0.8850975359091535,,,
sanyo_033,,2013-03-16T04:48:44.8,,3.89716607297305,0.8499187785200775,,,
sanyo_033,,2013-03-16T04:48:45.34,,3.897893971006852,0.8597688305890188,,,
sanyo_033,,2013-03-16T04:48:55.33,,3.898257920023752,0.8555473797023296,,,
sanyo_033,,2013-03-16T04:49:05.36,,3.897893971006852,0.8203686223132536,,,
sanyo_033,,2013-03-16T04:49:15.34,,3.897893971006852,0.8105185702443123,,,
sanyo_033,,2013-03-16T04:49:18.04,,3.897530021989951,0.7978542175842449,,,
sanyo_033,,2013-03-16T04:49:25.32,,3.897893971006852,0.7950399169931188,,,
sanyo_033,,2013-03-16T04:49:35.35,,3.898257920023752,0.8105185702443123,,,
sanyo_033,,2013-03-16T04:49:45.33,,3.897893971006852,0.7894113158108667,,,
sanyo_033,,2013-03-16T04:49:55.37,,3.897893971006852,0.7626754601951689,,,
sanyo_033,,2013-03-16T04:50:03.74,,3.897530021989951,0.7471968069439754,,,
sanyo_033,,2013-03-16T04:50:05.34,,3.897893971006852,0.7486039572395384,,,
sanyo_033,,2013-03-16T04:50:15.33,,3.897530021989951,0.7317181536927819,,,
sanyo_033,,2013-03-16T04:50:25.36,,3.897530021989951,0.7274967028060928,,,
sanyo_033,,2013-03-16T04:50:35.34,,3.897893971006852,0.7176466507371515,,,
sanyo_033,,2013-03-16T04:50:37.03,,3.897530021989951,0.6965393963037059,,,
sanyo_033,,2013-03-16T04:50:45.32,,3.897893971006852,0.6979465465992689,,,
sanyo_033,,2013-03-16T04:50:55.32,,3.897893971006852,0.7063894483726472,,,
sanyo_033,,2013-03-16T04:51:05.36,,3.897893971006852,0.6838750436436385,,,
sanyo_033,,2013-03-16T04:51:15.34,,3.897893971006852,0.666989240096882,,,
sanyo_033,,2013-03-16T04:51:23.95,,3.897530021989951,0.6444748353678733,,,
sanyo_033,,2013-03-16T04:51:25.33,,3.897893971006852,0.6486962862545624,,,
sanyo_033,,2013-03-16T04:51:35.35,,3.898257920023752,0.6458819856634364,,,
sanyo_033,,2013-03-16T04:51:45.38,,3.898257920023752,0.6388462341856211,,,
sanyo_033,,2013-03-16T04:51:55.37,,3.897893971006852,0.6177389797521755,,,
sanyo_033,,2013-03-16T04:51:59.07,,3.89716607297305,0.5938174247276038,,,
sanyo_033,,2013-03-16T04:52:05.35,,3.897530021989951,0.6177389797521755,,,
sanyo_033,,2013-03-16T04:52:15.34,,3.897893971006852,0.600853176205419,,,
sanyo_033,,2013-03-16T04:52:25.38,,3.898257920023752,0.5980388756142929,,,
sanyo_033,,2013-03-16T04:52:35.35,,3.897893971006852,0.5853745229542255,,,
sanyo_033,,2013-03-16T04:52:45.34,,3.897530021989951,0.5698958697030321,,,
sanyo_033,,2013-03-16T04:52:55.32,,3.897893971006852,0.5727101702941582,,,
sanyo_033,,2013-03-16T04:52:57.69,,3.897530021989951,0.5389385632006451,,,
sanyo_033,,2013-03-16T04:53:05.37,,3.897530021989951,0.5375314129050821,,,
sanyo_033,,2013-03-16T04:53:15.35,,3.897893971006852,0.5417528637917712,,,
sanyo_033,,2013-03-16T04:53:25.38,,3.897893971006852,0.533309962018393,,,
sanyo_033,,2013-03-16T04:53:35.36,,3.897893971006852,0.5206456093583256,,,
sanyo_033,,2013-03-16T04:53:45.33,,3.898257920023752,0.5234599099494517,,,
sanyo_033,,2013-03-16T04:53:55.38,,3.898257920023752,0.5093884069938213,,,
sanyo_033,,2013-03-16T04:53:55.43,,3.89716607297305,0.4882811525603756,,,
sanyo_033,,2013-03-16T04:54:05.35,,3.898257920023752,0.4967240543337539,,,
sanyo_033,,2013-03-16T04:54:15.33,,3.897893971006852,0.4953169040381908,,,
sanyo_033,,2013-03-16T04:54:25.37,,3.897530021989951,0.4868740022648126,,,
sanyo_033,,2013-03-16T04:54:35.36,,3.897530021989951,0.4728024993091822,,,
sanyo_033,,2013-03-16T04:54:45.34,,3.897893971006852,0.4643595975358039,,,
sanyo_033,,2013-03-16T04:54:55.33,,3.897530021989951,0.4516952448757365,,,
sanyo_033,,2013-03-16T04:55:05.36,,3.897530021989951,0.4474737939890474,,,
sanyo_033,,2013-03-16T04:55:07.15,,3.89716607297305,0.4376237419201061,,,
sanyo_033,,2013-03-16T04:55:15.35,,3.897893971006852,0.4559166957624257,,,
sanyo_033,,2013-03-16T04:55:25.33,,3.897893971006852,0.4418451928067952,,,
sanyo_033,,2013-03-16T04:55:35.36,,3.897893971006852,0.4277736898511648,,,
sanyo_033,,2013-03-16T04:55:45.33,,3.897893971006852,0.4319951407378539,,,
sanyo_033,,2013-03-16T04:55:55.36,,3.897893971006852,0.4179236377822235,,,
sanyo_033,,2013-03-16T04:56:05.33,,3.897893971006852,0.4179236377822235,,,
sanyo_033,,2013-03-16T04:56:15.25,,3.897893971006852,0.3869663312798366,,,
sanyo_033,,2013-03-16T04:56:15.37,,3.897893971006852,0.3968163833487779,,,
sanyo_033,,2013-03-16T04:56:25.35,,3.897893971006852,0.4038521348265931,,,
sanyo_033,,2013-03-16T04:56:35.33,,3.897893971006852,0.399630683939904,,,
sanyo_033,,2013-03-16T04:56:45.36,,3.897893971006852,0.3982235336443409,,,
sanyo_033,,2013-03-16T04:56:55.35,,3.897893971006852,0.3897806318709627,,,
sanyo_033,,2013-03-16T04:57:05.33,,3.897530021989951,0.3813377300975844,,,
sanyo_033,,2013-03-16T04:57:15.36,,3.897893971006852,0.3869663312798366,,,
sanyo_033,,2013-03-16T04:57:25.35,,3.897530021989951,0.3489732732996345,,,
sanyo_033,,2013-03-16T04:57:35.34,,3.897530021989951,0.3447518224129453,,,
sanyo_033,,2013-03-16T04:57:36.62,,3.897530021989951,0.3363089206395671,,,
sanyo_033,,2013-03-16T04:57:45.37,,3.898257920023752,0.3602304756641388,,,
sanyo_033,,2013-03-16T04:57:55.32,,3.897893971006852,0.3475661230040714,,,
sanyo_033,,2013-03-16T04:58:05.36,,3.897893971006852,0.3363089206395671,,,
sanyo_033,,2013-03-16T04:58:15.34,,3.898257920023752,0.3546018744818866,,,
sanyo_033,,2013-03-16T04:58:25.32,,3.897893971006852,0.334901770344004,,,
sanyo_033,,2013-03-16T04:58:35.37,,3.897530021989951,0.3236445679794997,,,
sanyo_033,,2013-03-16T04:58:45.35,,3.897530021989951,0.3166088165016845,,,
sanyo_033,,2013-03-16T04:58:55.36,,3.898621869040653,0.3306803194573149,,,
sanyo_033,,2013-03-16T04:59:05.34,,3.897530021989951,0.2926872614771128,,,
sanyo_033,,2013-03-16T04:59:15.33,,3.897530021989951,0.3137945159105584,,,
sanyo_033,,2013-03-16T04:59:21.72,,3.897530021989951,0.2828372094081715,,,
sanyo_033,,2013-03-16T04:59:25.35,,3.897893971006852,0.299723012954928,,,
sanyo_033,,2013-03-16T04:59:35.34,,3.897893971006852,0.2955015620682389,,,
sanyo_033,,2013-03-16T04:59:45.38,,3.897893971006852,0.2940944117726758,,,
sanyo_033,,2013-03-16T04:59:55.36,,3.897530021989951,0.2743943076347932,,,
sanyo_033,,2013-03-16T04:59:55.84,,3.898257920023752,0.299723012954928,,,
sanyo_033,,2013-03-16T04:59:56.4,,3.886269977956545,-0.0056314617395401,,,
sanyo_033,,2013-03-16T04:59:56.54,,3.739233728556428,-3.747737787663937,,,
sanyo_033,,2013-03-16T04:59:56.54,,3.739233728556428,-3.747737787663937,,,
sanyo_033,,2013-03-16T04:59:56.6,,3.719944319600472,-4.101112011820078,,,
sanyo_033,,2013-03-16T04:59:56.6,,3.719944319600472,-4.101112011820078,,,
sanyo_033,,2013-03-16T04:59:57.17,,3.70975368845393,-4.101112011820078,,,
sanyo_033,,2013-03-16T04:59:58.45,,3.699563057307387,-4.099704146385193,,,
sanyo_033,,2013-03-16T05:00:00.24,,3.688644523936091,-4.103927742689848,,,
sanyo_033,,2013-03-16T05:00:02.65,,3.678453892789548,-4.098296280950308,,,
sanyo_033,,2013-03-16T05:00:05.3,,3.668263261643006,-4.098296280950308,,,
sanyo_033,,2013-03-16T05:00:05.88,,3.666443506081123,-4.098296280950308,,,
sanyo_033,,2013-03-16T05:00:08.54,,3.658072630496463,-4.099704146385193,,,
sanyo_033,,2013-03-16T05:00:12.33,,3.64788199934992,-4.103927742689848,,,
sanyo_033,,2013-03-16T05:00:15.92,,3.638783221540507,-4.099704146385193,,,
sanyo_033,,2013-03-16T05:00:16.33,,3.637691368203377,-4.098296280950308,,,
sanyo_033,,2013-03-16T05:00:21.08,,3.627500737056835,-4.098296280950308,,,
sanyo_033,,2013-03-16T05:00:25.9,,3.617674057022668,-4.098296280950308,,,
sanyo_033,,2013-03-16T05:00:26.07,,3.616946154797915,-4.105335608124733,,,
sanyo_033,,2013-03-16T05:00:32.0,,3.606755523651373,-4.098296280950308,,,
sanyo_033,,2013-03-16T05:00:35.9,,3.600568354740972,-4.105335608124733,,,
sanyo_033,,2013-03-16T05:00:38.44,,3.59656489250483,-4.108151338994503,,,
sanyo_033,,2013-03-16T05:00:45.42,,3.586374261358287,-4.099704146385193,,,
sanyo_033,,2013-03-16T05:00:45.88,,3.586374261358287,-4.098296280950308,,,
sanyo_033,,2013-03-16T05:00:53.44,,3.576183630211745,-4.106743473559618,,,
sanyo_033,,2013-03-16T05:00:55.92,,3.573999923537485,-4.099704146385193,,,
sanyo_033,,2013-03-16T05:01:02.6,,3.565992999065202,-4.105335608124733,,,
sanyo_033,,2013-03-16T05:01:05.91,,3.56308139016619,-4.098296280950308,,,
sanyo_033,,2013-03-16T05:01:12.4,,3.555802367918659,-4.101112011820078,,,
sanyo_033,,2013-03-16T05:01:15.9,,3.552890759019647,-4.098296280950308,,,
sanyo_033,,2013-03-16T05:01:23.61,,3.545611736772116,-4.110967069864273,,,
sanyo_033,,2013-03-16T05:01:25.88,,3.54415593232261,-4.096888415515423,,,
sanyo_033,,2013-03-16T05:01:35.91,,3.53578505673795,-4.099704146385193,,,
sanyo_033,,2013-03-16T05:01:36.61,,3.535421105625574,-4.112374935299158,,,
sanyo_033,,2013-03-16T05:01:45.91,,3.52850603449042,-4.098296280950308,,,
sanyo_033,,2013-03-16T05:01:49.9,,3.525230474479031,-4.098296280950308,,,
sanyo_033,,2013-03-16T05:01:55.89,,3.520499110018136,-4.099704146385193,,,
sanyo_033,,2013-03-16T05:02:04.46,,3.515039843332488,-4.099704146385193,,,
sanyo_033,,2013-03-16T05:02:05.92,,3.514311941107735,-4.099704146385193,,,
sanyo_033,,2013-03-16T05:02:15.9,,3.507396869972581,-4.098296280950308,,,
sanyo_033,,2013-03-16T05:02:19.55,,3.504849212185945,-4.099704146385193,,,
sanyo_033,,2013-03-16T05:02:25.93,,3.50120970106218,-4.099704146385193,,,
sanyo_033,,2013-03-16T05:02:28.66,,3.501573652174557,-4.030718740075827,,,
sanyo_033,,2013-03-16T05:02:33.34,,3.501937603286933,-3.977219853550196,,,
sanyo_033,,2013-03-16T05:02:35.92,,3.50230155439931,-3.95328614115715,,,
sanyo_033,,2013-03-16T05:02:37.26,,3.50230155439931,-3.926536697894335,,,
sanyo_033,,2013-03-16T05:02:41.93,,3.502665505511686,-3.870222080498934,,,
sanyo_033,,2013-03-16T05:02:45.9,,3.502665505511686,-3.833617579191923,,,
sanyo_033,,2013-03-16T05:02:46.89,,3.503029456624063,-3.815315328538418,,,
sanyo_033,,2013-03-16T05:02:55.89,,3.501573652174557,-3.781526558101177,,,
sanyo_033,,2013-03-16T05:02:58.04,,3.50120970106218,-3.764632172882557,,,
sanyo_033,,2013-03-16T05:03:03.01,,3.501937603286933,-3.713949017226696,,,
sanyo_033,,2013-03-16T05:03:05.88,,3.501573652174557,-3.694238901138306,,,
sanyo_033,,2013-03-16T05:03:10.46,,3.501573652174557,-3.66185799613595,,,
sanyo_033,,2013-03-16T05:03:15.92,,3.501573652174557,-3.616806302219629,,,
sanyo_033,,2013-03-16T05:03:16.28,,3.501937603286933,-3.611174840480089,,,
sanyo_033,,2013-03-16T05:03:23.34,,3.501937603286933,-3.560491684824228,,,
sanyo_033,,2013-03-16T05:03:25.89,,3.50120970106218,-3.547820895910263,,,
sanyo_033,,2013-03-16T05:03:29.34,,3.501573652174557,-3.509808529168367,,,
sanyo_033,,2013-03-16T05:03:35.94,,3.501573652174557,-3.471796162426472,,,
sanyo_033,,2013-03-16T05:03:36.35,,3.501937603286933,-3.457717508077622,,,
sanyo_033,,2013-03-16T05:03:43.65,,3.501573652174557,-3.407034352421761,,,
sanyo_033,,2013-03-16T05:03:45.91,,3.501573652174557,-3.391547832638025,,,
sanyo_033,,2013-03-16T05:03:51.1,,3.501937603286933,-3.3563511967659,,,
sanyo_033,,2013-03-16T05:03:55.89,,3.501573652174557,-3.321154560893774,,,
sanyo_033,,2013-03-16T05:03:57.71,,3.501573652174557,-3.304260175675154,,,
sanyo_033,,2013-03-16T05:04:05.92,,3.501573652174557,-3.250761289149523,,,
sanyo_033,,2013-03-16T05:04:05.92,,3.501573652174557,-3.250761289149523,,,
sanyo_033,,2013-03-16T05:04:13.69,,3.501937603286933,-3.200078133493662,,,
sanyo_033,,2013-03-16T05:04:15.89,,3.501937603286933,-3.198670268058777,,,
sanyo_033,,2013-03-16T05:04:25.06,,3.50120970106218,-3.145171381533146,,,
sanyo_033,,2013-03-16T05:04:25.92,,3.501937603286933,-3.140947785228491,,,
sanyo_033,,2013-03-16T05:04:31.86,,3.501573652174557,-3.0930803604424,,,
sanyo_033,,2013-03-16T05:04:35.89,,3.501937603286933,-3.074778109788895,,,
sanyo_033,,2013-03-16T05:04:40.58,,3.501573652174557,-3.042397204786539,,,
sanyo_033,,2013-03-16T05:04:45.93,,3.501937603286933,-3.000161241739988,,,
sanyo_033,,2013-03-16T05:04:48.04,,3.50230155439931,-2.991714049130678,,,
sanyo_033,,2013-03-16T05:04:55.92,,3.501937603286933,-2.956517413258553,,,
sanyo_033,,2013-03-16T05:05:00.07,,3.501573652174557,-2.938215162605047,,,
sanyo_033,,2013-03-16T05:05:05.91,,3.50230155439931,-2.897387064993382,,,
sanyo_033,,2013-03-16T05:05:11.44,,3.501573652174557,-2.887532006949186,,,
sanyo_033,,2013-03-16T05:05:15.88,,3.501573652174557,-2.862190429121256,,,
sanyo_033,,2013-03-16T05:05:20.81,,3.501937603286933,-2.836848851293325,,,
sanyo_033,,2013-03-16T05:05:25.88,,3.501573652174557,-2.81573086977005,,,
sanyo_033,,2013-03-16T05:05:31.25,,3.501573652174557,-2.78475783020258,,,
sanyo_033,,2013-03-16T05:05:35.92,,3.501937603286933,-2.767863444983959,,,
sanyo_033,,2013-03-16T05:05:43.24,,3.501573652174557,-2.734074674546719,,,
sanyo_033,,2013-03-16T05:05:45.91,,3.501573652174557,-2.719996020197868,,,
sanyo_033,,2013-03-16T05:05:54.1,,3.50120970106218,-2.681983653455973,,,
sanyo_033,,2013-03-16T05:05:55.9,,3.501937603286933,-2.673536460846663,,,
sanyo_033,,2013-03-16T05:06:05.7,,3.501573652174557,-2.631300497800112,,,
sanyo_033,,2013-03-16T05:06:05.88,,3.501573652174557,-2.636931959539652,,,
sanyo_033,,2013-03-16T05:06:15.92,,3.501937603286933,-2.589064534753561,,,
sanyo_033,,2013-03-16T05:06:17.31,,3.501573652174557,-2.577801611274481,,,
sanyo_033,,2013-03-16T05:06:25.93,,3.501573652174557,-2.556683629751205,,,
sanyo_033,,2013-03-16T05:06:31.35,,3.501937603286933,-2.52711845561862,,,
sanyo_033,,2013-03-16T05:06:35.92,,3.501573652174557,-2.506000474095345,,,
sanyo_033,,2013-03-16T05:06:44.8,,3.501937603286933,-2.476435299962759,,,
sanyo_033,,2013-03-16T05:06:45.9,,3.501573652174557,-2.480658896267414,,,
sanyo_033,,2013-03-16T05:06:55.89,,3.501573652174557,-2.435607202351093,,,
sanyo_033,,2013-03-16T05:06:57.34,,3.501937603286933,-2.422936413437128,,,
sanyo_033,,2013-03-16T05:07:05.93,,3.50120970106218,-2.389147642999888,,,
sanyo_033,,2013-03-16T05:07:11.2,,3.501573652174557,-2.372253257781267,,,
sanyo_033,,2013-03-16T05:07:15.9,,3.501573652174557,-2.348319545388222,,,
sanyo_033,,2013-03-16T05:07:25.88,,3.501573652174557,-2.325793698430061,,,
sanyo_033,,2013-03-16T05:07:26.81,,3.501573652174557,-2.317346505820751,,,
sanyo_033,,2013-03-16T05:07:35.92,,3.50120970106218,-2.294820658862591,,,
sanyo_033,,2013-03-16T05:07:39.9,,3.50230155439931,-2.26666335016489,,,
sanyo_033,,2013-03-16T05:07:45.9,,3.50120970106218,-2.253992561250925,,,
sanyo_033,,2013-03-16T05:07:55.89,,3.501573652174557,-2.220203790813685,,,
sanyo_033,,2013-03-16T05:07:59.65,,3.501573652174557,-2.215980194509029,,,
sanyo_033,,2013-03-16T05:08:05.93,,3.501937603286933,-2.192046482115984,,,
sanyo_033,,2013-03-16T05:08:15.91,,3.501573652174557,-2.173744231462479,,,
sanyo_033,,2013-03-16T05:08:18.45,,3.501573652174557,-2.165297038853169,,,
sanyo_033,,2013-03-16T05:08:25.93,,3.501573652174557,-2.141363326460123,,,
sanyo_033,,2013-03-16T05:08:28.64,,3.501573652174557,-2.114613883197308,,,
sanyo_033,,2013-03-16T05:08:35.92,,3.50120970106218,-2.107574556022883,,,
sanyo_033,,2013-03-16T05:08:45.89,,3.50120970106218,-2.080825112760067,,,
sanyo_033,,2013-03-16T05:08:49.18,,3.501573652174557,-2.063930727541447,,,
sanyo_033,,2013-03-16T05:08:55.89,,3.50230155439931,-2.044220611453056,,,
sanyo_033,,2013-03-16T05:09:05.92,,3.501573652174557,-2.014655437320471,,,
sanyo_033,,2013-03-16T05:09:06.62,,3.501937603286933,-2.010431841015816,,,
sanyo_033,,2013-03-16T05:09:15.91,,3.501573652174557,-1.999168917536736,,,
sanyo_033,,2013-03-16T05:09:25.89,,3.501937603286933,-1.965380147099495,,,
sanyo_033,,2013-03-16T05:09:26.01,,3.50230155439931,-1.95834081992507,,,
sanyo_033,,2013-03-16T05:09:35.93,,3.50230155439931,-1.93863070383668,,,
sanyo_033,,2013-03-16T05:09:45.9,,3.50120970106218,-1.914696991443634,,,
sanyo_033,,2013-03-16T05:09:50.29,,3.501573652174557,-1.903434067964554,,,
sanyo_033,,2013-03-16T05:09:55.9,,3.501573652174557,-1.885131817311049,,,
sanyo_033,,2013-03-16T05:10:00.87,,3.503029456624063,-1.838672257959843,,,
sanyo_033,,2013-03-16T05:10:05.93,,3.50230155439931,-1.854158777743578,,,
sanyo_033,,2013-03-16T05:10:15.9,,3.503029456624063,-1.809107083827257,,,
sanyo_033,,2013-03-16T05:10:25.94,,3.502665505511686,-1.811922814697027,,,
sanyo_033,,2013-03-16T05:10:35.91,,3.50120970106218,-1.811922814697027,,,
sanyo_033,,2013-03-16T05:10:40.73,,3.501937603286933,-1.787989102303982,,,
sanyo_033,,2013-03-16T05:10:45.9,,3.501937603286933,-1.779541909694672,,,
sanyo_033,,2013-03-16T05:10:55.89,,3.501573652174557,-1.758423928171396,,,
sanyo_033,,2013-03-16T05:11:00.83,,3.50230155439931,-1.735898081213236,,,
sanyo_033,,2013-03-16T05:11:05.94,,3.501937603286933,-1.735898081213236,,,
sanyo_033,,2013-03-16T05:11:15.91,,3.501937603286933,-1.707740772515535,,,
sanyo_033,,2013-03-16T05:11:25.88,,3.501573652174557,-1.68943852186203,,,
sanyo_033,,2013-03-16T05:11:26.89,,3.501573652174557,-1.68380706012249,,,
sanyo_033,,2013-03-16T05:11:35.92,,3.501573652174557,-1.668320540338755,,,
sanyo_033,,2013-03-16T05:11:45.9,,3.50120970106218,-1.651426155120134,,,
sanyo_033,,2013-03-16T05:11:52.37,,3.501937603286933,-1.633123904466629,,,
sanyo_033,,2013-03-16T05:11:55.88,,3.501937603286933,-1.619045250117779,,,
sanyo_033,,2013-03-16T05:12:05.91,,3.501573652174557,-1.604966595768929,,,
sanyo_033,,2013-03-16T05:12:15.89,,3.501573652174557,-1.592295806854963,,,
sanyo_033,,2013-03-16T05:12:20.05,,3.50120970106218,-1.582440748810768,,,
sanyo_033,,2013-03-16T05:12:25.89,,3.501937603286933,-1.569769959896803,,,
sanyo_033,,2013-03-16T05:12:35.93,,3.501573652174557,-1.550059843808413,,,
sanyo_033,,2013-03-16T05:12:43.89,,3.501573652174557,-1.531757593154907,,,
sanyo_033,,2013-03-16T05:12:45.92,,3.501573652174557,-1.528941862285137,,,
sanyo_033,,2013-03-16T05:12:55.9,,3.501573652174557,-1.521902535110712,,,
sanyo_033,,2013-03-16T05:13:05.89,,3.501573652174557,-1.499376688152552,,,
sanyo_033,,2013-03-16T05:13:15.59,,3.501937603286933,-1.481074437499046,,,
sanyo_033,,2013-03-16T05:13:15.88,,3.501937603286933,-1.482482302933931,,,
sanyo_033,,2013-03-16T05:13:25.91,,3.501573652174557,-1.461364321410656,,,
sanyo_033,,2013-03-16T05:13:35.89,,3.501573652174557,-1.447285667061806,,,
sanyo_033,,2013-03-16T05:13:41.97,,3.501573652174557,-1.430391281843185,,,
sanyo_033,,2013-03-16T05:13:45.89,,3.501573652174557,-1.430391281843185,,,
sanyo_033,,2013-03-16T05:13:55.89,,3.501573652174557,-1.413496896624565,,,
sanyo_033,,2013-03-16T05:14:05.92,,3.501573652174557,-1.393786780536175,,,
sanyo_033,,2013-03-16T05:14:13.08,,3.501937603286933,-1.376892395317555,,,
sanyo_033,,2013-03-16T05:14:15.91,,3.501573652174557,-1.376892395317555,,,
sanyo_033,,2013-03-16T05:14:25.88,,3.50120970106218,-1.367037337273359,,,
sanyo_033,,2013-03-16T05:14:35.91,,3.501573652174557,-1.348735086619854,,,
sanyo_033,,2013-03-16T05:14:45.88,,3.501573652174557,-1.330432835966349,,,
sanyo_033,,2013-03-16T05:14:46.0,,3.501573652174557,-1.324801374226809,,,
sanyo_033,,2013-03-16T05:14:55.88,,3.501937603286933,-1.329024970531464,,,
sanyo_033,,2013-03-16T05:15:05.92,,3.501573652174557,-1.310722719877958,,,
sanyo_033,,2013-03-16T05:15:15.91,,3.501573652174557,-1.298051930963993,,,
sanyo_033,,2013-03-16T05:15:25.89,,3.501573652174557,-1.276933949440718,,,
sanyo_033,,2013-03-16T05:15:27.15,,3.501573652174557,-1.274118218570948,,,
sanyo_033,,2013-03-16T05:15:35.93,,3.501937603286933,-1.258631698787212,,,
sanyo_033,,2013-03-16T05:15:45.91,,3.501937603286933,-1.253000237047672,,,
sanyo_033,,2013-03-16T05:15:55.9,,3.501573652174557,-1.236105851829052,,,
sanyo_033,,2013-03-16T05:16:05.93,,3.501573652174557,-1.230474390089512,,,
sanyo_033,,2013-03-16T05:16:06.46,,3.50120970106218,-1.223435062915087,,,
sanyo_033,,2013-03-16T05:16:15.92,,3.501573652174557,-1.214987870305777,,,
sanyo_033,,2013-03-16T05:16:25.9,,3.501573652174557,-1.202317081391811,,,
sanyo_033,,2013-03-16T05:16:35.89,,3.501573652174557,-1.188238427042961,,,
sanyo_033,,2013-03-16T05:16:45.89,,3.500845749949804,-1.169936176389456,,,
sanyo_033,,2013-03-16T05:16:45.89,,3.500845749949804,-1.169936176389456,,,
sanyo_033,,2013-03-16T05:16:55.93,,3.501573652174557,-1.162896849215031,,,
sanyo_033,,2013-03-16T05:17:05.91,,3.501573652174557,-1.141778867691755,,,
sanyo_033,,2013-03-16T05:17:15.93,,3.501937603286933,-1.13192380964756,,,
sanyo_033,,2013-03-16T05:17:19.59,,3.50120970106218,-1.119253020733595,,,
sanyo_033,,2013-03-16T05:17:25.91,,3.501573652174557,-1.11502942442894,,,
sanyo_033,,2013-03-16T05:17:35.89,,3.501573652174557,-1.105174366384745,,,
sanyo_033,,2013-03-16T05:17:45.93,,3.501937603286933,-1.093911442905664,,,
sanyo_033,,2013-03-16T05:17:55.93,,3.50120970106218,-1.085464250296354,,,
sanyo_033,,2013-03-16T05:18:04.39,,3.501573652174557,-1.068569865077734,,,
sanyo_033,,2013-03-16T05:18:05.92,,3.501573652174557,-1.065754134207964,,,
sanyo_033,,2013-03-16T05:18:15.9,,3.501937603286933,-1.057306941598654,,,
sanyo_033,,2013-03-16T05:18:25.92,,3.501573652174557,-1.051675479859114,,,
sanyo_033,,2013-03-16T05:18:35.9,,3.501573652174557,-1.039004690945149,,,
sanyo_033,,2013-03-16T05:18:45.93,,3.50120970106218,-1.027741767466068,,,
sanyo_033,,2013-03-16T05:18:48.39,,3.501937603286933,-1.017886709421873,,,
sanyo_033,,2013-03-16T05:18:55.92,,3.501573652174557,-1.016478843986988,,,
sanyo_033,,2013-03-16T05:19:05.9,,3.50120970106218,-1.012255247682333,,,
sanyo_033,,2013-03-16T05:19:15.9,,3.501937603286933,-0.9981765933334829,,,
sanyo_033,,2013-03-16T05:19:25.89,,3.50120970106218,-0.9897294007241726,,,
sanyo_033,,2013-03-16T05:19:31.89,,3.502665505511686,-0.9601642265915872,,,
sanyo_033,,2013-03-16T05:19:35.93,,3.50230155439931,-0.9700192846357822,,,
sanyo_033,,2013-03-16T05:19:45.92,,3.501937603286933,-0.9657956883311272,,,
sanyo_033,,2013-03-16T05:19:55.91,,3.501937603286933,-0.9601642265915872,,,
sanyo_033,,2013-03-16T05:20:05.9,,3.50120970106218,-0.953124899417162,,,
sanyo_033,,2013-03-16T05:20:15.88,,3.501937603286933,-0.9432698413729668,,,
sanyo_033,,2013-03-16T05:20:25.93,,3.501937603286933,-0.9376383796334268,,,
sanyo_033,,2013-03-16T05:20:35.91,,3.501937603286933,-0.9263754561543464,,,
sanyo_033,,2013-03-16T05:20:38.04,,3.501937603286933,-0.9094810709357262,,,
sanyo_033,,2013-03-16T05:20:45.89,,3.501937603286933,-0.9094810709357262,,,
sanyo_033,,2013-03-16T05:20:55.89,,3.501937603286933,-0.902441743761301,,,
sanyo_033,,2013-03-16T05:21:05.88,,3.501573652174557,-0.8911788202822208,,,
sanyo_033,,2013-03-16T05:21:15.91,,3.501937603286933,-0.8855473585426807,,,
sanyo_033,,2013-03-16T05:21:25.88,,3.501937603286933,-0.8799158968031406,,,
sanyo_033,,2013-03-16T05:21:35.92,,3.501573652174557,-0.8756923004984856,,,
sanyo_033,,2013-03-16T05:21:45.91,,3.501937603286933,-0.8686529733240604,,,
sanyo_033,,2013-03-16T05:21:48.68,,3.501573652174557,-0.8587979152798653,,,
sanyo_033,,2013-03-16T05:21:55.9,,3.501937603286933,-0.8517585881054401,,,
sanyo_033,,2013-03-16T05:22:05.89,,3.501937603286933,-0.841903530061245,,,
sanyo_033,,2013-03-16T05:22:15.93,,3.501937603286933,-0.84331139549613,,,
sanyo_033,,2013-03-16T05:22:25.91,,3.501573652174557,-0.8320484720170498,,,
sanyo_033,,2013-03-16T05:22:30.99,,3.501573652174557,-0.8081147596240044,,,
sanyo_033,,2013-03-16T05:22:35.89,,3.501937603286933,-0.8137462213635445,,,
sanyo_033,,2013-03-16T05:22:45.93,,3.501937603286933,-0.8081147596240044,,,
sanyo_033,,2013-03-16T05:22:55.93,,3.501937603286933,-0.7982597015798092,,,
sanyo_033,,2013-03-16T05:23:05.92,,3.502665505511686,-0.788404643535614,,,
sanyo_033,,2013-03-16T05:23:15.9,,3.502665505511686,-0.7757338546216488,,,
sanyo_033,,2013-03-16T05:23:25.93,,3.501937603286933,-0.7799574509263039,,,
sanyo_033,,2013-03-16T05:23:35.92,,3.501937603286933,-0.7715102583169937,,,
sanyo_033,,2013-03-16T05:23:45.9,,3.501573652174557,-0.7644709311425686,,,
sanyo_033,,2013-03-16T05:23:49.42,,3.501937603286933,-0.7546158730983734,,,
sanyo_033,,2013-03-16T05:23:55.88,,3.501937603286933,-0.7503922767937183,,,
sanyo_033,,2013-03-16T05:24:05.91,,3.501937603286933,-0.7503922767937183,,,
sanyo_033,,2013-03-16T05:24:15.89,,3.501573652174557,-0.7447608150541782,,,
sanyo_033,,2013-03-16T05:24:25.93,,3.501937603286933,-0.7405372187495232,,,
sanyo_033,,2013-03-16T05:24:35.91,,3.501937603286933,-0.7377214878797531,,,
sanyo_033,,2013-03-16T05:24:45.89,,3.501573652174557,-0.7236428335309029,,,
sanyo_033,,2013-03-16T05:24:55.88,,3.50120970106218,-0.7137877754867077,,,
sanyo_033,,2013-03-16T05:25:05.57,,3.501573652174557,-0.7039327174425125,,,
sanyo_033,,2013-03-16T05:25:05.92,,3.501937603286933,-0.7039327174425125,,,
sanyo_033,,2013-03-16T05:25:15.91,,3.501573652174557,-0.6968933902680874,,,
sanyo_033,,2013-03-16T05:25:25.88,,3.501937603286933,-0.6912619285285473,,,
sanyo_033,,2013-03-16T05:25:35.91,,3.501937603286933,-0.6870383322238922,,,
sanyo_033,,2013-03-16T05:25:45.89,,3.501937603286933,-0.6799990050494671,,,
sanyo_033,,2013-03-16T05:25:55.89,,3.501573652174557,-0.675775408744812,,,
sanyo_033,,2013-03-16T05:26:05.93,,3.501573652174557,-0.6687360815703869,,,
sanyo_033,,2013-03-16T05:26:15.91,,3.501937603286933,-0.6574731580913067,,,
sanyo_033,,2013-03-16T05:26:25.9,,3.501573652174557,-0.6574731580913067,,,
sanyo_033,,2013-03-16T05:26:28.23,,3.501573652174557,-0.6532495617866516,,,
sanyo_033,,2013-03-16T05:26:35.88,,3.501573652174557,-0.6504338309168816,,,
sanyo_033,,2013-03-16T05:26:45.91,,3.501573652174557,-0.6405787728726864,,,
sanyo_033,,2013-03-16T05:26:55.9,,3.501937603286933,-0.6279079839587212,,,
sanyo_033,,2013-03-16T05:27:05.93,,3.50120970106218,-0.6265001185238361,,,
sanyo_033,,2013-03-16T05:27:15.91,,3.501573652174557,-0.618052925914526,,,
sanyo_033,,2013-03-16T05:27:25.93,,3.501573652174557,-0.6124214641749859,,,
sanyo_033,,2013-03-16T05:27:31.36,,3.501573652174557,-0.6025664061307907,,,
sanyo_033,,2013-03-16T05:27:35.93,,3.501937603286933,-0.6039742715656757,,,
sanyo_033,,2013-03-16T05:27:45.91,,3.501573652174557,-0.6039742715656757,,,
sanyo_033,,2013-03-16T05:27:55.92,,3.501937603286933,-0.5955270789563656,,,
sanyo_033,,2013-03-16T05:28:05.91,,3.501573652174557,-0.5927113480865955,,,
sanyo_033,,2013-03-16T05:28:15.88,,3.501573652174557,-0.5913034826517105,,,
sanyo_033,,2013-03-16T05:28:25.92,,3.501573652174557,-0.5814484246075153,,,
sanyo_033,,2013-03-16T05:28:35.9,,3.501937603286933,-0.5772248283028603,,,
sanyo_033,,2013-03-16T05:28:45.93,,3.501573652174557,-0.5772248283028603,,,
sanyo_033,,2013-03-16T05:28:55.94,,3.501937603286933,-0.5701855011284351,,,
sanyo_033,,2013-03-16T05:29:05.91,,3.501573652174557,-0.56314617395401,,,
sanyo_033,,2013-03-16T05:29:15.9,,3.50120970106218,-0.5589225776493549,,,
sanyo_033,,2013-03-16T05:29:17.06,,3.50120970106218,-0.5518832504749298,,,
sanyo_033,,2013-03-16T05:29:25.88,,3.501937603286933,-0.5448439233005047,,,
sanyo_033,,2013-03-16T05:29:35.92,,3.501573652174557,-0.5420281924307346,,,
sanyo_033,,2013-03-16T05:29:45.9,,3.501937603286933,-0.5349888652563095,,,
sanyo_033,,2013-03-16T05:29:55.88,,3.501573652174557,-0.5279495380818844,,,
sanyo_033,,2013-03-16T05:29:56.49,,3.501573652174557,-0.5279495380818844,,,
sanyo_033,,2013-03-16T05:29:57.07,,3.526665973768104,0.0112572023645043,,,
sanyo_033,,2013-03-16T05:29:57.21,,3.681708254967816,3.775384242995642,,,
sanyo_033,,2013-03-16T05:29:57.22,,3.681708254967816,3.775384242995642,,,
sanyo_033,,2013-03-16T05:29:57.27,,3.706092839100165,4.111693163635209,,,
sanyo_033,,2013-03-16T05:29:57.28,,3.706092839100165,4.111693163635209,,,
sanyo_033,,2013-03-16T05:29:57.91,,3.716283411573386,4.100435961270705,,,
sanyo_033,,2013-03-16T05:29:59.35,,3.726473984046606,4.100435961270705,,,
sanyo_033,,2013-03-16T05:30:01.32,,3.736664556519827,4.101843111566268,,,
sanyo_033,,2013-03-16T05:30:03.89,,3.747219078009948,4.101843111566268,,,
sanyo_033,,2013-03-16T05:30:06.51,,3.755589905398665,4.100435961270705,,,
sanyo_033,,2013-03-16T05:30:07.03,,3.757409650483169,4.099028810975142,,,
sanyo_033,,2013-03-16T05:30:10.15,,3.767600222956389,4.108878863044083,,,
sanyo_033,,2013-03-16T05:30:14.45,,3.77779079542961,4.100435961270705,,,
sanyo_033,,2013-03-16T05:30:16.49,,3.78288608166622,4.101843111566268,,,
sanyo_033,,2013-03-16T05:30:18.75,,3.788345316919731,4.101843111566268,,,
sanyo_033,,2013-03-16T05:30:24.08,,3.798535889392952,4.100435961270705,,,
sanyo_033,,2013-03-16T05:30:26.47,,3.803267226612661,4.100435961270705,,,
sanyo_033,,2013-03-16T05:30:29.82,,3.808726461866172,4.101843111566268,,,
sanyo_033,,2013-03-16T05:30:36.28,,3.818917034339393,4.104657412157394,,,
sanyo_033,,2013-03-16T05:30:36.51,,3.819280983356293,4.103250261861831,,,
sanyo_033,,2013-03-16T05:30:43.98,,3.829107606812613,4.100435961270705,,,
sanyo_033,,2013-03-16T05:30:46.5,,3.832019198947819,4.100435961270705,,,
sanyo_033,,2013-03-16T05:30:53.06,,3.839298179285834,4.10747171274852,,,
sanyo_033,,2013-03-16T05:30:56.48,,3.84220977142104,4.103250261861831,,,
sanyo_033,,2013-03-16T05:31:05.05,,3.849488751759054,4.099028810975142,,,
sanyo_033,,2013-03-16T05:31:06.46,,3.850580598809756,4.106064562452957,,,
sanyo_033,,2013-03-16T05:31:16.49,,3.85713168111397,4.101843111566268,,,
sanyo_033,,2013-03-16T05:31:19.39,,3.859679324232275,4.101843111566268,,,
sanyo_033,,2013-03-16T05:31:26.47,,3.863682763418183,4.101843111566268,,,
sanyo_033,,2013-03-16T05:31:36.5,,3.868778049654793,4.097621660679579,,,
sanyo_033,,2013-03-16T05:31:37.97,,3.869869896705495,4.103250261861831,,,
sanyo_033,,2013-03-16T05:31:46.48,,3.873145437857602,4.099028810975142,,,
sanyo_033,,2013-03-16T05:31:56.47,,3.878240724094212,4.101843111566268,,,
sanyo_033,,2013-03-16T05:31:59.85,,3.880060469178716,4.106064562452957,,,
sanyo_033,,2013-03-16T05:32:06.5,,3.882608112297021,4.099028810975142,,,
sanyo_033,,2013-03-16T05:32:16.47,,3.886247602466028,4.09340020979289,,,
sanyo_033,,2013-03-16T05:32:25.74,,3.890251041651936,4.097621660679579,,,
sanyo_033,,2013-03-16T05:32:26.5,,3.889887092635036,4.091993059497327,,,
sanyo_033,,2013-03-16T05:32:36.48,,3.893890531820944,4.097621660679579,,,
sanyo_033,,2013-03-16T05:32:46.51,,3.89716607297305,4.100435961270705,,,
sanyo_033,,2013-03-16T05:32:51.41,,3.897530021989951,4.056814302108251,,,
sanyo_033,,2013-03-16T05:32:56.5,,3.897530021989951,4.032892747083679,,,
sanyo_033,,2013-03-16T05:33:00.64,,3.897893971006852,4.003342590876855,,,
sanyo_033,,2013-03-16T05:33:06.49,,3.897893971006852,3.979421035852283,,,
sanyo_033,,2013-03-16T05:33:09.25,,3.897530021989951,3.951278029941022,,,
sanyo_033,,2013-03-16T05:33:16.48,,3.897530021989951,3.916099272551946,,,
sanyo_033,,2013-03-16T05:33:18.05,,3.897530021989951,3.892177717527375,,,
sanyo_033,,2013-03-16T05:33:26.49,,3.897530021989951,3.859813260729425,,,
sanyo_033,,2013-03-16T05:33:27.27,,3.897530021989951,3.837298856000416,,,
sanyo_033,,2013-03-16T05:33:36.47,,3.897530021989951,3.789455745951273,,,
sanyo_033,,2013-03-16T05:33:37.06,,3.897530021989951,3.786641445360147,,,
sanyo_033,,2013-03-16T05:33:46.51,,3.897530021989951,3.754276988562197,,,
sanyo_033,,2013-03-16T05:33:47.04,,3.897893971006852,3.735984034719877,,,
sanyo_033,,2013-03-16T05:33:56.5,,3.897893971006852,3.70502672821749,,,
sanyo_033,,2013-03-16T05:33:57.36,,3.897530021989951,3.681105173192918,,,
sanyo_033,,2013-03-16T05:34:06.48,,3.898257920023752,3.657183618168347,,,
sanyo_033,,2013-03-16T05:34:08.86,,3.897893971006852,3.629040612257086,,,
sanyo_033,,2013-03-16T05:34:16.5,,3.897893971006852,3.602304756641388,,,
sanyo_033,,2013-03-16T05:34:18.48,,3.897530021989951,3.576976051321253,,,
sanyo_033,,2013-03-16T05:34:26.49,,3.897893971006852,3.555868796887808,,,
sanyo_033,,2013-03-16T05:34:29.98,,3.897530021989951,3.524911490385421,,,
sanyo_033,,2013-03-16T05:34:36.47,,3.897893971006852,3.51083998742979,,,
sanyo_033,,2013-03-16T05:34:43.9,,3.897530021989951,3.474254079745151,,,
sanyo_033,,2013-03-16T05:34:46.5,,3.897893971006852,3.477068380336277,,,
sanyo_033,,2013-03-16T05:34:52.84,,3.897530021989951,3.423596669104882,,,
sanyo_033,,2013-03-16T05:34:56.49,,3.897893971006852,3.422189518809319,,,
sanyo_033,,2013-03-16T05:35:02.73,,3.897530021989951,3.368717807577923,,,
sanyo_033,,2013-03-16T05:35:06.48,,3.897530021989951,3.357460605213419,,,
sanyo_033,,2013-03-16T05:35:13.4,,3.897530021989951,3.31665324664209,,,
sanyo_033,,2013-03-16T05:35:16.46,,3.897893971006852,3.327910449006595,,,
sanyo_033,,2013-03-16T05:35:26.51,,3.897530021989951,3.271624437184073,,,
sanyo_033,,2013-03-16T05:35:28.23,,3.897530021989951,3.265995836001821,,,
sanyo_033,,2013-03-16T05:35:36.49,,3.897530021989951,3.235038529499434,,,
sanyo_033,,2013-03-16T05:35:39.03,,3.897893971006852,3.215338425361551,,,
sanyo_033,,2013-03-16T05:35:46.48,,3.897893971006852,3.194231170928106,,,
sanyo_033,,2013-03-16T05:35:50.35,,3.897530021989951,3.164681014721282,,,
sanyo_033,,2013-03-16T05:35:56.47,,3.897530021989951,3.133723708218895,,,
sanyo_033,,2013-03-16T05:36:00.34,,3.897893971006852,3.114023604081012,,,
sanyo_033,,2013-03-16T05:36:06.46,,3.897530021989951,3.099952101125382,,,
sanyo_033,,2013-03-16T05:36:12.37,,3.897530021989951,3.063366193440743,,,
sanyo_033,,2013-03-16T05:36:16.5,,3.897893971006852,3.056330441962928,,,
sanyo_033,,2013-03-16T05:36:23.05,,3.897530021989951,3.005673031322658,,,
sanyo_033,,2013-03-16T05:36:26.48,,3.898257920023752,3.023965985164978,,,
sanyo_033,,2013-03-16T05:36:34.68,,3.897530021989951,2.953608470386826,,,
sanyo_033,,2013-03-16T05:36:36.48,,3.897893971006852,2.973308574524708,,,
sanyo_033,,2013-03-16T05:36:46.51,,3.897893971006852,2.919836863293313,,,
sanyo_033,,2013-03-16T05:36:49.63,,3.897530021989951,2.901543909450993,,,
sanyo_033,,2013-03-16T05:36:56.5,,3.897893971006852,2.876215204130858,,,
sanyo_033,,2013-03-16T05:37:01.06,,3.897530021989951,2.84947934851516,,,
sanyo_033,,2013-03-16T05:37:06.48,,3.897893971006852,2.83540784555953,,,
sanyo_033,,2013-03-16T05:37:13.31,,3.897530021989951,2.797414787579328,,,
sanyo_033,,2013-03-16T05:37:16.46,,3.897530021989951,2.790379036101513,,,
sanyo_033,,2013-03-16T05:37:25.11,,3.897530021989951,2.741128775756806,,,
sanyo_033,,2013-03-16T05:37:26.5,,3.897530021989951,2.748164527234621,,,
sanyo_033,,2013-03-16T05:37:36.47,,3.898621869040653,2.731278723687865,,,
sanyo_033,,2013-03-16T05:37:41.03,,3.897893971006852,2.689064214820974,,,
sanyo_033,,2013-03-16T05:37:46.5,,3.897530021989951,2.669364110683091,,,
sanyo_033,,2013-03-16T05:37:51.93,,3.897530021989951,2.636999653885141,,,
sanyo_033,,2013-03-16T05:37:56.48,,3.897530021989951,2.636999653885141,,,
sanyo_033,,2013-03-16T05:38:03.77,,3.897530021989951,2.584935092949309,,,
sanyo_033,,2013-03-16T05:38:06.47,,3.897893971006852,2.59478514501825,,,
sanyo_033,,2013-03-16T05:38:16.21,,3.897530021989951,2.534277682309039,,,
sanyo_033,,2013-03-16T05:38:16.5,,3.897893971006852,2.54412773437798,,,
sanyo_033,,2013-03-16T05:38:26.48,,3.897893971006852,2.504727526102215,,,
sanyo_033,,2013-03-16T05:38:28.09,,3.897893971006852,2.483620271668769,,,
sanyo_033,,2013-03-16T05:38:36.47,,3.897893971006852,2.466734468122013,,,
sanyo_033,,2013-03-16T05:38:42.18,,3.897530021989951,2.428741410141811,,,
sanyo_033,,2013-03-16T05:38:46.5,,3.897893971006852,2.417484207777306,,,
sanyo_033,,2013-03-16T05:38:56.47,,3.897893971006852,2.393562652752735,,,
sanyo_033,,2013-03-16T05:38:59.61,,3.897893971006852,2.378083999501541,,,
sanyo_033,,2013-03-16T05:39:06.52,,3.897893971006852,2.358383895363659,,,
sanyo_033,,2013-03-16T05:39:11.73,,3.897530021989951,2.327426588861272,,,
sanyo_033,,2013-03-16T05:39:16.49,,3.897893971006852,2.32179798767902,,,
sanyo_033,,2013-03-16T05:39:26.46,,3.897893971006852,2.288026380585507,,,
sanyo_033,,2013-03-16T05:39:26.88,,3.897530021989951,2.275362027925439,,,
sanyo_033,,2013-03-16T05:39:36.5,,3.897893971006852,2.262697675265372,,,
sanyo_033,,2013-03-16T05:39:42.54,,3.897530021989951,2.220483166398481,,,
sanyo_033,,2013-03-16T05:39:46.47,,3.897530021989951,2.216261715511791,,,
sanyo_016,,2013-04-02T09:50:30.04,,3.83959421608597,0.0,,,
sanyo_016,,2013-04-02T09:50:40.05,,3.840327242854983,0.0,,,
sanyo_016,,2013-04-02T09:50:50.08,,3.840327242854983,0.0,,,
sanyo_016,,2013-04-02T09:51:00.08,,3.840327242854983,0.0,,,
sanyo_016,,2013-04-02T09:51:10.08,,3.839960729470477,0.0,,,
sanyo_016,,2013-04-02T09:51:20.08,,3.840327242854983,0.0,,,
sanyo_016,,2013-04-02T09:51:30.04,,3.840327242854983,0.0,,,
sanyo_016,,2013-04-02T09:51:40.04,,3.840327242854983,0.0,,,
sanyo_016,,2013-04-02T09:51:50.05,,3.840327242854983,0.0,,,
sanyo_016,,2013-04-02T09:52:00.09,,3.840327242854983,0.0,,,
sanyo_016,,2013-04-02T09:52:10.07,,3.840327242854983,0.0,,,
sanyo_016,,2013-04-02T09:52:20.07,,3.840327242854983,0.0,,,
sanyo_016,,2013-04-02T09:52:30.06,,3.840327242854983,0.0,,,
sanyo_016,,2013-04-02T09:52:40.04,,3.840327242854983,0.0,,,
sanyo_016,,2013-04-02T09:52:50.07,,3.840693756239489,0.0,,,
sanyo_016,,2013-04-02T09:53:00.05,,3.840327242854983,0.0,,,
sanyo_016,,2013-04-02T09:53:10.06,,3.840693756239489,0.0,,,
sanyo_016,,2013-04-02T09:53:20.08,,3.840327242854983,0.0,,,
sanyo_016,,2013-04-02T09:53:30.06,,3.840327242854983,0.0,,,
sanyo_016,,2013-04-02T09:53:40.07,,3.840693756239489,0.0,,,
sanyo_016,,2013-04-02T09:53:50.06,,3.840327242854983,0.0,,,
sanyo_016,,2013-04-02T09:54:00.08,,3.840693756239489,0.0,,,
sanyo_016,,2013-04-02T09:54:10.05,,3.840693756239489,0.0,,,
sanyo_016,,2013-04-02T09:54:20.07,,3.840693756239489,0.0,,,
sanyo_016,,2013-04-02T09:54:30.05,,3.840693756239489,0.0,,,
sanyo_016,,2013-04-02T09:54:40.09,,3.840693756239489,0.0,,,
sanyo_016,,2013-04-02T09:54:50.07,,3.840327242854983,0.0,,,
sanyo_016,,2013-04-02T09:55:00.05,,3.840693756239489,0.0,,,
sanyo_016,,2013-04-02T09:55:10.07,,3.840327242854983,0.0,,,
sanyo_016,,2013-04-02T09:55:20.08,,3.840693756239489,0.0,,,
sanyo_016,,2013-04-02T09:55:30.07,,3.839960729470477,0.0,,,
sanyo_016,,2013-04-02T09:55:40.06,,3.840693756239489,0.0,,,
sanyo_016,,2013-04-02T09:55:50.07,,3.840693756239489,0.0,,,
sanyo_016,,2013-04-02T09:56:00.04,,3.840693756239489,0.0,,,
sanyo_016,,2013-04-02T09:56:10.04,,3.840693756239489,0.0,,,
sanyo_016,,2013-04-02T09:56:20.06,,3.841060269623995,0.0,,,
sanyo_016,,2013-04-02T09:56:30.08,,3.840693756239489,0.0,,,
sanyo_016,,2013-04-02T09:56:40.09,,3.840693756239489,0.0,,,
sanyo_016,,2013-04-02T09:56:50.07,,3.840693756239489,0.0,,,
sanyo_016,,2013-04-02T09:57:00.05,,3.840693756239489,0.0,,,
sanyo_016,,2013-04-02T09:57:10.08,,3.840693756239489,0.0,,,
sanyo_016,,2013-04-02T09:57:20.06,,3.840693756239489,0.0,,,
sanyo_016,,2013-04-02T09:57:30.07,,3.840693756239489,0.0,,,
sanyo_016,,2013-04-02T09:57:40.06,,3.840327242854983,0.0,,,
sanyo_016,,2013-04-02T09:57:50.07,,3.840327242854983,0.0,,,
sanyo_016,,2013-04-02T09:58:00.06,,3.841060269623995,0.0,,,
sanyo_016,,2013-04-02T09:58:10.06,,3.841060269623995,0.0,,,
sanyo_016,,2013-04-02T09:58:20.07,,3.840693756239489,0.0,,,
sanyo_016,,2013-04-02T09:58:30.08,,3.840693756239489,0.0,,,
sanyo_016,,2013-04-02T09:58:40.07,,3.840693756239489,0.0,,,
sanyo_016,,2013-04-02T09:58:50.05,,3.840693756239489,0.0,,,
sanyo_016,,2013-04-02T09:59:00.08,,3.840693756239489,0.0,,,
sanyo_016,,2013-04-02T09:59:10.08,,3.840693756239489,0.0,,,
sanyo_016,,2013-04-02T09:59:20.09,,3.840693756239489,0.0,,,
sanyo_016,,2013-04-02T09:59:30.05,,3.841060269623995,0.0,,,
sanyo_016,,2013-04-02T09:59:40.06,,3.841060269623995,0.0,,,
sanyo_016,,2013-04-02T09:59:50.07,,3.841060269623995,0.0,,,
sanyo_016,,2013-04-02T10:00:00.07,,3.841060269623995,0.0,,,
sanyo_016,,2013-04-02T10:00:10.06,,3.840327242854983,0.0,,,
sanyo_016,,2013-04-02T10:00:20.09,,3.841060269623995,0.0,,,
sanyo_016,,2013-04-02T10:00:30.08,,3.840693756239489,0.0,,,
sanyo_016,,2013-04-02T10:00:40.06,,3.840327242854983,0.0,,,
sanyo_016,,2013-04-02T10:00:50.08,,3.840693756239489,0.0,,,
sanyo_016,,2013-04-02T10:01:00.06,,3.841060269623995,0.0,,,
sanyo_016,,2013-04-02T10:01:10.06,,3.841060269623995,0.0,,,
sanyo_016,,2013-04-02T10:01:20.06,,3.840327242854983,0.0,,,
sanyo_016,,2013-04-02T10:01:30.05,,3.840327242854983,0.0,,,
sanyo_016,,2013-04-02T10:01:40.05,,3.840693756239489,0.0,,,
sanyo_016,,2013-04-02T10:01:50.06,,3.840693756239489,0.0,,,
sanyo_016,,2013-04-02T10:02:00.05,,3.839960729470477,0.0,,,
sanyo_016,,2013-04-02T10:02:10.05,,3.840327242854983,0.0,,,
sanyo_016,,2013-04-02T10:02:20.06,,3.840327242854983,0.0,,,
sanyo_016,,2013-04-02T10:02:30.04,,3.840693756239489,0.0,,,
sanyo_016,,2013-04-02T10:02:40.04,,3.839960729470477,0.0,,,
sanyo_016,,2013-04-02T10:02:50.04,,3.840327242854983,0.0,,,
sanyo_016,,2013-04-02T10:03:00.08,,3.840327242854983,0.0,,,
sanyo_016,,2013-04-02T10:03:10.07,,3.840327242854983,0.0,,,
sanyo_016,,2013-04-02T10:03:20.07,,3.839960729470477,0.0,,,
sanyo_016,,2013-04-02T10:03:30.06,,3.840327242854983,0.0,,,
sanyo_016,,2013-04-02T10:03:40.06,,3.840327242854983,0.0,,,
sanyo_016,,2013-04-02T10:03:50.04,,3.840327242854983,0.0,,,
sanyo_016,,2013-04-02T10:04:00.06,,3.839960729470477,0.0,,,
sanyo_016,,2013-04-02T10:04:10.05,,3.839960729470477,0.0,,,
sanyo_016,,2013-04-02T10:04:20.04,,3.840693756239489,0.0,,,
sanyo_016,,2013-04-02T10:04:30.04,,3.840327242854983,0.0,,,
sanyo_016,,2013-04-02T10:04:40.04,,3.839960729470477,0.0,,,
sanyo_016,,2013-04-02T10:04:50.09,,3.839960729470477,0.0,,,
sanyo_016,,2013-04-02T10:05:00.08,,3.840693756239489,0.0,,,
sanyo_016,,2013-04-02T10:05:10.07,,3.840327242854983,0.0,,,
sanyo_016,,2013-04-02T10:05:20.08,,3.839960729470477,0.0,,,
sanyo_016,,2013-04-02T10:05:30.07,,3.840693756239489,0.0,,,
sanyo_016,,2013-04-02T10:05:40.08,,3.840327242854983,0.0,,,
sanyo_016,,2013-04-02T10:05:50.09,,3.839960729470477,0.0,,,
sanyo_016,,2013-04-02T10:06:00.08,,3.840327242854983,0.0,,,
sanyo_016,,2013-04-02T10:06:10.08,,3.840327242854983,0.0,,,
sanyo_016,,2013-04-02T10:06:20.08,,3.840327242854983,0.0,,,
sanyo_016,,2013-04-02T10:06:30.08,,3.840327242854983,0.0,,,
sanyo_016,,2013-04-02T10:06:40.08,,3.839960729470477,0.0,,,
sanyo_016,,2013-04-02T10:06:50.05,,3.840327242854983,0.0,,,
sanyo_016,,2013-04-02T10:07:00.05,,3.840693756239489,0.0,,,
sanyo_016,,2013-04-02T10:07:10.07,,3.840327242854983,0.0,,,
sanyo_016,,2013-04-02T10:07:20.08,,3.840327242854983,0.0,,,
sanyo_016,,2013-04-02T10:07:30.07,,3.840327242854983,0.0,,,
sanyo_016,,2013-04-02T10:07:40.05,,3.840693756239489,0.0,,,
sanyo_016,,2013-04-02T10:07:50.05,,3.839960729470477,0.0,,,
sanyo_016,,2013-04-02T10:08:00.09,,3.839960729470477,0.0,,,
sanyo_016,,2013-04-02T10:08:10.09,,3.839960729470477,0.0,,,
sanyo_016,,2013-04-02T10:08:20.06,,3.839960729470477,0.0,,,
sanyo_016,,2013-04-02T10:08:30.07,,3.840327242854983,0.0,,,
sanyo_016,,2013-04-02T10:08:40.04,,3.839960729470477,0.0,,,
sanyo_016,,2013-04-02T10:08:50.09,,3.839960729470477,0.0,,,
sanyo_016,,2013-04-02T10:09:00.08,,3.839960729470477,0.0,,,
sanyo_016,,2013-04-02T10:09:10.08,,3.840327242854983,0.0,,,
sanyo_016,,2013-04-02T10:09:20.09,,3.840327242854983,0.0,,,
sanyo_016,,2013-04-02T10:09:30.09,,3.840327242854983,0.0,,,
sanyo_016,,2013-04-02T10:09:40.08,,3.840327242854983,0.0,,,
sanyo_016,,2013-04-02T10:09:50.08,,3.840693756239489,0.0,,,
sanyo_016,,2013-04-02T10:10:00.08,,3.840327242854983,0.0,,,
sanyo_016,,2013-04-02T10:10:10.08,,3.840693756239489,0.0,,,
sanyo_016,,2013-04-02T10:10:20.08,,3.840693756239489,0.0,,,
sanyo_016,,2013-04-02T10:10:30.08,,3.840693756239489,0.0,,,
sanyo_016,,2013-04-02T10:10:40.06,,3.840327242854983,0.0,,,
sanyo_016,,2013-04-02T10:10:50.08,,3.840327242854983,0.0,,,
sanyo_016,,2013-04-02T10:11:00.08,,3.840327242854983,0.0,,,
sanyo_016,,2013-04-02T10:11:10.05,,3.840327242854983,0.0,,,
sanyo_016,,2013-04-02T10:11:20.04,,3.840327242854983,0.0,,,
sanyo_016,,2013-04-02T10:11:30.04,,3.840327242854983,0.0,,,
sanyo_016,,2013-04-02T10:11:40.09,,3.839960729470477,0.0,,,
sanyo_016,,2013-04-02T10:11:50.07,,3.840693756239489,0.0,,,
sanyo_016,,2013-04-02T10:12:00.06,,3.840327242854983,0.0,,,
sanyo_016,,2013-04-02T10:12:10.05,,3.840327242854983,0.0,,,
sanyo_016,,2013-04-02T10:12:20.05,,3.840327242854983,0.0,,,
sanyo_016,,2013-04-02T10:12:30.05,,3.839960729470477,0.0,,,
sanyo_016,,2013-04-02T10:12:40.04,,3.840327242854983,0.0,,,
sanyo_016,,2013-04-02T10:12:50.04,,3.840693756239489,0.0,,,
sanyo_016,,2013-04-02T10:13:00.04,,3.840327242854983,0.0,,,
sanyo_016,,2013-04-02T10:13:10.09,,3.840327242854983,0.0,,,
sanyo_016,,2013-04-02T10:13:20.04,,3.840327242854983,0.0,,,
sanyo_016,,2013-04-02T10:13:30.04,,3.83959421608597,0.0,,,
sanyo_016,,2013-04-02T10:13:40.08,,3.840693756239489,0.0,,,
sanyo_016,,2013-04-02T10:13:50.07,,3.840327242854983,0.0,,,
sanyo_016,,2013-04-02T10:14:00.07,,3.840327242854983,0.0,,,
sanyo_016,,2013-04-02T10:14:10.06,,3.840327242854983,0.0,,,
sanyo_016,,2013-04-02T10:14:20.06,,3.840327242854983,0.0,,,
sanyo_016,,2013-04-02T10:14:30.08,,3.840693756239489,0.0,,,
sanyo_016,,2013-04-02T10:14:40.06,,3.840327242854983,0.0,,,
sanyo_016,,2013-04-02T10:14:50.05,,3.83959421608597,0.0,,,
sanyo_016,,2013-04-02T10:15:00.05,,3.840327242854983,0.0,,,
sanyo_016,,2013-04-02T10:15:10.05,,3.840327242854983,0.0,,,
sanyo_016,,2013-04-02T10:15:20.05,,3.840327242854983,0.0,,,
sanyo_016,,2013-04-02T10:15:30.05,,3.840327242854983,0.0,,,
sanyo_016,,2013-04-02T10:15:40.05,,3.840327242854983,0.0,,,
sanyo_016,,2013-04-02T10:15:50.05,,3.839960729470477,0.0,,,
sanyo_016,,2013-04-02T10:16:00.08,,3.839960729470477,0.0,,,
sanyo_016,,2013-04-02T10:16:10.08,,3.840693756239489,0.0,,,
sanyo_016,,2013-04-02T10:16:20.08,,3.839960729470477,0.0,,,
sanyo_016,,2013-04-02T10:16:30.07,,3.83959421608597,0.0,,,
sanyo_016,,2013-04-02T10:16:40.08,,3.839960729470477,0.0,,,
sanyo_016,,2013-04-02T10:16:50.09,,3.839960729470477,0.0,,,
sanyo_016,,2013-04-02T10:17:00.08,,3.839960729470477,0.0,,,
sanyo_016,,2013-04-02T10:17:10.07,,3.839960729470477,0.0,,,
sanyo_016,,2013-04-02T10:17:20.06,,3.839960729470477,0.0,,,
sanyo_016,,2013-04-02T10:17:30.06,,3.83959421608597,0.0,,,
sanyo_016,,2013-04-02T10:17:40.04,,3.839960729470477,0.0,,,
sanyo_016,,2013-04-02T10:17:50.04,,3.839960729470477,0.0,,,
sanyo_016,,2013-04-02T10:18:00.06,,3.840327242854983,0.0,,,
sanyo_016,,2013-04-02T10:18:10.07,,3.839960729470477,0.0,,,
sanyo_016,,2013-04-02T10:18:20.05,,3.840327242854983,0.0,,,
sanyo_016,,2013-04-02T10:18:30.04,,3.840327242854983,0.0,,,
sanyo_016,,2013-04-02T10:18:40.09,,3.839960729470477,0.0,,,
sanyo_016,,2013-04-02T10:18:50.04,,3.839960729470477,0.0,,,
sanyo_016,,2013-04-02T10:19:00.09,,3.839960729470477,0.0,,,
sanyo_016,,2013-04-02T10:19:10.07,,3.839960729470477,0.0,,,
sanyo_016,,2013-04-02T10:19:20.07,,3.83959421608597,0.0,,,
sanyo_016,,2013-04-02T10:19:30.06,,3.839960729470477,0.0,,,
sanyo_016,,2013-04-02T10:19:40.07,,3.839960729470477,0.0,,,
sanyo_016,,2013-04-02T10:19:50.07,,3.839960729470477,0.0,,,
sanyo_016,,2013-04-02T10:20:00.06,,3.840327242854983,0.0,,,
sanyo_016,,2013-04-02T10:20:10.06,,3.840327242854983,0.0,,,
sanyo_016,,2013-04-02T10:20:20.07,,3.839227702701464,0.0,,,
sanyo_016,,2013-04-02T10:20:30.07,,3.83959421608597,0.0,,,
sanyo_016,,2013-04-02T10:20:40.08,,3.839960729470477,0.0,,,
sanyo_016,,2013-04-02T10:20:50.09,,3.839960729470477,0.0,,,
sanyo_016,,2013-04-02T10:21:00.07,,3.839960729470477,0.0,,,
sanyo_016,,2013-04-02T10:21:10.07,,3.839960729470477,0.0,,,
sanyo_016,,2013-04-02T10:21:20.09,,3.840327242854983,0.0,,,
sanyo_016,,2013-04-02T10:21:30.08,,3.83959421608597,0.0,,,
sanyo_016,,2013-04-02T10:21:40.09,,3.839960729470477,0.0,,,
sanyo_016,,2013-04-02T10:21:50.09,,3.839960729470477,0.0,,,
sanyo_016,,2013-04-02T10:22:00.08,,3.83959421608597,0.0,,,
sanyo_016,,2013-04-02T10:22:10.08,,3.839960729470477,0.0,,,
sanyo_016,,2013-04-02T10:22:20.04,,3.839960729470477,0.0,,,
sanyo_016,,2013-04-02T10:22:30.05,,3.83959421608597,0.0,,,
sanyo_016,,2013-04-02T10:22:40.05,,3.83959421608597,0.0,,,
sanyo_016,,2013-04-02T10:22:50.05,,3.83959421608597,0.0,,,
sanyo_016,,2013-04-02T10:23:00.05,,3.83959421608597,0.0,,,
sanyo_016,,2013-04-02T10:23:10.04,,3.83959421608597,0.0,,,
sanyo_016,,2013-04-02T10:23:20.05,,3.83959421608597,0.0,,,
sanyo_016,,2013-04-02T10:23:30.07,,3.83959421608597,0.0,,,
sanyo_016,,2013-04-02T10:23:40.05,,3.83959421608597,0.0,,,
sanyo_016,,2013-04-02T10:23:50.05,,3.83959421608597,0.0,,,
sanyo_016,,2013-04-02T10:24:00.05,,3.83959421608597,0.0,,,
sanyo_016,,2013-04-02T10:24:10.05,,3.83959421608597,0.0,,,
sanyo_016,,2013-04-02T10:24:20.09,,3.83959421608597,0.0,,,
sanyo_016,,2013-04-02T10:24:30.08,,3.839960729470477,0.0,,,
sanyo_016,,2013-04-02T10:24:40.08,,3.83959421608597,0.0,,,
sanyo_016,,2013-04-02T10:24:50.07,,3.83959421608597,0.0,,,
sanyo_016,,2013-04-02T10:25:00.07,,3.83959421608597,0.0,,,
sanyo_016,,2013-04-02T10:25:10.07,,3.839960729470477,0.0,,,
sanyo_016,,2013-04-02T10:25:20.05,,3.83959421608597,0.0,,,
sanyo_016,,2013-04-02T10:25:30.06,,3.83959421608597,0.0,,,
sanyo_016,,2013-04-02T10:25:40.04,,3.839960729470477,0.0,,,
sanyo_016,,2013-04-02T10:25:50.07,,3.83959421608597,0.0,,,
sanyo_016,,2013-04-02T10:26:00.07,,3.839960729470477,0.0,,,
sanyo_016,,2013-04-02T10:26:10.06,,3.839227702701464,0.0,,,
sanyo_016,,2013-04-02T10:26:20.07,,3.83959421608597,0.0,,,
sanyo_016,,2013-04-02T10:26:30.08,,3.840327242854983,0.0,,,
sanyo_016,,2013-04-02T10:26:40.07,,3.840327242854983,0.0,,,
sanyo_016,,2013-04-02T10:26:50.07,,3.839960729470477,0.0,,,
sanyo_016,,2013-04-02T10:27:00.08,,3.839960729470477,0.0,,,
sanyo_016,,2013-04-02T10:27:10.07,,3.83959421608597,0.0,,,
sanyo_016,,2013-04-02T10:27:20.07,,3.840327242854983,0.0,,,
sanyo_016,,2013-04-02T10:27:30.08,,3.840327242854983,0.0,,,
sanyo_016,,2013-04-02T10:27:40.07,,3.839960729470477,0.0,,,
sanyo_016,,2013-04-02T10:27:50.08,,3.839960729470477,0.0,,,
sanyo_016,,2013-04-02T10:28:00.07,,3.840327242854983,0.0,,,
sanyo_016,,2013-04-02T10:28:10.06,,3.839960729470477,0.0,,,
sanyo_016,,2013-04-02T10:28:20.07,,3.839960729470477,0.0,,,
sanyo_016,,2013-04-02T10:28:30.09,,3.839960729470477,0.0,,,
sanyo_016,,2013-04-02T10:28:40.08,,3.840327242854983,0.0,,,
sanyo_016,,2013-04-02T10:28:50.05,,3.839960729470477,0.0,,,
sanyo_016,,2013-04-02T10:29:00.05,,3.840327242854983,0.0,,,
sanyo_016,,2013-04-02T10:29:10.06,,3.839960729470477,0.0,,,
sanyo_016,,2013-04-02T10:29:20.05,,3.840327242854983,0.0,,,
sanyo_016,,2013-04-02T10:29:30.05,,3.83959421608597,0.0,,,
sanyo_016,,2013-04-02T10:29:40.06,,3.840327242854983,0.0,,,
sanyo_016,,2013-04-02T10:29:50.08,,3.839960729470477,0.0,,,
sanyo_016,,2013-04-02T10:30:00.04,,3.840693756239489,0.0,,,
sanyo_016,,2013-04-02T10:30:10.08,,3.839960729470477,0.0,,,
sanyo_016,,2013-04-02T10:30:20.07,,3.839960729470477,0.0,,,
sanyo_016,,2013-04-02T10:30:30.07,,3.839960729470477,0.0,,,
sanyo_016,,2013-04-02T10:30:40.04,,3.840327242854983,0.0,,,
sanyo_016,,2013-04-02T10:30:50.08,,3.839960729470477,0.0,,,
sanyo_016,,2013-04-02T10:31:00.09,,3.840327242854983,0.0,,,
sanyo_016,,2013-04-02T10:31:10.08,,3.83959421608597,0.0,,,
sanyo_016,,2013-04-02T10:31:20.06,,3.83959421608597,0.0,,,
sanyo_016,,2013-04-02T10:31:30.06,,3.839960729470477,0.0,,,
sanyo_016,,2013-04-02T10:31:40.05,,3.83959421608597,0.0,,,
sanyo_016,,2013-04-02T10:31:50.08,,3.83959421608597,0.0,,,
sanyo_016,,2013-04-02T10:32:00.08,,3.83959421608597,0.0,,,
sanyo_016,,2013-04-02T10:32:10.09,,3.839960729470477,0.0,,,
sanyo_016,,2013-04-02T10:32:20.09,,3.839227702701464,0.0,,,
sanyo_016,,2013-04-02T10:32:30.09,,3.83959421608597,0.0,,,
sanyo_016,,2013-04-02T10:32:40.06,,3.839960729470477,0.0,,,
sanyo_016,,2013-04-02T10:32:50.07,,3.839960729470477,0.0,,,
sanyo_016,,2013-04-02T10:33:00.07,,3.839960729470477,0.0,,,
sanyo_016,,2013-04-02T10:33:10.08,,3.839960729470477,0.0,,,
sanyo_016,,2013-04-02T10:33:20.08,,3.839960729470477,0.0,,,
sanyo_016,,2013-04-02T10:33:30.08,,3.83959421608597,0.0,,,
sanyo_016,,2013-04-02T10:33:40.09,,3.83959421608597,0.0,,,
sanyo_016,,2013-04-02T10:33:50.08,,3.83959421608597,0.0,,,
sanyo_016,,2013-04-02T10:34:00.08,,3.839960729470477,0.0,,,
sanyo_016,,2013-04-02T10:34:10.08,,3.839960729470477,0.0,,,
sanyo_016,,2013-04-02T10:34:20.04,,3.83959421608597,0.0,,,
sanyo_016,,2013-04-02T10:34:30.06,,3.839960729470477,0.0,,,
sanyo_016,,2013-04-02T10:34:40.04,,3.839960729470477,0.0,,,
sanyo_016,,2013-04-02T10:34:50.07,,3.83959421608597,0.0,,,
sanyo_016,,2013-04-02T10:35:00.06,,3.83959421608597,0.0,,,
sanyo_016,,2013-04-02T10:35:10.08,,3.839227702701464,0.0,,,
sanyo_016,,2013-04-02T10:35:20.06,,3.83959421608597,0.0,,,
sanyo_016,,2013-04-02T10:35:30.09,,3.83959421608597,0.0,,,
sanyo_016,,2013-04-02T10:35:40.07,,3.839960729470477,0.0,,,
sanyo_016,,2013-04-02T10:35:50.07,,3.839960729470477,0.0,,,
sanyo_016,,2013-04-02T10:36:00.05,,3.839960729470477,0.0,,,
sanyo_016,,2013-04-02T10:36:10.04,,3.83959421608597,0.0,,,
sanyo_016,,2013-04-02T10:36:20.07,,3.839960729470477,0.0,,,
sanyo_016,,2013-04-02T10:36:30.06,,3.840327242854983,0.0,,,
sanyo_016,,2013-04-02T10:36:40.05,,3.83959421608597,0.0,,,
sanyo_016,,2013-04-02T10:36:50.07,,3.839960729470477,0.0,,,
sanyo_016,,2013-04-02T10:37:00.06,,3.840327242854983,0.0,,,
sanyo_016,,2013-04-02T10:37:10.08,,3.839960729470477,0.0,,,
sanyo_016,,2013-04-02T10:37:20.06,,3.839960729470477,0.0,,,
sanyo_016,,2013-04-02T10:37:30.05,,3.839960729470477,0.0,,,
sanyo_016,,2013-04-02T10:37:40.08,,3.83959421608597,0.0,,,
sanyo_016,,2013-04-02T10:37:50.07,,3.840327242854983,0.0,,,
sanyo_016,,2013-04-02T10:38:00.09,,3.839960729470477,0.0,,,
sanyo_016,,2013-04-02T10:38:10.09,,3.840327242854983,0.0,,,
sanyo_016,,2013-04-02T10:38:20.06,,3.840327242854983,0.0,,,
sanyo_016,,2013-04-02T10:38:30.05,,3.839960729470477,0.0,,,
sanyo_016,,2013-04-02T10:38:40.06,,3.840327242854983,0.0,,,
sanyo_016,,2013-04-02T10:38:50.05,,3.83959421608597,0.0,,,
sanyo_016,,2013-04-02T10:39:00.08,,3.83959421608597,0.0,,,
sanyo_016,,2013-04-02T10:39:10.06,,3.840327242854983,0.0,,,
sanyo_016,,2013-04-02T10:39:20.06,,3.840327242854983,0.0,,,
sanyo_016,,2013-04-02T10:39:30.09,,3.840327242854983,0.0,,,
sanyo_016,,2013-04-02T10:39:40.07,,3.839960729470477,0.0,,,
sanyo_016,,2013-04-02T10:39:50.05,,3.839960729470477,0.0,,,
sanyo_016,,2013-04-02T10:40:00.07,,3.840327242854983,0.0,,,
sanyo_016,,2013-04-02T10:40:10.05,,3.840327242854983,0.0,,,
sanyo_016,,2013-04-02T10:40:20.09,,3.840327242854983,0.0,,,
sanyo_016,,2013-04-02T10:40:30.08,,3.841060269623995,0.0,,,
sanyo_016,,2013-04-02T10:40:40.06,,3.839960729470477,0.0,,,
sanyo_016,,2013-04-02T10:40:50.09,,3.840327242854983,0.0,,,
sanyo_016,,2013-04-02T10:41:00.07,,3.840693756239489,0.0,,,
sanyo_016,,2013-04-02T10:41:10.08,,3.840327242854983,0.0,,,
sanyo_016,,2013-04-02T10:41:20.07,,3.840327242854983,0.0,,,
sanyo_016,,2013-04-02T10:41:30.08,,3.840693756239489,0.0,,,
sanyo_016,,2013-04-02T10:41:40.05,,3.840327242854983,0.0,,,
sanyo_016,,2013-04-02T10:41:50.09,,3.840693756239489,0.0,,,
sanyo_016,,2013-04-02T10:42:00.06,,3.840693756239489,0.0,,,
sanyo_016,,2013-04-02T10:42:10.08,,3.840693756239489,0.0,,,
sanyo_016,,2013-04-02T10:42:20.06,,3.840693756239489,0.0,,,
sanyo_016,,2013-04-02T10:42:30.06,,3.840693756239489,0.0,,,
sanyo_016,,2013-04-02T10:42:40.08,,3.840327242854983,0.0,,,
sanyo_016,,2013-04-02T10:42:50.07,,3.840693756239489,0.0,,,
sanyo_016,,2013-04-02T10:43:00.05,,3.840327242854983,0.0,,,
sanyo_016,,2013-04-02T10:43:10.07,,3.840327242854983,0.0,,,
sanyo_016,,2013-04-02T10:43:20.09,,3.840327242854983,0.0,,,
sanyo_016,,2013-04-02T10:43:30.07,,3.839960729470477,0.0,,,
sanyo_016,,2013-04-02T10:43:40.07,,3.839960729470477,0.0,,,
sanyo_016,,2013-04-02T10:43:50.08,,3.840327242854983,0.0,,,
sanyo_016,,2013-04-02T10:44:00.08,,3.840327242854983,0.0,,,
sanyo_016,,2013-04-02T10:44:10.06,,3.840327242854983,0.0,,,
sanyo_016,,2013-04-02T10:44:20.09,,3.840327242854983,0.0,,,
sanyo_016,,2013-04-02T10:44:30.08,,3.839960729470477,0.0,,,
sanyo_016,,2013-04-02T10:44:40.05,,3.840327242854983,0.0,,,
sanyo_016,,2013-04-02T10:44:50.08,,3.840693756239489,0.0,,,
sanyo_016,,2013-04-02T10:45:00.07,,3.839960729470477,0.0,,,
sanyo_016,,2013-04-02T10:45:10.04,,3.83959421608597,0.0,,,
sanyo_016,,2013-04-02T10:45:20.08,,3.840327242854983,0.0,,,
sanyo_016,,2013-04-02T10:45:30.06,,3.83959421608597,0.0,,,
sanyo_016,,2013-04-02T10:45:40.08,,3.840327242854983,0.0,,,
sanyo_016,,2013-04-02T10:45:50.05,,3.840327242854983,0.0,,,
sanyo_016,,2013-04-02T10:46:00.08,,3.839960729470477,0.0,,,
sanyo_016,,2013-04-02T10:46:10.05,,3.839227702701464,0.0,,,
sanyo_016,,2013-04-02T10:46:20.09,,3.839960729470477,0.0,,,
sanyo_016,,2013-04-02T10:46:30.07,,3.839227702701464,0.0,,,
sanyo_016,,2013-04-02T10:46:40.06,,3.839960729470477,0.0,,,
sanyo_016,,2013-04-02T10:46:50.09,,3.839960729470477,0.0,,,
sanyo_016,,2013-04-02T10:47:00.08,,3.83959421608597,0.0,,,
sanyo_016,,2013-04-02T10:47:10.07,,3.83959421608597,0.0,,,
sanyo_016,,2013-04-02T10:47:20.09,,3.839960729470477,0.0,,,
sanyo_016,,2013-04-02T10:47:30.05,,3.839960729470477,0.0,,,
sanyo_016,,2013-04-02T10:47:40.05,,3.839960729470477,0.0,,,
sanyo_016,,2013-04-02T10:47:50.05,,3.839960729470477,0.0,,,
sanyo_016,,2013-04-02T10:48:00.05,,3.839227702701464,0.0,,,
sanyo_016,,2013-04-02T10:48:10.05,,3.840327242854983,0.0,,,
sanyo_016,,2013-04-02T10:48:20.06,,3.839960729470477,0.0,,,
sanyo_016,,2013-04-02T10:48:30.09,,3.840327242854983,0.0,,,
sanyo_016,,2013-04-02T10:48:40.05,,3.840327242854983,0.0,,,
sanyo_016,,2013-04-02T10:48:50.07,,3.839960729470477,0.0,,,
sanyo_016,,2013-04-02T10:49:00.07,,3.839960729470477,0.0,,,
sanyo_016,,2013-04-02T10:49:10.08,,3.840327242854983,0.0,,,
sanyo_016,,2013-04-02T10:49:20.04,,3.840327242854983,0.0,,,
sanyo_016,,2013-04-02T10:49:30.05,,3.839960729470477,0.0,,,
sanyo_016,,2013-04-02T10:49:40.06,,3.840693756239489,0.0,,,
sanyo_016,,2013-04-02T10:49:50.05,,3.839960729470477,0.0,,,
sanyo_016,,2013-04-02T10:50:00.06,,3.840327242854983,0.0,,,
sanyo_016,,2013-04-02T10:50:10.07,,3.839960729470477,0.0,,,
sanyo_016,,2013-04-02T10:50:20.06,,3.840327242854983,0.0,,,
sanyo_016,,2013-04-02T10:50:30.04,,3.839960729470477,0.0,,,
sanyo_016,,2013-04-02T10:50:30.12,,3.840327242854983,0.0,,,
sanyo_016,,2013-04-02T10:50:30.27,,3.839960729470477,0.0,,,
sanyo_016,,2013-04-02T10:50:30.33,,3.840327242854983,0.0,,,
sanyo_016,,2013-04-02T10:50:30.47,,3.840327242854983,0.0,,,
sanyo_016,,2013-04-02T10:50:30.52,,3.840327242854983,0.0,,,
sanyo_016,,2013-04-02T10:50:30.88,,3.80063870921731,-0.9979521081550048,,,
sanyo_016,,2013-04-02T10:50:30.96,,3.755183539469726,-1.968932537711226,,,
sanyo_016,,2013-04-02T10:50:30.96,,3.755183539469726,-1.968932537711226,,,
sanyo_016,,2013-04-02T10:50:31.02,,3.748951782326913,-2.049847573507577,,,
sanyo_016,,2013-04-02T10:50:31.41,,3.744919468881562,-2.051267135539092,,,
sanyo_016,,2013-04-02T10:50:34.27,,3.734655398293398,-2.049847573507577,,,
sanyo_016,,2013-04-02T10:50:38.94,,3.724391327705234,-2.049847573507577,,,
sanyo_016,,2013-04-02T10:50:40.73,,3.721458736108616,-2.048428011476062,,,
sanyo_016,,2013-04-02T10:50:44.85,,3.71412725711707,-2.049847573507577,,,
sanyo_016,,2013-04-02T10:50:50.72,,3.707162352075102,-2.049847573507577,,,
sanyo_016,,2013-04-02T10:50:53.33,,3.703496612579329,-2.049847573507577,,,
sanyo_016,,2013-04-02T10:51:00.7,,3.696898281486938,-2.051267135539092,,,
sanyo_016,,2013-04-02T10:51:04.45,,3.693232541991165,-2.054106259602122,,,
sanyo_016,,2013-04-02T10:51:10.73,,3.68846708064666,-2.049847573507577,,,
sanyo_016,,2013-04-02T10:51:17.84,,3.682968471403001,-2.048428011476062,,,
sanyo_016,,2013-04-02T10:51:20.69,,3.681135601655114,-2.048428011476062,,,
sanyo_016,,2013-04-02T10:51:30.72,,3.674903844512301,-2.048428011476062,,,
sanyo_016,,2013-04-02T10:51:33.97,,3.672704400814837,-2.049847573507577,,,
sanyo_016,,2013-04-02T10:51:40.68,,3.669771809218219,-2.048428011476062,,,
sanyo_016,,2013-04-02T10:51:50.71,,3.663906626024982,-2.049847573507577,,,
sanyo_016,,2013-04-02T10:51:53.51,,3.662440330226673,-2.051267135539092,,,
sanyo_016,,2013-04-02T10:52:00.73,,3.659141164680477,-2.052686697570607,,,
sanyo_016,,2013-04-02T10:52:10.68,,3.655108851235127,-2.051267135539092,,,
sanyo_016,,2013-04-02T10:52:16.31,,3.652176259638509,-2.054106259602122,,,
sanyo_016,,2013-04-02T10:52:20.7,,3.6507099638402,-2.048428011476062,,,
sanyo_016,,2013-04-02T10:52:30.72,,3.646311076445272,-2.049847573507577,,,
sanyo_016,,2013-04-02T10:52:40.63,,3.641912189050345,-2.049847573507577,,,
sanyo_016,,2013-04-02T10:52:40.69,,3.643011910899077,-2.049847573507577,,,
sanyo_016,,2013-04-02T10:52:50.69,,3.639346171403304,-2.048428011476062,,,
sanyo_016,,2013-04-02T10:53:00.72,,3.635313857957954,-2.048428011476062,,,
sanyo_016,,2013-04-02T10:53:09.97,,3.631648118462181,-2.048428011476062,,,
sanyo_016,,2013-04-02T10:53:10.72,,3.632014692411758,-2.049847573507577,,,
sanyo_016,,2013-04-02T10:53:20.71,,3.628348952915985,-2.048428011476062,,,
sanyo_016,,2013-04-02T10:53:30.69,,3.62504978736979,-2.049847573507577,,,
sanyo_016,,2013-04-02T10:53:39.12,,3.621384047874017,-2.049847573507577,,,
sanyo_016,,2013-04-02T10:53:40.71,,3.621017473924439,-2.049847573507577,,,
sanyo_016,,2013-04-02T10:53:50.72,,3.617718308378244,-2.054106259602122,,,
sanyo_016,,2013-04-02T10:54:00.73,,3.614419142832048,-2.049847573507577,,,
sanyo_016,,2013-04-02T10:54:07.17,,3.611119977285853,-2.049847573507577,,,
sanyo_016,,2013-04-02T10:54:10.69,,3.611119977285853,-2.045588887413032,,,
sanyo_016,,2013-04-02T10:54:20.7,,3.607820811739657,-2.049847573507577,,,
sanyo_016,,2013-04-02T10:54:30.72,,3.604521646193462,-2.048428011476062,,,
sanyo_016,,2013-04-02T10:54:40.68,,3.601589054596843,-2.049847573507577,,,
sanyo_016,,2013-04-02T10:54:41.09,,3.600855906697689,-2.048428011476062,,,
sanyo_016,,2013-04-02T10:54:50.7,,3.598289889050648,-2.048428011476062,,,
sanyo_016,,2013-04-02T10:55:00.72,,3.595357297454029,-2.048428011476062,,,
sanyo_016,,2013-04-02T10:55:10.7,,3.592058131907834,-2.049847573507577,,,
sanyo_016,,2013-04-02T10:55:15.06,,3.590591836109525,-2.049847573507577,,,
sanyo_016,,2013-04-02T10:55:20.72,,3.588758966361638,-2.049847573507577,,,
sanyo_016,,2013-04-02T10:55:30.7,,3.586192948714597,-2.049847573507577,,,
sanyo_016,,2013-04-02T10:55:40.69,,3.582527209218824,-2.049847573507577,,,
sanyo_016,,2013-04-02T10:55:48.06,,3.580327765521361,-2.049847573507577,,,
sanyo_016,,2013-04-02T10:55:50.73,,3.579594617622206,-2.049847573507577,,,
sanyo_016,,2013-04-02T10:56:00.72,,3.576662026025588,-2.049847573507577,,,
sanyo_016,,2013-04-02T10:56:10.7,,3.574096008378547,-2.049847573507577,,,
sanyo_016,,2013-04-02T10:56:20.73,,3.571163416781928,-2.048428011476062,,,
sanyo_016,,2013-04-02T10:56:23.76,,3.570063694933197,-2.048428011476062,,,
sanyo_016,,2013-04-02T10:56:30.72,,3.568597399134887,-2.049847573507577,,,
sanyo_016,,2013-04-02T10:56:40.73,,3.565664807538269,-2.048428011476062,,,
sanyo_016,,2013-04-02T10:56:50.73,,3.562732215941651,-2.049847573507577,,,
sanyo_016,,2013-04-02T10:56:59.6,,3.559799624345033,-2.054106259602122,,,
sanyo_016,,2013-04-02T10:57:00.72,,3.56016619829461,-2.049847573507577,,,
sanyo_016,,2013-04-02T10:57:10.71,,3.557233606697992,-2.049847573507577,,,
sanyo_016,,2013-04-02T10:57:20.71,,3.555034163000528,-2.045588887413032,,,
sanyo_016,,2013-04-02T10:57:30.7,,3.552468145353487,-2.048428011476062,,,
sanyo_016,,2013-04-02T10:57:37.17,,3.549535553756869,-2.049847573507577,,,
sanyo_016,,2013-04-02T10:57:40.69,,3.549168979807291,-2.049847573507577,,,
sanyo_016,,2013-04-02T10:57:50.69,,3.54660296216025,-2.048428011476062,,,
sanyo_016,,2013-04-02T10:58:00.68,,3.544403518462787,-2.048428011476062,,,
sanyo_016,,2013-04-02T10:58:10.73,,3.541837500815745,-2.049847573507577,,,
sanyo_016,,2013-04-02T10:58:17.61,,3.539271483168704,-2.048428011476062,,,
sanyo_016,,2013-04-02T10:58:20.73,,3.53853833526955,-2.048428011476062,,,
sanyo_016,,2013-04-02T10:58:30.7,,3.535972317622509,-2.048428011476062,,,
sanyo_016,,2013-04-02T10:58:40.7,,3.533772873925045,-2.048428011476062,,,
sanyo_016,,2013-04-02T10:58:50.7,,3.531206856278004,-2.048428011476062,,,
sanyo_016,,2013-04-02T10:58:58.02,,3.52900741258054,-2.048428011476062,,,
sanyo_016,,2013-04-02T10:59:00.71,,3.52900741258054,-2.049847573507577,,,
sanyo_016,,2013-04-02T10:59:10.71,,3.526441394933499,-2.048428011476062,,,
sanyo_016,,2013-04-02T10:59:20.7,,3.524241951236036,-2.049847573507577,,,
sanyo_016,,2013-04-02T10:59:30.72,,3.521309359639417,-2.048428011476062,,,
sanyo_016,,2013-04-02T10:59:40.53,,3.518743341992376,-2.049847573507577,,,
sanyo_016,,2013-04-02T10:59:40.71,,3.519109915941954,-2.049847573507577,,,
sanyo_016,,2013-04-02T10:59:50.7,,3.516543898294913,-2.055525821633637,,,
sanyo_016,,2013-04-02T11:00:00.7,,3.513611306698294,-2.048428011476062,,,
sanyo_016,,2013-04-02T11:00:10.69,,3.511045289051253,-2.048428011476062,,,
sanyo_016,,2013-04-02T11:00:20.69,,3.509212419303367,-2.048428011476062,,,
sanyo_016,,2013-04-02T11:00:22.26,,3.508479271404212,-2.052686697570607,,,
sanyo_016,,2013-04-02T11:00:30.7,,3.507012975605903,-2.049847573507577,,,
sanyo_016,,2013-04-02T11:00:40.69,,3.50481353190844,-2.049847573507577,,,
sanyo_016,,2013-04-02T11:00:50.73,,3.502614088210976,-2.047008449444547,,,
sanyo_016,,2013-04-02T11:01:00.73,,3.500781218463089,-2.049847573507577,,,
sanyo_016,,2013-04-02T11:01:07.65,,3.498215200816048,-2.048428011476062,,,
sanyo_016,,2013-04-02T11:01:10.69,,3.497848626866471,-2.048428011476062,,,
sanyo_016,,2013-04-02T11:01:20.7,,3.495649183169007,-2.049847573507577,,,
sanyo_016,,2013-04-02T11:01:30.71,,3.493816313421121,-2.045588887413032,,,
sanyo_016,,2013-04-02T11:01:40.7,,3.49125029577408,-2.048428011476062,,,
sanyo_016,,2013-04-02T11:01:50.7,,3.489417426026193,-2.048428011476062,,,
sanyo_016,,2013-04-02T11:01:54.32,,3.487951130227884,-2.048428011476062,,,
sanyo_016,,2013-04-02T11:02:00.71,,3.48721798232873,-2.049847573507577,,,
sanyo_016,,2013-04-02T11:02:10.71,,3.484651964681689,-2.049847573507577,,,
sanyo_016,,2013-04-02T11:02:20.73,,3.482819094933802,-2.045588887413032,,,
sanyo_016,,2013-04-02T11:02:30.68,,3.480253077286761,-2.056945383665152,,,
sanyo_016,,2013-04-02T11:02:40.69,,3.478420207538875,-2.051267135539092,,,
sanyo_016,,2013-04-02T11:02:42.43,,3.47768705963972,-2.051267135539092,,,
sanyo_016,,2013-04-02T11:02:50.69,,3.476587337790988,-2.055525821633637,,,
sanyo_016,,2013-04-02T11:03:00.69,,3.474754468043102,-2.049847573507577,,,
sanyo_016,,2013-04-02T11:03:10.69,,3.472555024345638,-2.048428011476062,,,
sanyo_016,,2013-04-02T11:03:20.71,,3.470355580648175,-2.048428011476062,,,
sanyo_016,,2013-04-02T11:03:30.72,,3.468522710900288,-2.049847573507577,,,
sanyo_016,,2013-04-02T11:03:32.65,,3.467422989051556,-2.049847573507577,,,
sanyo_016,,2013-04-02T11:03:40.73,,3.466323267202824,-2.051267135539092,,,
sanyo_016,,2013-04-02T11:03:50.68,,3.464490397454938,-2.048428011476062,,,
sanyo_016,,2013-04-02T11:04:00.69,,3.461924379807897,-2.048428011476062,,,
sanyo_016,,2013-04-02T11:04:10.74,,3.459358362160856,-2.048428011476062,,,
sanyo_016,,2013-04-02T11:04:20.68,,3.458625214261701,-2.047008449444547,,,
sanyo_016,,2013-04-02T11:04:22.88,,3.457158918463392,-2.049847573507577,,,
sanyo_016,,2013-04-02T11:04:30.7,,3.456425770564238,-2.049847573507577,,,
sanyo_016,,2013-04-02T11:04:40.7,,3.454226326866774,-2.051267135539092,,,
sanyo_016,,2013-04-02T11:04:50.69,,3.452760031068465,-2.048428011476062,,,
sanyo_016,,2013-04-02T11:05:00.7,,3.450194013421424,-2.048428011476062,,,
sanyo_016,,2013-04-02T11:05:10.7,,3.448727717623115,-2.049847573507577,,,
sanyo_016,,2013-04-02T11:05:14.42,,3.446894847875228,-2.047008449444547,,,
sanyo_016,,2013-04-02T11:05:20.71,,3.446894847875228,-2.047008449444547,,,
sanyo_016,,2013-04-02T11:05:30.72,,3.445061978127342,-2.049847573507577,,,
sanyo_016,,2013-04-02T11:05:40.72,,3.442862534429878,-2.048428011476062,,,
sanyo_016,,2013-04-02T11:05:50.73,,3.441029664681992,-2.049847573507577,,,
sanyo_016,,2013-04-02T11:06:00.69,,3.438830220984528,-2.049847573507577,,,
sanyo_016,,2013-04-02T11:06:10.34,,3.436630777287064,-2.049847573507577,,,
sanyo_016,,2013-04-02T11:06:10.69,,3.436997351236641,-2.048428011476062,,,
sanyo_016,,2013-04-02T11:06:20.7,,3.434797907539178,-2.048428011476062,,,
sanyo_016,,2013-04-02T11:06:30.74,,3.432965037791291,-2.048428011476062,,,
sanyo_016,,2013-04-02T11:06:40.68,,3.431132168043405,-2.052686697570607,,,
sanyo_016,,2013-04-02T11:06:50.68,,3.429299298295518,-2.047008449444547,,,
sanyo_016,,2013-04-02T11:07:00.69,,3.427099854598055,-2.049847573507577,,,
sanyo_016,,2013-04-02T11:07:02.65,,3.4263667066989,-2.055525821633637,,,
sanyo_016,,2013-04-02T11:07:10.71,,3.425266984850168,-2.049847573507577,,,
sanyo_016,,2013-04-02T11:07:20.72,,3.423067541152705,-2.048428011476062,,,
sanyo_016,,2013-04-02T11:07:30.7,,3.421234671404818,-2.048428011476062,,,
sanyo_016,,2013-04-02T11:07:40.72,,3.419401801656932,-2.041330201318488,,,
sanyo_016,,2013-04-02T11:07:50.69,,3.417202357959468,-2.049847573507577,,,
sanyo_016,,2013-04-02T11:07:51.84,,3.416102636110736,-2.056945383665152,,,
sanyo_016,,2013-04-02T11:08:00.71,,3.415002914262004,-2.048428011476062,,,
sanyo_016,,2013-04-02T11:08:10.73,,3.413170044514118,-2.049847573507577,,,
sanyo_016,,2013-04-02T11:08:20.69,,3.410970600816654,-2.048428011476062,,,
sanyo_016,,2013-04-02T11:08:30.72,,3.40877115711919,-2.049847573507577,,,
sanyo_016,,2013-04-02T11:08:40.69,,3.406938287371304,-2.051267135539092,,,
sanyo_016,,2013-04-02T11:08:43.9,,3.405838565522572,-2.048428011476062,,,
sanyo_016,,2013-04-02T11:08:50.7,,3.40473884367384,-2.052686697570607,,,
sanyo_016,,2013-04-02T11:09:00.71,,3.402172826026799,-2.055525821633637,,,
sanyo_016,,2013-04-02T11:09:10.73,,3.399606808379758,-2.054106259602122,,,
sanyo_016,,2013-04-02T11:09:20.69,,3.397407364682294,-2.048428011476062,,,
sanyo_016,,2013-04-02T11:09:28.64,,3.395574494934408,-2.048428011476062,,,
sanyo_016,,2013-04-02T11:09:30.72,,3.395574494934408,-2.049847573507577,,,
sanyo_016,,2013-04-02T11:09:40.68,,3.393008477287367,-2.054106259602122,,,
sanyo_016,,2013-04-02T11:09:50.69,,3.390809033589903,-2.054106259602122,,,
sanyo_016,,2013-04-02T11:10:00.71,,3.388243015942862,-2.055525821633637,,,
sanyo_016,,2013-04-02T11:10:10.73,,3.385676998295821,-2.054106259602122,,,
sanyo_016,,2013-04-02T11:10:10.95,,3.385310424346244,-2.055525821633637,,,
sanyo_016,,2013-04-02T11:10:20.69,,3.383844128547935,-2.049847573507577,,,
sanyo_016,,2013-04-02T11:10:30.71,,3.380911536951317,-2.048428011476062,,,
sanyo_016,,2013-04-02T11:10:40.73,,3.378712093253853,-2.052686697570607,,,
sanyo_016,,2013-04-02T11:10:50.71,,3.375779501657235,-2.049847573507577,,,
sanyo_016,,2013-04-02T11:10:54.62,,3.37504635375808,-2.048428011476062,,,
sanyo_016,,2013-04-02T11:11:00.72,,3.373580057959771,-2.048428011476062,,,
sanyo_016,,2013-04-02T11:11:10.74,,3.37101404031273,-2.048428011476062,,,
sanyo_016,,2013-04-02T11:11:20.71,,3.368448022665689,-2.047008449444547,,,
sanyo_016,,2013-04-02T11:11:29.89,,3.364782283169916,-2.049847573507577,,,
sanyo_016,,2013-04-02T11:11:30.7,,3.365148857119493,-2.048428011476062,,,
sanyo_016,,2013-04-02T11:11:40.73,,3.361849691573298,-2.055525821633637,,,
sanyo_016,,2013-04-02T11:11:50.7,,3.359283673926257,-2.049847573507577,,,
sanyo_016,,2013-04-02T11:12:00.69,,3.355984508380061,-2.049847573507577,,,
sanyo_016,,2013-04-02T11:12:02.68,,3.354518212581752,-2.049847573507577,,,
sanyo_016,,2013-04-02T11:12:10.71,,3.353051916783443,-2.045588887413032,,,
sanyo_016,,2013-04-02T11:12:20.71,,3.349752751237247,-2.048428011476062,,,
sanyo_016,,2013-04-02T11:12:30.7,,3.346453585691052,-2.049847573507577,,,
sanyo_016,,2013-04-02T11:12:37.66,,3.344254141993588,-2.048428011476062,,,
sanyo_016,,2013-04-02T11:12:40.73,,3.343154420144856,-2.049847573507577,,,
sanyo_016,,2013-04-02T11:12:50.7,,3.340221828548238,-2.054106259602122,,,
sanyo_016,,2013-04-02T11:13:00.68,,3.337289236951619,-2.054106259602122,,,
sanyo_016,,2013-04-02T11:13:10.49,,3.333990071405424,-2.055525821633637,,,
sanyo_016,,2013-04-02T11:13:10.72,,3.333623497455847,-2.055525821633637,,,
sanyo_016,,2013-04-02T11:13:20.71,,3.330690905859228,-2.047008449444547,,,
sanyo_016,,2013-04-02T11:13:30.71,,3.327391740313033,-2.048428011476062,,,
sanyo_016,,2013-04-02T11:13:40.71,,3.324825722665992,-2.049847573507577,,,
sanyo_016,,2013-04-02T11:13:41.49,,3.32372600081726,-2.048428011476062,,,
sanyo_016,,2013-04-02T11:13:50.7,,3.320793409220642,-2.048428011476062,,,
sanyo_016,,2013-04-02T11:14:00.7,,3.317494243674446,-2.049847573507577,,,
sanyo_016,,2013-04-02T11:14:10.14,,3.313461930229096,-2.054106259602122,,,
sanyo_016,,2013-04-02T11:14:10.69,,3.313828504178673,-2.049847573507577,,,
sanyo_016,,2013-04-02T11:14:20.69,,3.310529338632477,-2.041330201318488,,,
sanyo_016,,2013-04-02T11:14:30.73,,3.306863599136705,-2.049847573507577,,,
sanyo_016,,2013-04-02T11:14:38.27,,3.303197859640932,-2.049847573507577,,,
sanyo_016,,2013-04-02T11:14:40.73,,3.3020981377922,-2.049847573507577,,,
sanyo_016,,2013-04-02T11:14:50.72,,3.29806582434685,-2.049847573507577,,,
sanyo_016,,2013-04-02T11:15:00.72,,3.2940335109015,-2.048428011476062,,,
sanyo_016,,2013-04-02T11:15:01.67,,3.292933789052768,-2.045588887413032,,,
sanyo_016,,2013-04-02T11:15:10.7,,3.289634623506572,-2.049847573507577,,,
sanyo_016,,2013-04-02T11:15:20.68,,3.285235736111645,-2.048428011476062,,,
sanyo_016,,2013-04-02T11:15:25.1,,3.282669718464604,-2.048428011476062,,,
sanyo_016,,2013-04-02T11:15:30.68,,3.28047027476714,-2.049847573507577,,,
sanyo_016,,2013-04-02T11:15:40.69,,3.276071387372213,-2.052686697570607,,,
sanyo_016,,2013-04-02T11:15:46.74,,3.27240564787644,-2.052686697570607,,,
sanyo_016,,2013-04-02T11:15:50.71,,3.270572778128553,-2.051267135539092,,,
sanyo_016,,2013-04-02T11:16:00.7,,3.265440742834471,-2.055525821633637,,,
sanyo_016,,2013-04-02T11:16:06.41,,3.262141577288276,-2.048428011476062,,,
sanyo_016,,2013-04-02T11:16:10.7,,3.259942133590812,-2.049847573507577,,,
sanyo_016,,2013-04-02T11:16:20.7,,3.254443524347153,-2.049847573507577,,,
sanyo_016,,2013-04-02T11:16:24.65,,3.251877506700112,-2.049847573507577,,,
sanyo_016,,2013-04-02T11:16:30.69,,3.248578341153916,-2.051267135539092,,,
sanyo_016,,2013-04-02T11:16:40.71,,3.242346584011102,-2.045588887413032,,,
sanyo_016,,2013-04-02T11:16:41.36,,3.241613436111948,-2.049847573507577,,,
sanyo_016,,2013-04-02T11:16:50.71,,3.235748252918711,-2.051267135539092,,,
sanyo_016,,2013-04-02T11:16:56.5,,3.231349365523784,-2.048428011476062,,,
sanyo_016,,2013-04-02T11:17:00.71,,3.228783347876743,-2.049847573507577,,,
sanyo_016,,2013-04-02T11:17:10.69,,3.221451868885197,-2.048428011476062,,,
sanyo_016,,2013-04-02T11:17:11.29,,3.22108529493562,-2.048428011476062,,,
sanyo_016,,2013-04-02T11:17:20.73,,3.213753815944074,-2.049847573507577,,,
sanyo_016,,2013-04-02T11:17:24.7,,3.210454650397878,-2.051267135539092,,,
sanyo_016,,2013-04-02T11:17:30.73,,3.206055763002951,-2.048428011476062,,,
sanyo_016,,2013-04-02T11:17:37.59,,3.200190579809714,-2.049847573507577,,,
sanyo_016,,2013-04-02T11:17:40.68,,3.19799113611225,-2.049847573507577,,,
sanyo_016,,2013-04-02T11:17:49.86,,3.18992650922155,-2.052686697570607,,,
sanyo_016,,2013-04-02T11:17:50.73,,3.189193361322396,-2.052686697570607,,,
sanyo_016,,2013-04-02T11:18:00.47,,3.179662438633386,-2.048428011476062,,,
sanyo_016,,2013-04-02T11:18:00.69,,3.180029012582963,-2.049847573507577,,,
sanyo_016,,2013-04-02T11:18:10.68,,3.170131515944377,-2.048428011476062,,,
sanyo_016,,2013-04-02T11:18:11.06,,3.169398368045222,-2.051267135539092,,,
sanyo_016,,2013-04-02T11:18:20.69,,3.159867445356213,-2.049847573507577,,,
sanyo_016,,2013-04-02T11:18:21.17,,3.159134297457058,-2.054106259602122,,,
sanyo_016,,2013-04-02T11:18:30.18,,3.148870226868894,-2.054106259602122,,,
sanyo_016,,2013-04-02T11:18:30.73,,3.148503652919317,-2.049847573507577,,,
sanyo_016,,2013-04-02T11:18:38.23,,3.13860615628073,-2.056945383665152,,,
sanyo_016,,2013-04-02T11:18:40.73,,3.136406712583266,-2.049847573507577,,,
sanyo_016,,2013-04-02T11:18:46.79,,3.128342085692566,-2.048428011476062,,,
sanyo_016,,2013-04-02T11:18:50.73,,3.122843476448907,-2.049847573507577,,,
sanyo_016,,2013-04-02T11:18:54.73,,3.118078015104402,-2.049847573507577,,,
sanyo_016,,2013-04-02T11:19:00.68,,3.109646814264124,-2.051267135539092,,,
sanyo_016,,2013-04-02T11:19:01.81,,3.107813944516238,-2.054106259602122,,,
sanyo_016,,2013-04-02T11:19:08.83,,3.097549873928074,-2.049847573507577,,,
sanyo_016,,2013-04-02T11:19:10.73,,3.094983856281033,-2.049847573507577,,,
sanyo_016,,2013-04-02T11:19:15.37,,3.08728580333991,-2.048428011476062,,,
sanyo_016,,2013-04-02T11:19:20.72,,3.078488028550055,-2.049847573507577,,,
sanyo_016,,2013-04-02T11:19:21.8,,3.076655158802168,-2.049847573507577,,,
sanyo_016,,2013-04-02T11:19:27.85,,3.066391088214004,-2.049847573507577,,,
sanyo_016,,2013-04-02T11:19:30.71,,3.0616256268695,-2.048428011476062,,,
sanyo_016,,2013-04-02T11:19:33.37,,3.05612701762584,-2.051267135539092,,,
sanyo_016,,2013-04-02T11:19:38.66,,3.045862947037676,-2.049847573507577,,,
sanyo_016,,2013-04-02T11:19:40.71,,3.042197207541904,-2.049847573507577,,,
sanyo_016,,2013-04-02T11:19:43.74,,3.035232302499935,-2.054106259602122,,,
sanyo_016,,2013-04-02T11:19:48.92,,3.024968231911771,-2.048428011476062,,,
sanyo_016,,2013-04-02T11:19:50.69,,3.021669066365575,-2.048428011476062,,,
sanyo_016,,2013-04-02T11:19:53.67,,3.014704161323607,-2.052686697570607,,,
sanyo_016,,2013-04-02T11:19:58.05,,3.004440090735443,-2.048428011476062,,,
sanyo_016,,2013-04-02T11:20:00.13,,2.999674629390938,-2.049847573507577,,,
sanyo_016,,2013-04-02T11:20:00.27,,2.998941481491784,0.0,,,
sanyo_016,,2013-04-02T11:20:00.35,,3.052827852079645,0.0,,,
sanyo_016,,2013-04-02T11:20:00.41,,3.082886915944982,0.0,,,
sanyo_016,,2013-04-02T11:20:00.46,,3.09938274367596,0.0,,,
sanyo_016,,2013-04-02T11:20:00.52,,3.11294597981032,0.0,,,
sanyo_016,,2013-04-02T11:20:00.83,,3.124160089530051,0.0,,,
sanyo_016,,2013-04-02T11:20:00.83,,3.124160089530051,0.0,,,
sanyo_016,,2013-04-02T11:20:01.53,,3.134788977680728,0.0,,,
sanyo_016,,2013-04-02T11:20:02.66,,3.145417865831405,0.0,,,
sanyo_016,,2013-04-02T11:20:04.16,,3.156046753982082,0.0,,,
sanyo_016,,2013-04-02T11:20:05.88,,3.166309128748253,0.0,,,
sanyo_016,,2013-04-02T11:20:07.97,,3.17693801689893,0.0,,,
sanyo_016,,2013-04-02T11:20:10.4,,3.187200391665101,0.0,,,
sanyo_016,,2013-04-02T11:20:10.83,,3.188666445203126,0.0,,,
sanyo_016,,2013-04-02T11:20:13.08,,3.197462766431272,0.0,,,
sanyo_016,,2013-04-02T11:20:16.14,,3.207725141197443,0.0,,,
sanyo_016,,2013-04-02T11:20:19.36,,3.217987515963614,0.0,,,
sanyo_016,,2013-04-02T11:20:20.86,,3.222019163193181,0.0,,,
sanyo_016,,2013-04-02T11:20:23.16,,3.228249890729785,0.0,,,
sanyo_016,,2013-04-02T11:20:27.25,,3.238512265495956,0.0,,,
sanyo_016,,2013-04-02T11:20:30.85,,3.246209046570584,0.0,,,
sanyo_016,,2013-04-02T11:20:32.04,,3.249141153646633,0.0,,,
sanyo_016,,2013-04-02T11:20:37.53,,3.259403528412804,0.0,,,
sanyo_016,,2013-04-02T11:20:40.86,,3.265267742564902,0.0,,,
sanyo_016,,2013-04-02T11:20:43.43,,3.269665903178975,0.0,,,
sanyo_016,,2013-04-02T11:20:50.09,,3.279928277945146,0.0,,,
sanyo_016,,2013-04-02T11:20:50.85,,3.280661304714158,0.0,,,
sanyo_016,,2013-04-02T11:20:57.56,,3.290190652711317,0.0,,,
sanyo_016,,2013-04-02T11:21:00.84,,3.293855786556378,0.0,,,
sanyo_016,,2013-04-02T11:21:06.41,,3.300453027477488,0.0,,,
sanyo_016,,2013-04-02T11:21:10.84,,3.304851188091561,0.0,,,
sanyo_016,,2013-04-02T11:21:16.44,,3.310715402243659,0.0,,,
sanyo_016,,2013-04-02T11:21:20.83,,3.31438053608872,0.0,,,
sanyo_016,,2013-04-02T11:21:28.01,,3.32097777700983,0.0,,,
sanyo_016,,2013-04-02T11:21:30.86,,3.32281034393236,0.0,,,
sanyo_016,,2013-04-02T11:21:40.84,,3.330507125006989,0.0,,,
sanyo_016,,2013-04-02T11:21:41.8,,3.331240151776001,0.0,,,
sanyo_016,,2013-04-02T11:21:50.84,,3.337104365928099,0.0,,,
sanyo_016,,2013-04-02T11:21:57.53,,3.341502526542172,0.0,,,
sanyo_016,,2013-04-02T11:22:00.84,,3.342968580080196,0.0,,,
sanyo_016,,2013-04-02T11:22:10.82,,3.348099767463282,0.0,,,
sanyo_016,,2013-04-02T11:22:17.33,,3.351764901308343,0.0,,,
sanyo_016,,2013-04-02T11:22:20.85,,3.353230954846367,0.0,,,
sanyo_016,,2013-04-02T11:22:30.84,,3.357995628844947,0.0,,,
sanyo_016,,2013-04-02T11:22:39.45,,3.362027276074514,0.0,,,
sanyo_016,,2013-04-02T11:22:40.83,,3.36239378945902,0.0,,,
sanyo_016,,2013-04-02T11:22:50.82,,3.366058923304081,0.0,,,
sanyo_016,,2013-04-02T11:23:00.85,,3.369724057149142,0.0,,,
sanyo_016,,2013-04-02T11:23:07.9,,3.372289650840685,0.0,,,
sanyo_016,,2013-04-02T11:23:10.85,,3.373022677609697,0.0,,,
sanyo_016,,2013-04-02T11:23:20.82,,3.37558827130124,0.0,,,
sanyo_016,,2013-04-02T11:23:30.85,,3.378520378377289,0.0,,,
sanyo_016,,2013-04-02T11:23:40.84,,3.381452485453337,0.0,,,
sanyo_016,,2013-04-02T11:23:42.82,,3.382552025606856,0.0,,,
sanyo_016,,2013-04-02T11:23:50.83,,3.38401807914488,0.0,,,
sanyo_016,,2013-04-02T11:24:00.82,,3.385117619298399,0.0,,,
sanyo_016,,2013-04-02T11:24:10.86,,3.388416239758954,0.0,,,
sanyo_016,,2013-04-02T11:24:20.85,,3.39061532006599,0.0,,,
sanyo_016,,2013-04-02T11:24:28.9,,3.392814400373027,0.0,,,
sanyo_016,,2013-04-02T11:24:30.83,,3.392814400373027,0.0,,,
sanyo_016,,2013-04-02T11:24:40.82,,3.394646967295557,0.0,,,
sanyo_016,,2013-04-02T11:24:50.85,,3.396113020833582,0.0,,,
sanyo_016,,2013-04-02T11:25:00.84,,3.398312101140618,0.0,,,
sanyo_016,,2013-04-02T11:25:10.86,,3.400144668063149,0.0,,,
sanyo_016,,2013-04-02T11:25:20.85,,3.400877694832161,0.0,,,
sanyo_016,,2013-04-02T11:25:30.82,,3.402343748370186,0.0,,,
sanyo_016,,2013-04-02T11:25:31.41,,3.403076775139198,0.0,,,
sanyo_016,,2013-04-02T11:25:40.82,,3.404176315292716,0.0,,,
sanyo_016,,2013-04-02T11:25:50.86,,3.404909342061728,0.0,,,
sanyo_016,,2013-04-02T11:26:00.83,,3.406741908984259,0.0,,,
sanyo_016,,2013-04-02T11:26:10.81,,3.408207962522283,0.0,,,
sanyo_016,,2013-04-02T11:26:20.84,,3.409674016060308,0.0,,,
sanyo_016,,2013-04-02T11:26:30.83,,3.410773556213826,0.0,,,
sanyo_016,,2013-04-02T11:26:40.81,,3.411140069598332,0.0,,,
sanyo_016,,2013-04-02T11:26:50.85,,3.413339149905369,0.0,,,
sanyo_016,,2013-04-02T11:26:50.85,,3.413339149905369,0.0,,,
sanyo_016,,2013-04-02T11:27:00.84,,3.414072176674381,0.0,,,
sanyo_016,,2013-04-02T11:27:10.86,,3.414805203443393,0.0,,,
sanyo_016,,2013-04-02T11:27:20.85,,3.416271256981418,0.0,,,
sanyo_016,,2013-04-02T11:27:30.82,,3.416637770365924,0.0,,,
sanyo_016,,2013-04-02T11:27:40.84,,3.417737310519442,0.0,,,
sanyo_016,,2013-04-02T11:27:50.81,,3.41883685067296,0.0,,,
sanyo_016,,2013-04-02T11:28:00.83,,3.419936390826479,0.0,,,
sanyo_016,,2013-04-02T11:28:10.86,,3.421035930979997,0.0,,,
sanyo_016,,2013-04-02T11:28:20.84,,3.421402444364503,0.0,,,
sanyo_016,,2013-04-02T11:28:30.86,,3.422501984518021,0.0,,,
sanyo_016,,2013-04-02T11:28:39.62,,3.42360152467154,0.0,,,
sanyo_016,,2013-04-02T11:28:40.85,,3.423235011287034,0.0,,,
sanyo_016,,2013-04-02T11:28:50.83,,3.423968038056046,0.0,,,
sanyo_016,,2013-04-02T11:29:00.85,,3.425067578209564,0.0,,,
sanyo_016,,2013-04-02T11:29:10.82,,3.425067578209564,0.0,,,
sanyo_016,,2013-04-02T11:29:20.86,,3.426533631747589,0.0,,,
sanyo_016,,2013-04-02T11:29:30.83,,3.426533631747589,0.0,,,
sanyo_016,,2013-04-02T11:29:40.83,,3.427266658516601,0.0,,,
sanyo_016,,2013-04-02T11:29:50.85,,3.427999685285613,0.0,,,
sanyo_016,,2013-04-02T11:30:00.82,,3.428732712054625,0.0,,,
sanyo_016,,2013-04-02T11:30:10.85,,3.429465738823637,0.0,,,
sanyo_016,,2013-04-02T11:30:20.82,,3.43019876559265,0.0,,,
sanyo_016,,2013-04-02T11:30:30.83,,3.430931792361662,0.0,,,
sanyo_016,,2013-04-02T11:30:40.86,,3.431298305746168,0.0,,,
sanyo_016,,2013-04-02T11:30:50.85,,3.431664819130674,0.0,,,
sanyo_016,,2013-04-02T11:31:00.82,,3.43203133251518,0.0,,,
sanyo_016,,2013-04-02T11:31:10.84,,3.432397845899686,0.0,,,
sanyo_016,,2013-04-02T11:31:20.82,,3.433130872668698,0.0,,,
sanyo_016,,2013-04-02T11:31:24.34,,3.433863899437711,0.0,,,
sanyo_016,,2013-04-02T11:31:30.83,,3.433863899437711,0.0,,,
sanyo_016,,2013-04-02T11:31:40.86,,3.434230412822217,0.0,,,
sanyo_016,,2013-04-02T11:31:50.83,,3.434596926206723,0.0,,,
sanyo_016,,2013-04-02T11:32:00.84,,3.434963439591229,0.0,,,
sanyo_016,,2013-04-02T11:32:10.83,,3.435696466360241,0.0,,,
sanyo_016,,2013-04-02T11:32:20.85,,3.435696466360241,0.0,,,
sanyo_016,,2013-04-02T11:32:30.82,,3.436062979744747,0.0,,,
sanyo_016,,2013-04-02T11:32:40.85,,3.437162519898266,0.0,,,
sanyo_016,,2013-04-02T11:32:50.81,,3.43679600651376,0.0,,,
sanyo_016,,2013-04-02T11:33:00.85,,3.437529033282772,0.0,,,
sanyo_016,,2013-04-02T11:33:10.85,,3.43862857343629,0.0,,,
sanyo_016,,2013-04-02T11:33:20.84,,3.43862857343629,0.0,,,
sanyo_016,,2013-04-02T11:33:30.81,,3.439361600205302,0.0,,,
sanyo_016,,2013-04-02T11:33:40.86,,3.439361600205302,0.0,,,
sanyo_016,,2013-04-02T11:33:50.82,,3.439728113589808,0.0,,,
sanyo_016,,2013-04-02T11:34:00.83,,3.439728113589808,0.0,,,
sanyo_016,,2013-04-02T11:34:10.85,,3.440461140358821,0.0,,,
sanyo_016,,2013-04-02T11:34:20.82,,3.441194167127833,0.0,,,
sanyo_016,,2013-04-02T11:34:30.85,,3.441560680512339,0.0,,,
sanyo_016,,2013-04-02T11:34:40.84,,3.441560680512339,0.0,,,
sanyo_016,,2013-04-02T11:34:50.82,,3.442293707281351,0.0,,,
sanyo_016,,2013-04-02T11:35:00.84,,3.442660220665857,0.0,,,
sanyo_016,,2013-04-02T11:35:10.82,,3.442660220665857,0.0,,,
sanyo_016,,2013-04-02T11:35:20.85,,3.443026734050363,0.0,,,
sanyo_016,,2013-04-02T11:35:30.82,,3.443026734050363,0.0,,,
sanyo_016,,2013-04-02T11:35:40.82,,3.443026734050363,0.0,,,
sanyo_016,,2013-04-02T11:35:42.3,,3.444126274203882,0.0,,,
sanyo_016,,2013-04-02T11:35:50.84,,3.443393247434869,0.0,,,
sanyo_016,,2013-04-02T11:36:00.83,,3.444126274203882,0.0,,,
sanyo_016,,2013-04-02T11:36:10.85,,3.444126274203882,0.0,,,
sanyo_016,,2013-04-02T11:36:20.83,,3.444492787588388,0.0,,,
sanyo_016,,2013-04-02T11:36:30.86,,3.444859300972894,0.0,,,
sanyo_016,,2013-04-02T11:36:40.85,,3.4452258143574,0.0,,,
sanyo_016,,2013-04-02T11:36:50.83,,3.445592327741906,0.0,,,
sanyo_016,,2013-04-02T11:37:00.86,,3.445592327741906,0.0,,,
sanyo_016,,2013-04-02T11:37:10.84,,3.445958841126412,0.0,,,
sanyo_016,,2013-04-02T11:37:20.82,,3.446691867895424,0.0,,,
sanyo_016,,2013-04-02T11:37:30.85,,3.446691867895424,0.0,,,
sanyo_016,,2013-04-02T11:37:40.84,,3.447058381279931,0.0,,,
sanyo_016,,2013-04-02T11:37:50.81,,3.447791408048943,0.0,,,
sanyo_016,,2013-04-02T11:38:00.84,,3.447424894664437,0.0,,,
sanyo_016,,2013-04-02T11:38:10.86,,3.447424894664437,0.0,,,
sanyo_016,,2013-04-02T11:38:20.84,,3.447424894664437,0.0,,,
sanyo_016,,2013-04-02T11:38:30.84,,3.448157921433449,0.0,,,
sanyo_016,,2013-04-02T11:38:40.82,,3.448524434817955,0.0,,,
sanyo_016,,2013-04-02T11:38:50.85,,3.448890948202461,0.0,,,
sanyo_016,,2013-04-02T11:39:00.83,,3.448890948202461,0.0,,,
sanyo_016,,2013-04-02T11:39:10.85,,3.449623974971473,0.0,,,
sanyo_016,,2013-04-02T11:39:20.84,,3.449257461586967,0.0,,,
sanyo_016,,2013-04-02T11:39:30.82,,3.449623974971473,0.0,,,
sanyo_016,,2013-04-02T11:39:40.83,,3.449257461586967,0.0,,,
sanyo_016,,2013-04-02T11:39:50.84,,3.449990488355979,0.0,,,
sanyo_016,,2013-04-02T11:40:00.82,,3.449623974971473,0.0,,,
sanyo_016,,2013-04-02T11:40:10.85,,3.449990488355979,0.0,,,
sanyo_016,,2013-04-02T11:40:20.83,,3.449990488355979,0.0,,,
sanyo_016,,2013-04-02T11:40:30.84,,3.450357001740485,0.0,,,
sanyo_016,,2013-04-02T11:40:40.84,,3.450723515124992,0.0,,,
sanyo_016,,2013-04-02T11:40:50.83,,3.451090028509498,0.0,,,
sanyo_016,,2013-04-02T11:41:00.86,,3.451456541894004,0.0,,,
sanyo_016,,2013-04-02T11:41:10.83,,3.451456541894004,0.0,,,
sanyo_016,,2013-04-02T11:41:20.85,,3.451456541894004,0.0,,,
sanyo_016,,2013-04-02T11:41:30.86,,3.45182305527851,0.0,,,
sanyo_016,,2013-04-02T11:41:40.84,,3.45182305527851,0.0,,,
sanyo_016,,2013-04-02T11:41:50.82,,3.452189568663016,0.0,,,
sanyo_016,,2013-04-02T11:42:00.85,,3.45182305527851,0.0,,,
sanyo_016,,2013-04-02T11:42:10.82,,3.452189568663016,0.0,,,
sanyo_016,,2013-04-02T11:42:20.86,,3.452922595432028,0.0,,,
sanyo_016,,2013-04-02T11:42:30.84,,3.452922595432028,0.0,,,
sanyo_016,,2013-04-02T11:42:40.83,,3.452556082047522,0.0,,,
sanyo_016,,2013-04-02T11:42:50.86,,3.452922595432028,0.0,,,
sanyo_016,,2013-04-02T11:43:00.82,,3.452922595432028,0.0,,,
sanyo_016,,2013-04-02T11:43:10.86,,3.45365562220104,0.0,,,
sanyo_016,,2013-04-02T11:43:20.83,,3.453289108816534,0.0,,,
sanyo_016,,2013-04-02T11:43:30.82,,3.45365562220104,0.0,,,
sanyo_016,,2013-04-02T11:43:40.85,,3.45365562220104,0.0,,,
sanyo_016,,2013-04-02T11:43:41.69,,3.454388648970053,0.0,,,
sanyo_016,,2013-04-02T11:43:50.83,,3.45365562220104,0.0,,,
sanyo_016,,2013-04-02T11:44:00.85,,3.45365562220104,0.0,,,
sanyo_016,,2013-04-02T11:44:10.82,,3.454022135585547,0.0,,,
sanyo_016,,2013-04-02T11:44:20.85,,3.454388648970053,0.0,,,
sanyo_016,,2013-04-02T11:44:30.84,,3.454388648970053,0.0,,,
sanyo_016,,2013-04-02T11:44:40.84,,3.454388648970053,0.0,,,
sanyo_016,,2013-04-02T11:44:50.85,,3.454022135585547,0.0,,,
sanyo_016,,2013-04-02T11:45:00.82,,3.454755162354559,0.0,,,
sanyo_016,,2013-04-02T11:45:10.85,,3.454755162354559,0.0,,,
sanyo_016,,2013-04-02T11:45:20.82,,3.454755162354559,0.0,,,
sanyo_016,,2013-04-02T11:45:30.85,,3.454388648970053,0.0,,,
sanyo_016,,2013-04-02T11:45:40.84,,3.455121675739065,0.0,,,
sanyo_016,,2013-04-02T11:45:50.82,,3.455488189123571,0.0,,,
sanyo_016,,2013-04-02T11:46:00.84,,3.455121675739065,0.0,,,
sanyo_016,,2013-04-02T11:46:10.82,,3.455854702508077,0.0,,,
sanyo_016,,2013-04-02T11:46:20.84,,3.455121675739065,0.0,,,
sanyo_016,,2013-04-02T11:46:30.82,,3.455121675739065,0.0,,,
sanyo_016,,2013-04-02T11:46:40.82,,3.455854702508077,0.0,,,
sanyo_016,,2013-04-02T11:46:50.85,,3.455488189123571,0.0,,,
sanyo_016,,2013-04-02T11:47:00.83,,3.456221215892583,0.0,,,
sanyo_016,,2013-04-02T11:47:10.83,,3.456221215892583,0.0,,,
sanyo_016,,2013-04-02T11:47:20.85,,3.455854702508077,0.0,,,
sanyo_016,,2013-04-02T11:47:30.83,,3.456221215892583,0.0,,,
sanyo_016,,2013-04-02T11:47:40.82,,3.456221215892583,0.0,,,
sanyo_016,,2013-04-02T11:47:50.84,,3.456587729277089,0.0,,,
sanyo_016,,2013-04-02T11:48:00.83,,3.456587729277089,0.0,,,
sanyo_016,,2013-04-02T11:48:10.86,,3.456587729277089,0.0,,,
sanyo_016,,2013-04-02T11:48:20.86,,3.456221215892583,0.0,,,
sanyo_016,,2013-04-02T11:48:30.83,,3.457687269430608,0.0,,,
sanyo_016,,2013-04-02T11:48:40.82,,3.456587729277089,0.0,,,
sanyo_016,,2013-04-02T11:48:50.86,,3.456954242661595,0.0,,,
sanyo_016,,2013-04-02T11:49:00.83,,3.456954242661595,0.0,,,
sanyo_016,,2013-04-02T11:49:10.82,,3.457687269430608,0.0,,,
sanyo_016,,2013-04-02T11:49:20.86,,3.457687269430608,0.0,,,
sanyo_016,,2013-04-02T11:49:30.85,,3.457320756046102,0.0,,,
sanyo_016,,2013-04-02T11:49:40.83,,3.457320756046102,0.0,,,
sanyo_016,,2013-04-02T11:49:50.86,,3.457687269430608,0.0,,,
sanyo_016,,2013-04-02T11:50:00.85,,3.457687269430608,0.0,,,
sanyo_016,,2013-04-02T11:50:10.86,,3.457687269430608,0.0,,,
sanyo_016,,2013-04-02T11:50:20.86,,3.458053782815114,0.0,,,
sanyo_016,,2013-04-02T11:50:30.86,,3.458053782815114,0.0,,,
sanyo_016,,2013-04-02T11:50:40.85,,3.45842029619962,0.0,,,
sanyo_016,,2013-04-02T11:50:50.82,,3.458053782815114,0.0,,,
sanyo_016,,2013-04-02T11:51:00.86,,3.45842029619962,0.0,,,
sanyo_016,,2013-04-02T11:51:10.84,,3.45842029619962,0.0,,,
sanyo_016,,2013-04-02T11:51:20.81,,3.45842029619962,0.0,,,
sanyo_016,,2013-04-02T11:51:30.85,,3.458786809584126,0.0,,,
sanyo_016,,2013-04-02T11:51:40.84,,3.459153322968632,0.0,,,
sanyo_016,,2013-04-02T11:51:50.82,,3.459153322968632,0.0,,,
sanyo_016,,2013-04-02T11:52:00.85,,3.458786809584126,0.0,,,
sanyo_016,,2013-04-02T11:52:10.82,,3.459153322968632,0.0,,,
sanyo_016,,2013-04-02T11:52:20.85,,3.459153322968632,0.0,,,
sanyo_016,,2013-04-02T11:52:30.83,,3.459153322968632,0.0,,,
sanyo_016,,2013-04-02T11:52:40.86,,3.459519836353138,0.0,,,
sanyo_016,,2013-04-02T11:52:50.84,,3.459519836353138,0.0,,,
sanyo_016,,2013-04-02T11:53:00.82,,3.459886349737644,0.0,,,
sanyo_016,,2013-04-02T11:53:10.85,,3.459886349737644,0.0,,,
sanyo_016,,2013-04-02T11:53:20.83,,3.459886349737644,0.0,,,
sanyo_016,,2013-04-02T11:53:30.86,,3.459519836353138,0.0,,,
sanyo_016,,2013-04-02T11:53:40.85,,3.459886349737644,0.0,,,
sanyo_016,,2013-04-02T11:53:50.84,,3.46025286312215,0.0,,,
sanyo_016,,2013-04-02T11:54:00.81,,3.459519836353138,0.0,,,
sanyo_016,,2013-04-02T11:54:10.85,,3.459886349737644,0.0,,,
sanyo_016,,2013-04-02T11:54:20.86,,3.459886349737644,0.0,,,
sanyo_016,,2013-04-02T11:54:30.84,,3.46025286312215,0.0,,,
sanyo_016,,2013-04-02T11:54:40.82,,3.459519836353138,0.0,,,
sanyo_016,,2013-04-02T11:54:50.85,,3.46025286312215,0.0,,,
sanyo_016,,2013-04-02T11:55:00.82,,3.460619376506656,0.0,,,
sanyo_016,,2013-04-02T11:55:10.85,,3.460619376506656,0.0,,,
sanyo_016,,2013-04-02T11:55:20.83,,3.461352403275669,0.0,,,
sanyo_016,,2013-04-02T11:55:30.86,,3.460619376506656,0.0,,,
sanyo_016,,2013-04-02T11:55:40.86,,3.460619376506656,0.0,,,
sanyo_016,,2013-04-02T11:55:50.86,,3.46025286312215,0.0,,,
sanyo_016,,2013-04-02T11:56:00.82,,3.460619376506656,0.0,,,
sanyo_016,,2013-04-02T11:56:10.82,,3.460619376506656,0.0,,,
sanyo_016,,2013-04-02T11:56:20.84,,3.461352403275669,0.0,,,
sanyo_016,,2013-04-02T11:56:30.84,,3.460985889891163,0.0,,,
sanyo_016,,2013-04-02T11:56:40.83,,3.461352403275669,0.0,,,
sanyo_016,,2013-04-02T11:56:50.87,,3.461718916660175,0.0,,,
sanyo_016,,2013-04-02T11:57:00.81,,3.460985889891163,0.0,,,
sanyo_016,,2013-04-02T11:57:10.85,,3.461352403275669,0.0,,,
sanyo_016,,2013-04-02T11:57:20.83,,3.461352403275669,0.0,,,
sanyo_016,,2013-04-02T11:57:30.86,,3.461718916660175,0.0,,,
sanyo_016,,2013-04-02T11:57:40.86,,3.461718916660175,0.0,,,
sanyo_016,,2013-04-02T11:57:50.84,,3.461718916660175,0.0,,,
sanyo_016,,2013-04-02T11:58:00.84,,3.462451943429187,0.0,,,
sanyo_016,,2013-04-02T11:58:10.82,,3.461352403275669,0.0,,,
sanyo_016,,2013-04-02T11:58:20.86,,3.461718916660175,0.0,,,
sanyo_016,,2013-04-02T11:58:30.81,,3.461718916660175,0.0,,,
sanyo_016,,2013-04-02T11:58:40.81,,3.461352403275669,0.0,,,
sanyo_016,,2013-04-02T11:58:50.86,,3.461718916660175,0.0,,,
sanyo_016,,2013-04-02T11:59:00.85,,3.461718916660175,0.0,,,
sanyo_016,,2013-04-02T11:59:10.84,,3.462085430044681,0.0,,,
sanyo_016,,2013-04-02T11:59:20.82,,3.462085430044681,0.0,,,
sanyo_016,,2013-04-02T11:59:30.86,,3.462085430044681,0.0,,,
sanyo_016,,2013-04-02T11:59:40.85,,3.462085430044681,0.0,,,
sanyo_016,,2013-04-02T11:59:50.83,,3.462085430044681,0.0,,,
sanyo_016,,2013-04-02T12:00:00.86,,3.462085430044681,0.0,,,
sanyo_016,,2013-04-02T12:00:10.85,,3.462451943429187,0.0,,,
sanyo_016,,2013-04-02T12:00:20.84,,3.462818456813693,0.0,,,
sanyo_016,,2013-04-02T12:00:30.82,,3.462085430044681,0.0,,,
sanyo_016,,2013-04-02T12:00:40.81,,3.462085430044681,0.0,,,
sanyo_016,,2013-04-02T12:00:50.85,,3.462085430044681,0.0,,,
sanyo_016,,2013-04-02T12:01:00.83,,3.462085430044681,0.0,,,
sanyo_016,,2013-04-02T12:01:10.81,,3.462451943429187,0.0,,,
sanyo_016,,2013-04-02T12:01:20.85,,3.462818456813693,0.0,,,
sanyo_016,,2013-04-02T12:01:30.85,,3.462451943429187,0.0,,,
sanyo_016,,2013-04-02T12:01:40.85,,3.462818456813693,0.0,,,
sanyo_016,,2013-04-02T12:01:50.83,,3.462818456813693,0.0,,,
sanyo_016,,2013-04-02T12:02:00.85,,3.462818456813693,0.0,,,
sanyo_016,,2013-04-02T12:02:10.83,,3.462818456813693,0.0,,,
sanyo_016,,2013-04-02T12:02:20.86,,3.462451943429187,0.0,,,
sanyo_016,,2013-04-02T12:02:30.83,,3.462818456813693,0.0,,,
sanyo_016,,2013-04-02T12:02:40.84,,3.462451943429187,0.0,,,
sanyo_016,,2013-04-02T12:02:50.82,,3.462818456813693,0.0,,,
sanyo_016,,2013-04-02T12:03:00.86,,3.462818456813693,0.0,,,
sanyo_016,,2013-04-02T12:03:10.84,,3.463551483582705,0.0,,,
sanyo_016,,2013-04-02T12:03:20.82,,3.462451943429187,0.0,,,
sanyo_016,,2013-04-02T12:03:30.86,,3.463551483582705,0.0,,,
sanyo_016,,2013-04-02T12:03:40.86,,3.463551483582705,0.0,,,
sanyo_016,,2013-04-02T12:03:50.86,,3.463551483582705,0.0,,,
sanyo_016,,2013-04-02T12:04:00.84,,3.463184970198199,0.0,,,
sanyo_016,,2013-04-02T12:04:10.83,,3.463551483582705,0.0,,,
sanyo_016,,2013-04-02T12:04:20.81,,3.463917996967211,0.0,,,
sanyo_016,,2013-04-02T12:04:30.85,,3.463917996967211,0.0,,,
sanyo_016,,2013-04-02T12:04:40.85,,3.463551483582705,0.0,,,
sanyo_016,,2013-04-02T12:04:50.84,,3.463551483582705,0.0,,,
sanyo_016,,2013-04-02T12:04:52.64,,3.464651023736224,0.0,,,
sanyo_016,,2013-04-02T12:05:00.84,,3.463917996967211,0.0,,,
sanyo_016,,2013-04-02T12:05:10.82,,3.463551483582705,0.0,,,
sanyo_016,,2013-04-02T12:05:20.86,,3.463917996967211,0.0,,,
sanyo_016,,2013-04-02T12:05:30.85,,3.464284510351718,0.0,,,
sanyo_016,,2013-04-02T12:05:40.83,,3.464284510351718,0.0,,,
sanyo_016,,2013-04-02T12:05:50.84,,3.464284510351718,0.0,,,
sanyo_016,,2013-04-02T12:06:00.82,,3.464284510351718,0.0,,,
sanyo_016,,2013-04-02T12:06:10.84,,3.464651023736224,0.0,,,
sanyo_016,,2013-04-02T12:06:20.83,,3.464651023736224,0.0,,,
sanyo_016,,2013-04-02T12:06:30.82,,3.464284510351718,0.0,,,
sanyo_016,,2013-04-02T12:06:40.85,,3.464284510351718,0.0,,,
sanyo_016,,2013-04-02T12:06:50.85,,3.464651023736224,0.0,,,
sanyo_016,,2013-04-02T12:07:00.86,,3.46501753712073,0.0,,,
sanyo_016,,2013-04-02T12:07:10.84,,3.464651023736224,0.0,,,
sanyo_016,,2013-04-02T12:07:20.83,,3.464651023736224,0.0,,,
sanyo_016,,2013-04-02T12:07:30.81,,3.46501753712073,0.0,,,
sanyo_016,,2013-04-02T12:07:40.86,,3.464651023736224,0.0,,,
sanyo_016,,2013-04-02T12:07:50.86,,3.46501753712073,0.0,,,
sanyo_016,,2013-04-02T12:08:00.84,,3.465384050505236,0.0,,,
sanyo_016,,2013-04-02T12:08:10.83,,3.46501753712073,0.0,,,
sanyo_016,,2013-04-02T12:08:20.81,,3.465384050505236,0.0,,,
sanyo_016,,2013-04-02T12:08:30.87,,3.46501753712073,0.0,,,
sanyo_016,,2013-04-02T12:08:40.84,,3.465384050505236,0.0,,,
sanyo_016,,2013-04-02T12:08:50.84,,3.465384050505236,0.0,,,
sanyo_016,,2013-04-02T12:09:00.82,,3.465384050505236,0.0,,,
sanyo_016,,2013-04-02T12:09:10.86,,3.465750563889742,0.0,,,
sanyo_016,,2013-04-02T12:09:20.84,,3.465750563889742,0.0,,,
sanyo_016,,2013-04-02T12:09:30.83,,3.465750563889742,0.0,,,
sanyo_016,,2013-04-02T12:09:40.82,,3.465384050505236,0.0,,,
sanyo_016,,2013-04-02T12:09:50.83,,3.465750563889742,0.0,,,
sanyo_016,,2013-04-02T12:10:00.85,,3.465384050505236,0.0,,,
sanyo_016,,2013-04-02T12:10:10.84,,3.466117077274248,0.0,,,
sanyo_016,,2013-04-02T12:10:20.82,,3.466117077274248,0.0,,,
sanyo_016,,2013-04-02T12:10:30.86,,3.465750563889742,0.0,,,
sanyo_016,,2013-04-02T12:10:40.85,,3.466117077274248,0.0,,,
sanyo_016,,2013-04-02T12:10:50.84,,3.465384050505236,0.0,,,
sanyo_016,,2013-04-02T12:11:00.84,,3.465750563889742,0.0,,,
sanyo_016,,2013-04-02T12:11:10.85,,3.466117077274248,0.0,,,
sanyo_016,,2013-04-02T12:11:20.84,,3.465750563889742,0.0,,,
sanyo_016,,2013-04-02T12:11:30.83,,3.465750563889742,0.0,,,
sanyo_016,,2013-04-02T12:11:40.82,,3.465750563889742,0.0,,,
sanyo_016,,2013-04-02T12:11:50.81,,3.466117077274248,0.0,,,
sanyo_016,,2013-04-02T12:12:00.86,,3.465750563889742,0.0,,,
sanyo_016,,2013-04-02T12:12:10.85,,3.466483590658754,0.0,,,
sanyo_016,,2013-04-02T12:12:20.82,,3.46685010404326,0.0,,,
sanyo_016,,2013-04-02T12:12:30.86,,3.466483590658754,0.0,,,
sanyo_016,,2013-04-02T12:12:40.84,,3.466483590658754,0.0,,,
sanyo_016,,2013-04-02T12:12:50.83,,3.466483590658754,0.0,,,
sanyo_016,,2013-04-02T12:13:00.84,,3.466117077274248,0.0,,,
sanyo_016,,2013-04-02T12:13:10.82,,3.466117077274248,0.0,,,
sanyo_016,,2013-04-02T12:13:20.82,,3.466483590658754,0.0,,,
sanyo_016,,2013-04-02T12:13:30.86,,3.466483590658754,0.0,,,
sanyo_016,,2013-04-02T12:13:40.84,,3.466117077274248,0.0,,,
sanyo_016,,2013-04-02T12:13:50.82,,3.46685010404326,0.0,,,
sanyo_016,,2013-04-02T12:14:00.86,,3.466483590658754,0.0,,,
sanyo_016,,2013-04-02T12:14:10.84,,3.466483590658754,0.0,,,
sanyo_016,,2013-04-02T12:14:20.82,,3.46685010404326,0.0,,,
sanyo_016,,2013-04-02T12:14:30.84,,3.466483590658754,0.0,,,
sanyo_016,,2013-04-02T12:14:40.82,,3.466483590658754,0.0,,,
sanyo_016,,2013-04-02T12:14:50.86,,3.46685010404326,0.0,,,
sanyo_016,,2013-04-02T12:15:00.84,,3.46685010404326,0.0,,,
sanyo_016,,2013-04-02T12:15:10.87,,3.466483590658754,0.0,,,
sanyo_016,,2013-04-02T12:15:20.86,,3.46685010404326,0.0,,,
sanyo_016,,2013-04-02T12:15:30.83,,3.46685010404326,0.0,,,
sanyo_016,,2013-04-02T12:15:34.13,,3.46685010404326,0.0,,,
sanyo_016,,2013-04-02T12:15:34.5,,3.467949644196779,0.0099285374162718,,,
sanyo_016,,2013-04-02T12:15:34.64,,3.484442746499553,0.3928864091867581,,,
sanyo_016,,2013-04-02T12:15:34.64,,3.484442746499553,0.3928864091867581,,,
sanyo_016,,2013-04-02T12:15:34.69,,3.565075691090897,2.01407473301515,,,
sanyo_016,,2013-04-02T12:15:34.7,,3.565075691090897,2.01407473301515,,,
sanyo_016,,2013-04-02T12:15:34.81,,3.57607109262608,2.05095215770416,,,
sanyo_016,,2013-04-02T12:15:36.19,,3.586333467392251,2.049533795216121,,,
sanyo_016,,2013-04-02T12:15:39.3,,3.596595842158422,2.049533795216121,,,
sanyo_016,,2013-04-02T12:15:41.21,,3.601727029541507,2.049533795216121,,,
sanyo_016,,2013-04-02T12:15:43.36,,3.606858216924593,2.055207245168276,,,
sanyo_016,,2013-04-02T12:15:48.8,,3.617120591690764,2.048115432728082,,,
sanyo_016,,2013-04-02T12:15:51.23,,3.621152238920331,2.049533795216121,,,
sanyo_016,,2013-04-02T12:15:55.4,,3.627382966456935,2.048115432728082,,,
sanyo_016,,2013-04-02T12:16:01.19,,3.634713234147057,2.049533795216121,,,
sanyo_016,,2013-04-02T12:16:03.61,,3.637645341223106,2.049533795216121,,,
sanyo_016,,2013-04-02T12:16:11.19,,3.64570863568224,2.049533795216121,,,
sanyo_016,,2013-04-02T12:16:13.73,,3.647907715989277,2.048115432728082,,,
sanyo_016,,2013-04-02T12:16:21.2,,3.654138443525881,2.049533795216121,,,
sanyo_016,,2013-04-02T12:16:27.1,,3.658170090755448,2.048115432728082,,,
sanyo_016,,2013-04-02T12:16:31.22,,3.661102197831497,2.048115432728082,,,
sanyo_016,,2013-04-02T12:16:41.18,,3.666599898599088,2.048115432728082,,,
sanyo_016,,2013-04-02T12:16:43.1,,3.668432465521619,2.049533795216121,,,
sanyo_016,,2013-04-02T12:16:51.21,,3.672830626135692,2.049533795216121,,,
sanyo_016,,2013-04-02T12:17:01.17,,3.677228786749765,2.048115432728082,,,
sanyo_016,,2013-04-02T12:17:03.1,,3.67869484028779,2.05095215770416,,,
sanyo_016,,2013-04-02T12:17:11.18,,3.681993460748345,2.048115432728082,,,
sanyo_016,,2013-04-02T12:17:21.23,,3.6852920812089,2.048115432728082,,,
sanyo_016,,2013-04-02T12:17:29.94,,3.689323728438467,2.049533795216121,,,
sanyo_016,,2013-04-02T12:17:31.22,,3.689323728438467,2.049533795216121,,,
sanyo_016,,2013-04-02T12:17:41.2,,3.692255835514516,2.049533795216121,,,
sanyo_016,,2013-04-02T12:17:51.2,,3.695920969359577,2.049533795216121,,,
sanyo_016,,2013-04-02T12:18:01.2,,3.698486563051119,2.048115432728082,,,
sanyo_016,,2013-04-02T12:18:01.44,,3.699586103204638,2.049533795216121,,,
sanyo_016,,2013-04-02T12:18:11.19,,3.701785183511674,2.048115432728082,,,
sanyo_016,,2013-04-02T12:18:21.2,,3.704717290587723,2.048115432728082,,,
sanyo_016,,2013-04-02T12:18:31.18,,3.708015911048278,2.048115432728082,,,
sanyo_016,,2013-04-02T12:18:38.06,,3.709848477970809,2.053788882680237,,,
sanyo_016,,2013-04-02T12:18:41.18,,3.710581504739821,2.049533795216121,,,
sanyo_016,,2013-04-02T12:18:51.19,,3.713147098431364,2.048115432728082,,,
sanyo_016,,2013-04-02T12:19:01.22,,3.716079205507413,2.049533795216121,,,
sanyo_016,,2013-04-02T12:19:11.2,,3.718278285814449,2.049533795216121,,,
sanyo_016,,2013-04-02T12:19:16.88,,3.72011085273698,2.053788882680237,,,
sanyo_016,,2013-04-02T12:19:21.19,,3.72011085273698,2.048115432728082,,,
sanyo_016,,2013-04-02T12:19:31.18,,3.722676446428523,2.048115432728082,,,
sanyo_016,,2013-04-02T12:19:41.18,,3.725242040120065,2.048115432728082,,,
sanyo_016,,2013-04-02T12:19:51.23,,3.728174147196114,2.048115432728082,,,
sanyo_016,,2013-04-02T12:20:01.21,,3.729640200734139,2.048115432728082,,,
sanyo_016,,2013-04-02T12:20:01.33,,3.730373227503151,2.055207245168276,,,
sanyo_016,,2013-04-02T12:20:11.19,,3.732572307810187,2.049533795216121,,,
sanyo_016,,2013-04-02T12:20:21.18,,3.734771388117224,2.048115432728082,,,
sanyo_016,,2013-04-02T12:20:31.21,,3.736970468424261,2.048115432728082,,,
sanyo_016,,2013-04-02T12:20:41.21,,3.739169548731297,2.049533795216121,,,
sanyo_016,,2013-04-02T12:20:47.09,,3.740635602269322,2.05095215770416,,,
sanyo_016,,2013-04-02T12:20:51.19,,3.741002115653828,2.046697070240043,,,
sanyo_016,,2013-04-02T12:21:01.22,,3.743201195960864,2.048115432728082,,,
sanyo_016,,2013-04-02T12:21:11.2,,3.745033762883395,2.052370520192199,,,
sanyo_016,,2013-04-02T12:21:21.19,,3.746866329805926,2.048115432728082,,,
sanyo_016,,2013-04-02T12:21:31.23,,3.748698896728456,2.049533795216121,,,
sanyo_016,,2013-04-02T12:21:39.73,,3.750897977035493,2.055207245168276,,,
sanyo_016,,2013-04-02T12:21:41.21,,3.750897977035493,2.049533795216121,,,
sanyo_016,,2013-04-02T12:21:51.19,,3.752730543958023,2.048115432728082,,,
sanyo_016,,2013-04-02T12:22:01.18,,3.754563110880554,2.049533795216121,,,
sanyo_016,,2013-04-02T12:22:11.22,,3.756395677803084,2.048115432728082,,,
sanyo_016,,2013-04-02T12:22:21.2,,3.757861731341109,2.052370520192199,,,
sanyo_016,,2013-04-02T12:22:31.18,,3.760793838417158,2.055207245168276,,,
sanyo_016,,2013-04-02T12:22:35.04,,3.761160351801664,2.049533795216121,,,
sanyo_016,,2013-04-02T12:22:41.22,,3.761893378570676,2.048115432728082,,,
sanyo_016,,2013-04-02T12:22:51.22,,3.763725945493206,2.048115432728082,,,
sanyo_016,,2013-04-02T12:23:01.2,,3.764825485646725,2.049533795216121,,,
sanyo_016,,2013-04-02T12:23:11.17,,3.767391079338267,2.049533795216121,,,
sanyo_016,,2013-04-02T12:23:21.22,,3.769223646260798,2.05095215770416,,,
sanyo_016,,2013-04-02T12:23:31.2,,3.770323186414316,2.049533795216121,,,
sanyo_016,,2013-04-02T12:23:32.74,,3.771422726567835,2.053788882680237,,,
sanyo_016,,2013-04-02T12:23:41.18,,3.772522266721353,2.05095215770416,,,
sanyo_016,,2013-04-02T12:23:51.23,,3.773621806874871,2.049533795216121,,,
sanyo_016,,2013-04-02T12:24:01.21,,3.775454373797402,2.048115432728082,,,
sanyo_016,,2013-04-02T12:24:11.19,,3.777286940719932,2.048115432728082,,,
sanyo_016,,2013-04-02T12:24:21.18,,3.779119507642463,2.048115432728082,,,
sanyo_016,,2013-04-02T12:24:31.23,,3.780952074564993,2.052370520192199,,,
sanyo_016,,2013-04-02T12:24:33.73,,3.781685101334006,2.049533795216121,,,
sanyo_016,,2013-04-02T12:24:41.22,,3.782784641487524,2.049533795216121,,,
sanyo_016,,2013-04-02T12:24:51.22,,3.784250695025548,2.048115432728082,,,
sanyo_016,,2013-04-02T12:25:01.2,,3.786083261948079,2.049533795216121,,,
sanyo_016,,2013-04-02T12:25:11.19,,3.788282342255116,2.049533795216121,,,
sanyo_016,,2013-04-02T12:25:21.18,,3.790114909177646,2.049533795216121,,,
sanyo_016,,2013-04-02T12:25:31.18,,3.791214449331164,2.049533795216121,,,
sanyo_016,,2013-04-02T12:25:33.2,,3.791947476100177,2.05095215770416,,,
sanyo_016,,2013-04-02T12:25:41.23,,3.792680502869189,2.049533795216121,,,
sanyo_016,,2013-04-02T12:25:51.2,,3.794879583176225,2.055207245168276,,,
sanyo_016,,2013-04-02T12:26:01.19,,3.79634563671425,2.048115432728082,,,
sanyo_016,,2013-04-02T12:26:11.19,,3.79817820363678,2.049533795216121,,,
sanyo_016,,2013-04-02T12:26:21.23,,3.799644257174805,2.045278707752004,,,
sanyo_016,,2013-04-02T12:26:31.22,,3.801843337481841,2.05095215770416,,,
sanyo_016,,2013-04-02T12:26:32.59,,3.802209850866348,2.052370520192199,,,
sanyo_016,,2013-04-02T12:26:41.22,,3.803309391019866,2.049533795216121,,,
sanyo_016,,2013-04-02T12:26:51.17,,3.804408931173384,2.049533795216121,,,
sanyo_016,,2013-04-02T12:27:01.18,,3.805874984711409,2.05095215770416,,,
sanyo_016,,2013-04-02T12:27:11.22,,3.806974524864927,2.048115432728082,,,
sanyo_016,,2013-04-02T12:27:21.22,,3.808074065018445,2.048115432728082,,,
sanyo_016,,2013-04-02T12:27:31.22,,3.809906631940976,2.052370520192199,,,
sanyo_016,,2013-04-02T12:27:41.21,,3.811372685479,2.048115432728082,,,
sanyo_016,,2013-04-02T12:27:45.78,,3.812472225632519,2.055207245168276,,,
sanyo_016,,2013-04-02T12:27:51.21,,3.812472225632519,2.048115432728082,,,
sanyo_016,,2013-04-02T12:28:01.2,,3.814671305939555,2.049533795216121,,,
sanyo_016,,2013-04-02T12:28:11.2,,3.815770846093074,2.045278707752004,,,
sanyo_016,,2013-04-02T12:28:21.2,,3.816870386246592,2.048115432728082,,,
sanyo_016,,2013-04-02T12:28:31.19,,3.818702953169122,2.048115432728082,,,
sanyo_016,,2013-04-02T12:28:41.17,,3.820535520091653,2.048115432728082,,,
sanyo_016,,2013-04-02T12:28:51.18,,3.822001573629677,2.048115432728082,,,
sanyo_016,,2013-04-02T12:28:52.19,,3.82273460039869,2.053788882680237,,,
sanyo_016,,2013-04-02T12:29:01.17,,3.823467627167702,2.048115432728082,,,
sanyo_016,,2013-04-02T12:29:11.22,,3.824933680705726,2.048115432728082,,,
sanyo_016,,2013-04-02T12:29:21.2,,3.826766247628257,2.05095215770416,,,
sanyo_016,,2013-04-02T12:29:31.2,,3.828232301166281,2.049533795216121,,,
sanyo_016,,2013-04-02T12:29:41.2,,3.830431381473318,2.052370520192199,,,
sanyo_016,,2013-04-02T12:29:51.23,,3.832263948395848,2.049533795216121,,,
sanyo_016,,2013-04-02T12:29:54.56,,3.832996975164861,2.048115432728082,,,
sanyo_016,,2013-04-02T12:30:01.23,,3.834463028702885,2.048115432728082,,,
sanyo_016,,2013-04-02T12:30:11.23,,3.835929082240909,2.049533795216121,,,
sanyo_016,,2013-04-02T12:30:21.22,,3.83776164916344,2.053788882680237,,,
sanyo_016,,2013-04-02T12:30:31.22,,3.839227702701464,2.049533795216121,,,
sanyo_016,,2013-04-02T12:30:41.22,,3.841060269623995,2.05095215770416,,,
sanyo_016,,2013-04-02T12:30:51.17,,3.842159809777513,2.048115432728082,,,
sanyo_016,,2013-04-02T12:30:53.68,,3.843259349931032,2.049533795216121,,,
sanyo_016,,2013-04-02T12:31:01.23,,3.843992376700044,2.053788882680237,,,
sanyo_016,,2013-04-02T12:31:11.17,,3.845091916853562,2.049533795216121,,,
sanyo_016,,2013-04-02T12:31:21.23,,3.847657510545105,2.052370520192199,,,
sanyo_016,,2013-04-02T12:31:31.23,,3.848390537314117,2.049533795216121,,,
sanyo_016,,2013-04-02T12:31:41.19,,3.85095613100566,2.049533795216121,,,
sanyo_016,,2013-04-02T12:31:51.21,,3.852422184543684,2.048115432728082,,,
sanyo_016,,2013-04-02T12:31:53.41,,3.853521724697202,2.055207245168276,,,
sanyo_016,,2013-04-02T12:32:01.21,,3.854621264850721,2.049533795216121,,,
sanyo_016,,2013-04-02T12:32:11.22,,3.856820345157757,2.048115432728082,,,
sanyo_016,,2013-04-02T12:32:21.21,,3.858652912080288,2.049533795216121,,,
sanyo_016,,2013-04-02T12:32:31.23,,3.860485479002819,2.049533795216121,,,
sanyo_016,,2013-04-02T12:32:41.19,,3.862684559309855,2.053788882680237,,,
sanyo_016,,2013-04-02T12:32:43.92,,3.863784099463373,2.049533795216121,,,
sanyo_016,,2013-04-02T12:32:51.22,,3.864517126232386,2.049533795216121,,,
sanyo_016,,2013-04-02T12:33:01.22,,3.867082719923928,2.05095215770416,,,
sanyo_016,,2013-04-02T12:33:11.23,,3.868548773461953,2.048115432728082,,,
sanyo_016,,2013-04-02T12:33:21.18,,3.870381340384483,2.048115432728082,,,
sanyo_016,,2013-04-02T12:33:31.18,,3.871847393922508,2.048115432728082,,,
sanyo_016,,2013-04-02T12:33:37.8,,3.874046474229544,2.055207245168276,,,
sanyo_016,,2013-04-02T12:33:41.2,,3.874046474229544,2.048115432728082,,,
sanyo_016,,2013-04-02T12:33:51.22,,3.875512527767569,2.046697070240043,,,
sanyo_016,,2013-04-02T12:34:01.18,,3.877711608074606,2.049533795216121,,,
sanyo_016,,2013-04-02T12:34:11.19,,3.879544174997136,2.052370520192199,,,
sanyo_016,,2013-04-02T12:34:21.2,,3.88101022853516,2.049533795216121,,,
sanyo_016,,2013-04-02T12:34:31.22,,3.883209308842197,2.053788882680237,,,
sanyo_016,,2013-04-02T12:34:35.68,,3.884308848995715,2.049533795216121,,,
sanyo_016,,2013-04-02T12:34:41.23,,3.885041875764728,2.048115432728082,,,
sanyo_016,,2013-04-02T12:34:51.19,,3.886874442687258,2.048115432728082,,,
sanyo_016,,2013-04-02T12:35:01.21,,3.889073522994295,2.049533795216121,,,
sanyo_016,,2013-04-02T12:35:11.22,,3.890539576532319,2.046697070240043,,,
sanyo_016,,2013-04-02T12:35:21.18,,3.892738656839356,2.049533795216121,,,
sanyo_016,,2013-04-02T12:35:24.5,,3.894571223761886,2.053788882680237,,,
sanyo_016,,2013-04-02T12:35:31.17,,3.895670763915405,2.048115432728082,,,
sanyo_016,,2013-04-02T12:35:41.18,,3.897869844222441,2.053788882680237,,,
sanyo_016,,2013-04-02T12:35:51.2,,3.899335897760466,2.048115432728082,,,
sanyo_016,,2013-04-02T12:36:01.21,,3.902268004836515,2.049533795216121,,,
sanyo_016,,2013-04-02T12:36:10.39,,3.904833598528057,2.048115432728082,,,
sanyo_016,,2013-04-02T12:36:11.22,,3.904467085143551,2.048115432728082,,,
sanyo_016,,2013-04-02T12:36:21.23,,3.9073991922196,2.049533795216121,,,
sanyo_016,,2013-04-02T12:36:31.18,,3.909231759142131,2.049533795216121,,,
sanyo_016,,2013-04-02T12:36:41.19,,3.911430839449167,2.05095215770416,,,
sanyo_016,,2013-04-02T12:36:51.23,,3.914362946525216,2.048115432728082,,,
sanyo_016,,2013-04-02T12:36:52.12,,3.915095973294228,2.053788882680237,,,
sanyo_016,,2013-04-02T12:37:01.23,,3.916562026832253,2.048115432728082,,,
sanyo_016,,2013-04-02T12:37:11.18,,3.919127620523796,2.048115432728082,,,
sanyo_016,,2013-04-02T12:37:21.19,,3.921326700830832,2.049533795216121,,,
sanyo_016,,2013-04-02T12:37:31.2,,3.923892294522375,2.048115432728082,,,
sanyo_016,,2013-04-02T12:37:34.18,,3.925358348060399,2.055207245168276,,,
sanyo_016,,2013-04-02T12:37:41.22,,3.926824401598424,2.049533795216121,,,
sanyo_016,,2013-04-02T12:37:51.18,,3.928656968520954,2.046697070240043,,,
sanyo_016,,2013-04-02T12:38:01.2,,3.930856048827991,2.048115432728082,,,
sanyo_016,,2013-04-02T12:38:11.22,,3.93378815590404,2.049533795216121,,,
sanyo_016,,2013-04-02T12:38:17.07,,3.93562072282657,2.048115432728082,,,
sanyo_016,,2013-04-02T12:38:21.19,,3.936720262980089,2.052370520192199,,,
sanyo_016,,2013-04-02T12:38:31.22,,3.939285856671631,2.049533795216121,,,
sanyo_016,,2013-04-02T12:38:41.18,,3.941484936978668,2.048115432728082,,,
sanyo_016,,2013-04-02T12:38:51.21,,3.944417044054717,2.048115432728082,,,
sanyo_016,,2013-04-02T12:38:55.33,,3.945883097592741,2.053788882680237,,,
sanyo_016,,2013-04-02T12:39:01.18,,3.94698263774626,2.055207245168276,,,
sanyo_016,,2013-04-02T12:39:11.2,,3.949548231437802,2.048115432728082,,,
sanyo_016,,2013-04-02T12:39:21.23,,3.952113825129345,2.048115432728082,,,
sanyo_016,,2013-04-02T12:39:31.2,,3.954312905436382,2.049533795216121,,,
sanyo_016,,2013-04-02T12:39:34.66,,3.956145472358912,2.049533795216121,,,
sanyo_016,,2013-04-02T12:39:41.22,,3.957611525896937,2.048115432728082,,,
sanyo_016,,2013-04-02T12:39:51.22,,3.959810606203973,2.052370520192199,,,
sanyo_016,,2013-04-02T12:40:01.19,,3.961643173126504,2.05095215770416,,,
sanyo_016,,2013-04-02T12:40:11.23,,3.964575280202553,2.048115432728082,,,
sanyo_016,,2013-04-02T12:40:19.06,,3.966407847125083,2.053788882680237,,,
sanyo_016,,2013-04-02T12:40:21.21,,3.966407847125083,2.049533795216121,,,
sanyo_016,,2013-04-02T12:40:31.2,,3.96860692743212,2.046697070240043,,,
sanyo_016,,2013-04-02T12:40:41.18,,3.971539034508169,2.048115432728082,,,
sanyo_016,,2013-04-02T12:40:51.19,,3.973738114815205,2.048115432728082,,,
sanyo_016,,2013-04-02T12:40:59.86,,3.976670221891254,2.048115432728082,,,
sanyo_016,,2013-04-02T12:41:01.18,,3.97703673527576,2.049533795216121,,,
sanyo_016,,2013-04-02T12:41:11.17,,3.979235815582797,2.045278707752004,,,
sanyo_016,,2013-04-02T12:41:21.23,,3.982167922658846,2.048115432728082,,,
sanyo_016,,2013-04-02T12:41:31.19,,3.985100029734895,2.048115432728082,,,
sanyo_016,,2013-04-02T12:41:37.47,,3.986932596657425,2.049533795216121,,,
sanyo_016,,2013-04-02T12:41:41.19,,3.986932596657425,2.049533795216121,,,
sanyo_016,,2013-04-02T12:41:51.21,,3.989864703733474,2.046697070240043,,,
sanyo_016,,2013-04-02T12:42:01.22,,3.992796810809523,2.049533795216121,,,
sanyo_016,,2013-04-02T12:42:11.17,,3.995362404501066,2.048115432728082,,,
sanyo_016,,2013-04-02T12:42:15.07,,3.997194971423596,2.048115432728082,,,
sanyo_016,,2013-04-02T12:42:21.19,,3.997561484808102,2.048115432728082,,,
sanyo_016,,2013-04-02T12:42:31.21,,4.001593132037669,2.049533795216121,,,
sanyo_016,,2013-04-02T12:42:41.22,,4.004158725729212,2.048115432728082,,,
sanyo_016,,2013-04-02T12:42:49.45,,4.007457346189767,2.052370520192199,,,
sanyo_016,,2013-04-02T12:42:51.2,,4.007823859574273,2.049533795216121,,,
sanyo_016,,2013-04-02T12:43:01.21,,4.011122480034828,2.05095215770416,,,
sanyo_016,,2013-04-02T12:43:11.18,,4.013688073726371,2.049533795216121,,,
sanyo_016,,2013-04-02T12:43:21.2,,4.016986694186926,2.048115432728082,,,
sanyo_016,,2013-04-02T12:43:22.58,,4.017719720955938,2.05095215770416,,,
sanyo_016,,2013-04-02T12:43:31.22,,4.019918801262975,2.049533795216121,,,
sanyo_016,,2013-04-02T12:43:41.18,,4.022850908339024,2.049533795216121,,,
sanyo_016,,2013-04-02T12:43:51.2,,4.026516042184085,2.049533795216121,,,
sanyo_016,,2013-04-02T12:43:56.8,,4.027982095722109,2.053788882680237,,,
sanyo_016,,2013-04-02T12:44:01.18,,4.028715122491121,2.042441982775927,,,
sanyo_016,,2013-04-02T12:44:11.21,,4.032746769720689,2.048115432728082,,,
sanyo_016,,2013-04-02T12:44:21.17,,4.035312363412231,2.049533795216121,,,
sanyo_016,,2013-04-02T12:44:28.38,,4.03824447048828,2.055207245168276,,,
sanyo_016,,2013-04-02T12:44:31.2,,4.038610983872786,2.049533795216121,,,
sanyo_016,,2013-04-02T12:44:41.23,,4.041909604333341,2.049533795216121,,,
sanyo_016,,2013-04-02T12:44:51.21,,4.04484171140939,2.049533795216121,,,
sanyo_016,,2013-04-02T12:45:01.17,,4.047773818485439,2.053788882680237,,,
sanyo_016,,2013-04-02T12:45:01.53,,4.048506845254451,2.049533795216121,,,
sanyo_016,,2013-04-02T12:45:11.2,,4.051072438945994,2.049533795216121,,,
sanyo_016,,2013-04-02T12:45:21.18,,4.054737572791055,2.049533795216121,,,
sanyo_016,,2013-04-02T12:45:31.21,,4.057669679867104,2.049533795216121,,,
sanyo_016,,2013-04-02T12:45:33.67,,4.058769220020622,2.049533795216121,,,
sanyo_016,,2013-04-02T12:45:41.19,,4.060968300327659,2.049533795216121,,,
sanyo_016,,2013-04-02T12:45:51.22,,4.063167380634695,2.049533795216121,,,
sanyo_016,,2013-04-02T12:46:01.19,,4.066832514479756,2.048115432728082,,,
sanyo_016,,2013-04-02T12:46:06.54,,4.069031594786793,2.05095215770416,,,
sanyo_016,,2013-04-02T12:46:11.22,,4.070497648324817,2.053788882680237,,,
sanyo_016,,2013-04-02T12:46:21.2,,4.07306324201636,2.049533795216121,,,
sanyo_016,,2013-04-02T12:46:31.22,,4.076361862476915,2.048115432728082,,,
sanyo_016,,2013-04-02T12:46:40.79,,4.079293969552964,2.052370520192199,,,
sanyo_016,,2013-04-02T12:46:41.2,,4.079293969552964,2.049533795216121,,,
sanyo_016,,2013-04-02T12:46:51.21,,4.082226076629013,2.048115432728082,,,
sanyo_016,,2013-04-02T12:47:01.18,,4.085158183705062,2.049533795216121,,,
sanyo_016,,2013-04-02T12:47:11.23,,4.088456804165617,2.048115432728082,,,
sanyo_016,,2013-04-02T12:47:14.09,,4.089556344319135,2.049533795216121,,,
sanyo_016,,2013-04-02T12:47:21.2,,4.091755424626172,2.049533795216121,,,
sanyo_016,,2013-04-02T12:47:31.18,,4.094321018317714,2.048115432728082,,,
sanyo_016,,2013-04-02T12:47:41.21,,4.097619638778269,2.048115432728082,,,
sanyo_016,,2013-04-02T12:47:46.8,,4.099818719085306,2.052370520192199,,,
sanyo_016,,2013-04-02T12:47:47.87,,4.099818719085306,2.048115432728082,,,
sanyo_016,,2013-04-02T12:47:48.01,,4.0994522057008,2.05095215770416,,,
sanyo_016,,2013-04-02T12:47:48.16,,4.096520098624751,1.981452395790257,,,
sanyo_016,,2013-04-02T12:47:51.36,,4.096886612009257,1.980034033302218,,,
sanyo_016,,2013-04-02T12:47:57.55,,4.096886612009257,1.930391346220858,,,
sanyo_016,,2013-04-02T12:48:01.34,,4.096886612009257,1.917626083828509,,,
sanyo_016,,2013-04-02T12:48:10.91,,4.096886612009257,1.87933029665146,,,
sanyo_016,,2013-04-02T12:48:11.33,,4.096886612009257,1.873656846699305,,,
sanyo_016,,2013-04-02T12:48:19.28,,4.096520098624751,1.826850884594023,,,
sanyo_016,,2013-04-02T12:48:21.33,,4.096520098624751,1.825432522105984,,,
sanyo_016,,2013-04-02T12:48:31.32,,4.096886612009257,1.802738722297363,,,
sanyo_016,,2013-04-02T12:48:35.71,,4.096886612009257,1.775789835024625,,,
sanyo_016,,2013-04-02T12:48:41.37,,4.097619638778269,1.777208197512664,,,
sanyo_016,,2013-04-02T12:48:51.33,,4.096520098624751,1.727565510431305,,,
sanyo_016,,2013-04-02T12:48:52.59,,4.096886612009257,1.723310422967188,,,
sanyo_016,,2013-04-02T12:49:01.32,,4.096520098624751,1.693524810718373,,,
sanyo_016,,2013-04-02T12:49:06.68,,4.096886612009257,1.670831010909751,,,
sanyo_016,,2013-04-02T12:49:11.38,,4.096886612009257,1.669412648421712,,,
sanyo_016,,2013-04-02T12:49:21.37,,4.097253125393763,1.633953586220741,,,
sanyo_016,,2013-04-02T12:49:22.2,,4.096886612009257,1.615514873876236,,,
sanyo_016,,2013-04-02T12:49:31.35,,4.096886612009257,1.599912886507809,,,
sanyo_016,,2013-04-02T12:49:37.6,,4.096520098624751,1.560198736842722,,,
sanyo_016,,2013-04-02T12:49:41.34,,4.097253125393763,1.564453824306838,,,
sanyo_016,,2013-04-02T12:49:51.35,,4.097253125393763,1.543178386986256,,,
sanyo_016,,2013-04-02T12:49:58.2,,4.096520098624751,1.499209149857052,,,
sanyo_016,,2013-04-02T12:50:01.34,,4.096886612009257,1.500627512345091,,,
sanyo_016,,2013-04-02T12:50:11.33,,4.096520098624751,1.462331725168042,,,
sanyo_016,,2013-04-02T12:50:15.06,,4.096886612009257,1.446729737799615,,,
sanyo_016,,2013-04-02T12:50:21.32,,4.096886612009257,1.441056287847459,,,
sanyo_016,,2013-04-02T12:50:31.36,,4.096520098624751,1.409852313110605,,,
sanyo_016,,2013-04-02T12:50:32.81,,4.096520098624751,1.395668688230217,,,
sanyo_016,,2013-04-02T12:50:41.36,,4.097253125393763,1.385740150813945,,,
sanyo_016,,2013-04-02T12:50:51.36,,4.096886612009257,1.350281088612974,,,
sanyo_016,,2013-04-02T12:50:54.54,,4.097253125393763,1.344607638660818,,,
sanyo_016,,2013-04-02T12:51:01.35,,4.097986152162775,1.363046351005323,,,
sanyo_016,,2013-04-02T12:51:11.33,,4.096886612009257,1.297801676555537,,,
sanyo_016,,2013-04-02T12:51:13.31,,4.096886612009257,1.29354658909142,,,
sanyo_016,,2013-04-02T12:51:21.32,,4.096886612009257,1.285036414163187,,,
sanyo_016,,2013-04-02T12:51:31.37,,4.096520098624751,1.263760976842605,,,
sanyo_016,,2013-04-02T12:51:38.54,,4.096886612009257,1.242485539522022,,,
sanyo_016,,2013-04-02T12:51:41.37,,4.096886612009257,1.235393727081828,,,
sanyo_016,,2013-04-02T12:51:51.35,,4.097253125393763,1.215536652249284,,,
sanyo_016,,2013-04-02T12:51:58.64,,4.096886612009257,1.191424489952624,,,
sanyo_016,,2013-04-02T12:52:01.34,,4.096886612009257,1.191424489952624,,,
sanyo_016,,2013-04-02T12:52:11.34,,4.096886612009257,1.168730690144002,,,
sanyo_016,,2013-04-02T12:52:21.33,,4.096886612009257,1.146036890335381,,,
sanyo_016,,2013-04-02T12:52:23.37,,4.096886612009257,1.138945077895187,,,
sanyo_016,,2013-04-02T12:52:31.32,,4.096886612009257,1.127598177990876,,,
sanyo_016,,2013-04-02T12:52:41.37,,4.096886612009257,1.106322740670294,,,
sanyo_016,,2013-04-02T12:52:49.01,,4.097253125393763,1.08646566583775,,,
sanyo_016,,2013-04-02T12:52:51.35,,4.097253125393763,1.102067653206177,,,
sanyo_016,,2013-04-02T12:53:01.34,,4.096886612009257,1.077955490909517,,,
sanyo_016,,2013-04-02T12:53:11.34,,4.096886612009257,1.051006603636779,,,
sanyo_016,,2013-04-02T12:53:16.45,,4.096886612009257,1.032567891292274,,,
sanyo_016,,2013-04-02T12:53:21.34,,4.096886612009257,1.032567891292274,,,
sanyo_016,,2013-04-02T12:53:31.33,,4.097253125393763,1.011292453971691,,,
sanyo_016,,2013-04-02T12:53:41.37,,4.097253125393763,0.9928537416271864,,,
sanyo_016,,2013-04-02T12:53:42.7,,4.097253125393763,0.9786701167467982,,,
sanyo_016,,2013-04-02T12:53:51.37,,4.097253125393763,0.9744150292826816,,,
sanyo_016,,2013-04-02T12:54:01.34,,4.096886612009257,0.9602314044022932,,,
sanyo_016,,2013-04-02T12:54:11.33,,4.097253125393763,0.9403743295697496,,,
sanyo_016,,2013-04-02T12:54:11.99,,4.096886612009257,0.9276090671774,,,
sanyo_016,,2013-04-02T12:54:21.32,,4.097253125393763,0.9247723422013224,,,
sanyo_016,,2013-04-02T12:54:31.37,,4.096886612009257,0.9034969048807396,,,
sanyo_016,,2013-04-02T12:54:41.36,,4.096520098624751,0.892150004976429,,,
sanyo_016,,2013-04-02T12:54:50.82,,4.096886612009257,0.8765480176080018,,,
sanyo_016,,2013-04-02T12:54:51.36,,4.097253125393763,0.8737112926319242,,,
sanyo_016,,2013-04-02T12:55:01.33,,4.097253125393763,0.8566909427754581,,,
sanyo_016,,2013-04-02T12:55:11.33,,4.096886612009257,0.839670592918992,,,
sanyo_016,,2013-04-02T12:55:21.33,,4.097253125393763,0.8325787804787979,,,
sanyo_016,,2013-04-02T12:55:24.76,,4.097253125393763,0.8254869680386037,,,
sanyo_016,,2013-04-02T12:55:31.33,,4.097253125393763,0.814140068134293,,,
sanyo_016,,2013-04-02T12:55:41.33,,4.096886612009257,0.8098849806701764,,,
sanyo_016,,2013-04-02T12:55:51.33,,4.097253125393763,0.7942829933017492,,,
sanyo_016,,2013-04-02T12:56:00.27,,4.096886612009257,0.7744259184692055,,,
sanyo_016,,2013-04-02T12:56:01.35,,4.097253125393763,0.7758442809572443,,,
sanyo_016,,2013-04-02T12:56:11.35,,4.097253125393763,0.7673341060290113,,,
sanyo_016,,2013-04-02T12:56:21.37,,4.096886612009257,0.7474770311964676,,,
sanyo_016,,2013-04-02T12:56:31.37,,4.097253125393763,0.7332934063160792,,,
sanyo_016,,2013-04-02T12:56:41.37,,4.097253125393763,0.7304566813400015,,,
sanyo_016,,2013-04-02T12:56:47.87,,4.097253125393763,0.7233648688998073,,,
sanyo_016,,2013-04-02T12:56:51.37,,4.097253125393763,0.7105996065074578,,,
sanyo_016,,2013-04-02T12:57:01.33,,4.096886612009257,0.7120179689954966,,,
sanyo_016,,2013-04-02T12:57:11.33,,4.097253125393763,0.6921608941629529,,,
sanyo_016,,2013-04-02T12:57:21.33,,4.097253125393763,0.6779772692825645,,,
sanyo_016,,2013-04-02T12:57:29.64,,4.097253125393763,0.6723038193304092,,,
sanyo_016,,2013-04-02T12:57:31.34,,4.097253125393763,0.6723038193304092,,,
sanyo_016,,2013-04-02T12:57:41.34,,4.097253125393763,0.665212006890215,,,
sanyo_016,,2013-04-02T12:57:51.36,,4.096886612009257,0.6481916570337489,,,
sanyo_016,,2013-04-02T12:58:01.37,,4.096886612009257,0.6382631196174771,,,
sanyo_016,,2013-04-02T12:58:11.36,,4.096886612009257,0.629752944689244,,,
sanyo_016,,2013-04-02T12:58:15.28,,4.097619638778269,0.621242769761011,,,
sanyo_016,,2013-04-02T12:58:21.36,,4.097619638778269,0.6184060447849333,,,
sanyo_016,,2013-04-02T12:58:31.36,,4.097253125393763,0.604222419904545,,,
sanyo_016,,2013-04-02T12:58:41.36,,4.097619638778269,0.6028040574165061,,,
sanyo_016,,2013-04-02T12:58:51.35,,4.097253125393763,0.5886204325361177,,,
sanyo_016,,2013-04-02T12:59:01.37,,4.097619638778269,0.5942938824882731,,,
sanyo_016,,2013-04-02T12:59:06.85,,4.097253125393763,0.5701817201916128,,,
sanyo_016,,2013-04-02T12:59:11.38,,4.096886612009257,0.5645082702394575,,,
sanyo_016,,2013-04-02T12:59:21.32,,4.096886612009257,0.5630899077514187,,,
sanyo_016,,2013-04-02T12:59:31.32,,4.097253125393763,0.5489062828710303,,,
sanyo_016,,2013-04-02T12:59:41.33,,4.097253125393763,0.5403961079427972,,,
sanyo_016,,2013-04-02T12:59:51.38,,4.097253125393763,0.5347226579906419,,,
sanyo_016,,2013-04-02T13:00:01.33,,4.097619638778269,0.5276308455504477,,,
sanyo_016,,2013-04-02T13:00:04.1,,4.096886612009257,0.5177023081341758,,,
sanyo_016,,2013-04-02T13:00:11.33,,4.097253125393763,0.5177023081341758,,,
sanyo_016,,2013-04-02T13:00:21.38,,4.097619638778269,0.5091921332059428,,,
sanyo_016,,2013-04-02T13:00:31.38,,4.097619638778269,0.507773770717904,,,
sanyo_016,,2013-04-02T13:00:41.32,,4.097619638778269,0.4950085083255544,,,
sanyo_016,,2013-04-02T13:00:51.32,,4.097619638778269,0.4921717833494768,,,
sanyo_016,,2013-04-02T13:01:01.33,,4.096886612009257,0.4808248834451661,,,
sanyo_016,,2013-04-02T13:01:11.33,,4.097619638778269,0.4737330710049719,,,
sanyo_016,,2013-04-02T13:01:17.1,,4.097253125393763,0.4666412585647777,,,
sanyo_016,,2013-04-02T13:01:21.33,,4.097619638778269,0.4680596210528165,,,
sanyo_016,,2013-04-02T13:01:31.33,,4.097253125393763,0.4581310836365446,,,
sanyo_016,,2013-04-02T13:01:41.38,,4.097619638778269,0.4567127211485058,,,
sanyo_016,,2013-04-02T13:01:51.33,,4.097253125393763,0.4496209087083116,,,
sanyo_016,,2013-04-02T13:02:01.34,,4.097986152162775,0.4467841837322339,,,
sanyo_016,,2013-04-02T13:02:11.35,,4.097253125393763,0.4368556463159621,,,
sanyo_016,,2013-04-02T13:02:21.34,,4.097619638778269,0.4340189213398844,,,
sanyo_016,,2013-04-02T13:02:31.35,,4.097619638778269,0.4240903839236125,,,
sanyo_016,,2013-04-02T13:02:39.73,,4.097619638778269,0.4155802089953795,,,
sanyo_016,,2013-04-02T13:02:41.35,,4.096886612009257,0.4184169339714572,,,
sanyo_016,,2013-04-02T13:02:51.35,,4.097619638778269,0.4141618465073407,,,
sanyo_016,,2013-04-02T13:03:01.36,,4.097253125393763,0.4070700340671465,,,
sanyo_016,,2013-04-02T13:03:11.36,,4.097986152162775,0.4155802089953795,,,
sanyo_016,,2013-04-02T13:03:21.36,,4.097253125393763,0.3900496842106804,,,
sanyo_016,,2013-04-02T13:03:31.36,,4.097619638778269,0.3829578717704862,,,
sanyo_016,,2013-04-02T13:03:41.38,,4.097619638778269,0.3815395092824474,,,
sanyo_016,,2013-04-02T13:03:51.38,,4.097986152162775,0.3787027843063697,,,
sanyo_016,,2013-04-02T13:04:01.32,,4.097619638778269,0.3730293343542144,,,
sanyo_016,,2013-04-02T13:04:06.69,,4.097619638778269,0.3645191594259813,,,
sanyo_016,,2013-04-02T13:04:11.33,,4.097619638778269,0.3631007969379425,,,
sanyo_016,,2013-04-02T13:04:21.33,,4.097619638778269,0.3574273469857872,,,
sanyo_016,,2013-04-02T13:04:31.32,,4.097619638778269,0.3531722595216706,,,
sanyo_016,,2013-04-02T13:04:41.32,,4.097619638778269,0.3531722595216706,,,
sanyo_016,,2013-04-02T13:04:51.38,,4.097253125393763,0.3545906220097095,,,
sanyo_016,,2013-04-02T13:05:01.34,,4.097619638778269,0.3389886346412823,,,
sanyo_016,,2013-04-02T13:05:11.34,,4.097619638778269,0.3347335471771658,,,
sanyo_016,,2013-04-02T13:05:21.36,,4.097986152162775,0.3333151846891269,,,
sanyo_016,,2013-04-02T13:05:31.35,,4.097619638778269,0.3262233722489327,,,
sanyo_016,,2013-04-02T13:05:41.36,,4.097619638778269,0.3290600972250104,,,
sanyo_016,,2013-04-02T13:05:51.36,,4.097986152162775,0.3248050097608939,,,
sanyo_016,,2013-04-02T13:06:01.37,,4.097986152162775,0.3191315598087385,,,
sanyo_016,,2013-04-02T13:06:03.47,,4.097619638778269,0.3134581098565832,,,
sanyo_016,,2013-04-02T13:06:11.37,,4.096886612009257,0.3077846599044278,,,
sanyo_016,,2013-04-02T13:06:21.38,,4.097619638778269,0.3120397473685443,,,
sanyo_016,,2013-04-02T13:06:31.32,,4.097986152162775,0.3077846599044278,,,
sanyo_016,,2013-04-02T13:06:41.32,,4.097986152162775,0.3077846599044278,,,
sanyo_016,,2013-04-02T13:06:51.34,,4.097253125393763,0.2921826725360006,,,
sanyo_016,,2013-04-02T13:07:01.34,,4.097619638778269,0.2879275850718841,,,
sanyo_016,,2013-04-02T13:07:11.34,,4.097253125393763,0.2907643100479618,,,
sanyo_016,,2013-04-02T13:07:21.35,,4.097619638778269,0.2836724976077676,,,
sanyo_016,,2013-04-02T13:07:31.34,,4.097986152162775,0.2822541351197287,,,
sanyo_016,,2013-04-02T13:07:41.35,,4.097986152162775,0.2765806851675734,,,
sanyo_016,,2013-04-02T13:07:51.34,,4.097619638778269,0.2751623226795346,,,
sanyo_016,,2013-04-02T13:08:01.34,,4.097986152162775,0.2680705102393404,,,
sanyo_016,,2013-04-02T13:08:11.33,,4.097619638778269,0.2694888727273792,,,
sanyo_016,,2013-04-02T13:08:19.41,,4.097619638778269,0.262397060287185,,,
sanyo_016,,2013-04-02T13:08:21.33,,4.097619638778269,0.262397060287185,,,
sanyo_016,,2013-04-02T13:08:31.34,,4.097253125393763,0.2609786977991462,,,
sanyo_016,,2013-04-02T13:08:41.34,,4.097619638778269,0.2609786977991462,,,
sanyo_016,,2013-04-02T13:08:51.33,,4.097986152162775,0.2609786977991462,,,
sanyo_016,,2013-04-02T13:09:01.34,,4.097619638778269,0.2510501603828743,,,
sanyo_016,,2013-04-02T13:09:11.34,,4.098352665547282,0.2567236103350297,,,
sanyo_016,,2013-04-02T13:09:21.35,,4.097253125393763,0.2482134354067966,,,
sanyo_016,,2013-04-02T13:09:31.35,,4.097986152162775,0.2467950729187578,,,
sanyo_016,,2013-04-02T13:09:41.35,,4.097619638778269,0.2382848979905248,,,
sanyo_016,,2013-04-02T13:09:51.35,,4.097986152162775,0.2382848979905248,,,
sanyo_016,,2013-04-02T13:10:01.36,,4.097253125393763,0.2340298105264083,,,
sanyo_016,,2013-04-02T13:10:11.37,,4.097986152162775,0.2297747230622917,,,
sanyo_016,,2013-04-02T13:10:21.36,,4.097619638778269,0.2269379980862141,,,
sanyo_016,,2013-04-02T13:10:31.36,,4.097619638778269,0.2255196355981752,,,
sanyo_016,,2013-04-02T13:10:41.35,,4.097619638778269,0.2212645481340587,,,
sanyo_016,,2013-04-02T13:10:51.35,,4.097619638778269,0.2241012731101364,,,
sanyo_016,,2013-04-02T13:11:01.36,,4.097986152162775,0.2255196355981752,,,
sanyo_016,,2013-04-02T13:11:11.36,,4.097253125393763,0.218427823157981,,,
sanyo_016,,2013-04-02T13:11:21.36,,4.097619638778269,0.218427823157981,,,
sanyo_016,,2013-04-02T13:11:31.36,,4.097619638778269,0.2155910981819034,,,
sanyo_016,,2013-04-02T13:11:40.27,,4.098352665547282,0.2113360107177869,,,
sanyo_016,,2013-04-02T13:11:41.36,,4.097253125393763,0.209917648229748,,,
sanyo_016,,2013-04-02T13:11:51.36,,4.097619638778269,0.2084992857417092,,,
sanyo_016,,2013-04-02T13:12:01.37,,4.097619638778269,0.209917648229748,,,
sanyo_016,,2013-04-02T13:12:11.37,,4.097619638778269,0.2084992857417092,,,
sanyo_016,,2013-04-02T13:12:21.35,,4.097986152162775,0.2070809232536703,,,
sanyo_016,,2013-04-02T13:12:31.34,,4.097986152162775,0.201407473301515,,,
sanyo_016,,2013-04-02T13:12:41.35,,4.097619638778269,0.1985707483254373,,,
sanyo_016,,2013-04-02T13:12:51.35,,4.097253125393763,0.1943156608613208,,,
sanyo_016,,2013-04-02T13:13:01.35,,4.097619638778269,0.192897298373282,,,
sanyo_016,,2013-04-02T13:13:11.36,,4.097619638778269,0.1914789358852431,,,
sanyo_016,,2013-04-02T13:13:21.37,,4.097986152162775,0.1914789358852431,,,
sanyo_016,,2013-04-02T13:13:31.37,,4.097986152162775,0.1858054859330878,,,
sanyo_016,,2013-04-02T13:13:41.33,,4.097986152162775,0.1843871234450489,,,
sanyo_016,,2013-04-02T13:13:51.38,,4.097986152162775,0.1815503984689713,,,
sanyo_016,,2013-04-02T13:14:01.32,,4.097619638778269,0.1772953110048547,,,
sanyo_016,,2013-04-02T13:14:11.38,,4.097986152162775,0.1858054859330878,,,
sanyo_016,,2013-04-02T13:14:21.32,,4.096886612009257,0.1730402235407382,,,
sanyo_016,,2013-04-02T13:14:31.37,,4.097619638778269,0.1730402235407382,,,
sanyo_016,,2013-04-02T13:14:41.37,,4.097619638778269,0.1730402235407382,,,
sanyo_016,,2013-04-02T13:14:51.37,,4.097619638778269,0.1758769485168159,,,
sanyo_016,,2013-04-02T13:15:01.37,,4.097619638778269,0.1730402235407382,,,
sanyo_016,,2013-04-02T13:15:11.37,,4.097986152162775,0.1673667735885829,,,
sanyo_016,,2013-04-02T13:15:21.37,,4.097619638778269,0.165948411100544,,,
sanyo_016,,2013-04-02T13:15:31.36,,4.097253125393763,0.1645300486125052,,,
sanyo_016,,2013-04-02T13:15:39.33,,4.097619638778269,0.1602749611483887,,,
sanyo_016,,2013-04-02T13:15:41.37,,4.097619638778269,0.1602749611483887,,,
sanyo_016,,2013-04-02T13:15:51.36,,4.097986152162775,0.1588565986603499,,,
sanyo_016,,2013-04-02T13:16:01.37,,4.097619638778269,0.1517647862201557,,,
sanyo_016,,2013-04-02T13:16:11.37,,4.097986152162775,0.1517647862201557,,,
sanyo_016,,2013-04-02T13:16:21.37,,4.097619638778269,0.1531831487081945,,,
sanyo_016,,2013-04-02T13:16:31.32,,4.097619638778269,0.148928061244078,,,
sanyo_016,,2013-04-02T13:16:41.33,,4.097619638778269,0.148928061244078,,,
sanyo_016,,2013-04-02T13:16:51.33,,4.097986152162775,0.148928061244078,,,
sanyo_016,,2013-04-02T13:17:01.34,,4.097619638778269,0.1432546112919226,,,
sanyo_016,,2013-04-02T13:17:11.35,,4.097986152162775,0.1475096987560391,,,
sanyo_016,,2013-04-02T13:17:21.35,,4.097619638778269,0.1503464237321168,,,
sanyo_016,,2013-04-02T13:17:31.35,,4.097986152162775,0.1432546112919226,,,
sanyo_016,,2013-04-02T13:17:41.34,,4.097619638778269,0.1418362488038838,,,
sanyo_016,,2013-04-02T13:17:51.36,,4.097619638778269,0.1389995238278061,,,
sanyo_016,,2013-04-02T13:18:01.38,,4.097619638778269,0.1375811613397673,,,
sanyo_016,,2013-04-02T13:18:11.37,,4.097619638778269,0.1347444363636896,,,
sanyo_016,,2013-04-02T13:18:21.38,,4.096520098624751,0.1333260738756508,,,
sanyo_016,,2013-04-02T13:18:31.32,,4.097619638778269,0.1389995238278061,,,
sanyo_016,,2013-04-02T13:18:41.37,,4.097986152162775,0.1361627988517284,,,
sanyo_016,,2013-04-02T13:18:51.32,,4.097619638778269,0.1389995238278061,,,
sanyo_016,,2013-04-02T13:19:01.34,,4.097986152162775,0.1375811613397673,,,
sanyo_016,,2013-04-02T13:19:11.35,,4.097619638778269,0.140417886315845,,,
sanyo_016,,2013-04-02T13:19:21.36,,4.096886612009257,0.1319077113876119,,,
sanyo_016,,2013-04-02T13:19:31.37,,4.097619638778269,0.1347444363636896,,,
sanyo_016,,2013-04-02T13:19:41.36,,4.097619638778269,0.1347444363636896,,,
sanyo_016,,2013-04-02T13:19:51.37,,4.097986152162775,0.1347444363636896,,,
sanyo_016,,2013-04-02T13:20:01.32,,4.097619638778269,0.1333260738756508,,,
sanyo_016,,2013-04-02T13:20:11.33,,4.097619638778269,0.1361627988517284,,,
sanyo_016,,2013-04-02T13:20:21.32,,4.097619638778269,0.1333260738756508,,,
sanyo_016,,2013-04-02T13:20:31.32,,4.097619638778269,0.1319077113876119,,,
sanyo_016,,2013-04-02T13:20:41.33,,4.097986152162775,0.1304893488995731,,,
sanyo_016,,2013-04-02T13:20:51.38,,4.097253125393763,0.1290709864115343,,,
sanyo_016,,2013-04-02T13:21:01.36,,4.097619638778269,0.1276526239234954,,,
sanyo_016,,2013-04-02T13:21:11.36,,4.097619638778269,0.1248158989474177,,,
sanyo_016,,2013-04-02T13:21:21.38,,4.097619638778269,0.1233975364593789,,,
sanyo_016,,2013-04-02T13:21:31.33,,4.097619638778269,0.1248158989474177,,,
sanyo_016,,2013-04-02T13:21:41.32,,4.097619638778269,0.1262342614354566,,,
sanyo_016,,2013-04-02T13:21:51.33,,4.097619638778269,0.1205608114833012,,,
sanyo_016,,2013-04-02T13:22:01.35,,4.097619638778269,0.1205608114833012,,,
sanyo_016,,2013-04-02T13:22:11.35,,4.097619638778269,0.1233975364593789,,,
sanyo_016,,2013-04-02T13:22:21.37,,4.097986152162775,0.1219791739713401,,,
sanyo_016,,2013-04-02T13:22:31.37,,4.097619638778269,0.1205608114833012,,,
sanyo_016,,2013-04-02T13:22:41.37,,4.097619638778269,0.1177240865072236,,,
sanyo_016,,2013-04-02T13:22:51.37,,4.097986152162775,0.1177240865072236,,,
sanyo_016,,2013-04-02T13:23:01.38,,4.097619638778269,0.1148873615311459,,,
sanyo_016,,2013-04-02T13:23:11.33,,4.097619638778269,0.113468999043107,,,
sanyo_016,,2013-04-02T13:23:21.33,,4.097986152162775,0.113468999043107,,,
sanyo_016,,2013-04-02T13:23:31.33,,4.097619638778269,0.1163057240191847,,,
sanyo_016,,2013-04-02T13:23:41.33,,4.097986152162775,0.1177240865072236,,,
sanyo_016,,2013-04-02T13:23:51.34,,4.097253125393763,0.1148873615311459,,,
sanyo_016,,2013-04-02T13:23:57.65,,4.097986152162775,0.1092139115789905,,,
sanyo_016,,2013-04-02T13:24:01.37,,4.097619638778269,0.1120506365550682,,,
sanyo_016,,2013-04-02T13:24:11.37,,4.097619638778269,0.1077955490909517,,,
sanyo_016,,2013-04-02T13:24:21.36,,4.097619638778269,0.1077955490909517,,,
sanyo_016,,2013-04-02T13:24:31.35,,4.097619638778269,0.104958824114874,,,
sanyo_016,,2013-04-02T13:24:41.36,,4.097619638778269,0.1021220991387963,,,
sanyo_016,,2013-04-02T13:24:51.36,,4.097619638778269,0.0992853741627186,,,
sanyo_016,,2013-04-02T13:25:01.38,,4.097619638778269,0.1007037366507575,,,
sanyo_016,,2013-04-02T13:25:11.33,,4.097986152162775,0.1007037366507575,,,
sanyo_016,,2013-04-02T13:25:21.33,,4.097619638778269,0.1007037366507575,,,
sanyo_016,,2013-04-02T13:25:31.35,,4.097619638778269,0.1007037366507575,,,
sanyo_016,,2013-04-02T13:25:41.35,,4.097253125393763,0.0950302866986021,,,
sanyo_016,,2013-04-02T13:25:51.36,,4.097619638778269,0.0964486491866409,,,
sanyo_016,,2013-04-02T13:26:01.32,,4.097253125393763,0.0964486491866409,,,
sanyo_016,,2013-04-02T13:26:11.32,,4.097619638778269,0.0992853741627186,,,
sanyo_016,,2013-04-02T13:26:21.33,,4.097619638778269,0.0978670116746798,,,
sanyo_016,,2013-04-02T13:26:31.38,,4.097619638778269,0.0936119242105633,,,
sanyo_016,,2013-04-02T13:26:41.33,,4.097986152162775,0.0907751992344856,,,
sanyo_016,,2013-04-02T13:26:51.34,,4.097253125393763,0.0879384742584079,,,
sanyo_016,,2013-04-02T13:27:01.35,,4.097619638778269,0.0879384742584079,,,
sanyo_016,,2013-04-02T13:27:11.37,,4.097619638778269,0.0865201117703691,,,
sanyo_016,,2013-04-02T13:27:21.37,,4.097619638778269,0.0865201117703691,,,
sanyo_016,,2013-04-02T13:27:31.37,,4.097253125393763,0.0879384742584079,,,
sanyo_016,,2013-04-02T13:27:41.38,,4.097253125393763,0.0893568367464467,,,
sanyo_016,,2013-04-02T13:27:51.38,,4.097986152162775,0.0907751992344856,,,
sanyo_016,,2013-04-02T13:28:01.34,,4.097619638778269,0.0893568367464467,,,
sanyo_016,,2013-04-02T13:28:11.34,,4.097253125393763,0.0794282993301749,,,
sanyo_016,,2013-04-02T13:28:21.36,,4.097619638778269,0.0808466618182137,,,
sanyo_016,,2013-04-02T13:28:31.37,,4.097253125393763,0.0836833867942914,,,
sanyo_016,,2013-04-02T13:28:41.34,,4.097619638778269,0.0822650243062526,,,
sanyo_016,,2013-04-02T13:28:51.35,,4.097619638778269,0.0822650243062526,,,
sanyo_016,,2013-04-02T13:29:01.37,,4.097619638778269,0.0822650243062526,,,
sanyo_016,,2013-04-02T13:29:11.37,,4.097253125393763,0.0808466618182137,,,
sanyo_016,,2013-04-02T13:29:21.33,,4.097619638778269,0.0794282993301749,,,
sanyo_016,,2013-04-02T13:29:31.32,,4.097986152162775,0.0794282993301749,,,
sanyo_016,,2013-04-02T13:29:41.34,,4.097253125393763,0.0737548493780195,,,
sanyo_016,,2013-04-02T13:29:51.35,,4.097619638778269,0.0751732118660584,,,
sanyo_016,,2013-04-02T13:30:01.35,,4.097619638778269,0.0737548493780195,,,
sanyo_016,,2013-04-02T13:30:11.37,,4.097986152162775,0.0737548493780195,,,
sanyo_016,,2013-04-02T13:30:21.32,,4.097619638778269,0.0709181244019419,,,
sanyo_016,,2013-04-02T13:30:31.34,,4.097986152162775,0.0737548493780195,,,
sanyo_016,,2013-04-02T13:30:41.35,,4.097986152162775,0.0709181244019419,,,
sanyo_016,,2013-04-02T13:30:51.34,,4.097619638778269,0.0652446744497865,,,
sanyo_016,,2013-04-02T13:31:01.37,,4.097253125393763,0.0666630369378253,,,
sanyo_016,,2013-04-02T13:31:11.37,,4.097986152162775,0.0680813994258642,,,
sanyo_016,,2013-04-02T13:31:21.33,,4.097986152162775,0.0680813994258642,,,
sanyo_016,,2013-04-02T13:31:31.34,,4.097253125393763,0.0666630369378253,,,
sanyo_016,,2013-04-02T13:31:41.35,,4.097619638778269,0.0666630369378253,,,
sanyo_016,,2013-04-02T13:31:51.37,,4.097253125393763,0.0709181244019419,,,
sanyo_016,,2013-04-02T13:32:01.33,,4.097619638778269,0.069499761913903,,,
sanyo_016,,2013-04-02T13:32:11.36,,4.096886612009257,0.069499761913903,,,
sanyo_016,,2013-04-02T13:32:21.37,,4.097253125393763,0.0680813994258642,,,
sanyo_016,,2013-04-02T13:32:31.33,,4.097986152162775,0.0680813994258642,,,
sanyo_016,,2013-04-02T13:32:41.34,,4.097986152162775,0.0680813994258642,,,
sanyo_016,,2013-04-02T13:32:51.35,,4.097986152162775,0.0638263119617477,,,
sanyo_016,,2013-04-02T13:33:01.33,,4.097619638778269,0.06098958698567,,,
sanyo_016,,2013-04-02T13:33:11.34,,4.097619638778269,0.06098958698567,,,
sanyo_016,,2013-04-02T13:33:21.34,,4.097619638778269,0.06098958698567,,,
sanyo_016,,2013-04-02T13:33:31.35,,4.097619638778269,0.0709181244019419,,,
sanyo_016,,2013-04-02T13:33:38.87,,4.097619638778269,0.0581528620095923,,,
sanyo_016,,2013-04-02T13:33:41.37,,4.097253125393763,0.06098958698567,,,
sanyo_016,,2013-04-02T13:33:51.32,,4.097986152162775,0.0652446744497865,,,
sanyo_016,,2013-04-02T13:34:01.35,,4.097986152162775,0.0652446744497865,,,
sanyo_016,,2013-04-02T13:34:11.35,,4.097986152162775,0.0652446744497865,,,
sanyo_016,,2013-04-02T13:34:21.37,,4.097986152162775,0.0638263119617477,,,
sanyo_016,,2013-04-02T13:34:31.32,,4.097619638778269,0.0638263119617477,,,
sanyo_016,,2013-04-02T13:34:41.33,,4.097619638778269,0.0624079494737088,,,
sanyo_016,,2013-04-02T13:34:51.34,,4.097253125393763,0.0567344995215535,,,
sanyo_016,,2013-04-02T13:35:01.37,,4.097253125393763,0.0553161370335146,,,
sanyo_016,,2013-04-02T13:35:11.32,,4.097619638778269,0.06098958698567,,,
sanyo_016,,2013-04-02T13:35:21.33,,4.097986152162775,0.0595712244976311,,,
sanyo_016,,2013-04-02T13:35:31.34,,4.097619638778269,0.0595712244976311,,,
sanyo_016,,2013-04-02T13:35:41.34,,4.097986152162775,0.0638263119617477,,,
sanyo_016,,2013-04-02T13:35:51.35,,4.097986152162775,0.0624079494737088,,,
sanyo_016,,2013-04-02T13:36:01.37,,4.097619638778269,0.06098958698567,,,
sanyo_016,,2013-04-02T13:36:11.33,,4.097619638778269,0.06098958698567,,,
sanyo_016,,2013-04-02T13:36:21.34,,4.097986152162775,0.0666630369378253,,,
sanyo_016,,2013-04-02T13:36:31.35,,4.096886612009257,0.0652446744497865,,,
sanyo_016,,2013-04-02T13:36:41.37,,4.097619638778269,0.06098958698567,,,
sanyo_016,,2013-04-02T13:36:51.37,,4.096886612009257,0.0595712244976311,,,
sanyo_016,,2013-04-02T13:37:01.32,,4.097619638778269,0.0595712244976311,,,
sanyo_016,,2013-04-02T13:37:11.35,,4.097986152162775,0.0581528620095923,,,
sanyo_016,,2013-04-02T13:37:21.36,,4.097253125393763,0.0538977745454758,,,
sanyo_016,,2013-04-02T13:37:31.32,,4.097253125393763,0.0567344995215535,,,
sanyo_016,,2013-04-02T13:37:41.33,,4.097253125393763,0.0595712244976311,,,
sanyo_016,,2013-04-02T13:37:51.34,,4.097619638778269,0.06098958698567,,,
sanyo_016,,2013-04-02T13:38:01.35,,4.097986152162775,0.0567344995215535,,,
sanyo_016,,2013-04-02T13:38:11.36,,4.097986152162775,0.0567344995215535,,,
sanyo_016,,2013-04-02T13:38:21.32,,4.097619638778269,0.0567344995215535,,,
sanyo_016,,2013-04-02T13:38:31.32,,4.097619638778269,0.0581528620095923,,,
sanyo_016,,2013-04-02T13:38:41.34,,4.097986152162775,0.0595712244976311,,,
sanyo_016,,2013-04-02T13:38:51.34,,4.097619638778269,0.0553161370335146,,,
sanyo_016,,2013-04-02T13:39:01.35,,4.097619638778269,0.0595712244976311,,,
sanyo_016,,2013-04-02T13:39:11.36,,4.098352665547282,0.0581528620095923,,,
sanyo_016,,2013-04-02T13:39:21.37,,4.096886612009257,0.0496426870813593,,,
sanyo_016,,2013-04-02T13:39:31.34,,4.097619638778269,0.052479412057437,,,
sanyo_016,,2013-04-02T13:39:41.34,,4.097986152162775,0.0553161370335146,,,
sanyo_016,,2013-04-02T13:39:51.34,,4.097619638778269,0.0553161370335146,,,
sanyo_016,,2013-04-02T13:40:01.35,,4.097619638778269,0.0468059621052816,,,
sanyo_016,,2013-04-02T13:40:11.37,,4.097253125393763,0.052479412057437,,,
sanyo_016,,2013-04-02T13:40:21.37,,4.097986152162775,0.052479412057437,,,
sanyo_016,,2013-04-02T13:40:31.34,,4.097619638778269,0.0538977745454758,,,
sanyo_016,,2013-04-02T13:40:41.35,,4.097986152162775,0.0510610495693981,,,
sanyo_016,,2013-04-02T13:40:51.37,,4.097253125393763,0.0468059621052816,,,
sanyo_016,,2013-04-02T13:41:01.32,,4.097619638778269,0.0510610495693981,,,
sanyo_016,,2013-04-02T13:41:11.34,,4.097253125393763,0.052479412057437,,,
sanyo_016,,2013-04-02T13:41:21.33,,4.097619638778269,0.0496426870813593,,,
sanyo_016,,2013-04-02T13:41:31.33,,4.097986152162775,0.0482243245933204,,,
sanyo_016,,2013-04-02T13:41:41.32,,4.097619638778269,0.0496426870813593,,,
sanyo_016,,2013-04-02T13:41:51.32,,4.097619638778269,0.0510610495693981,,,
sanyo_016,,2013-04-02T13:42:01.32,,4.097986152162775,0.052479412057437,,,
sanyo_016,,2013-04-02T13:42:11.32,,4.097986152162775,0.0468059621052816,,,
sanyo_016,,2013-04-02T13:42:21.32,,4.097253125393763,0.0468059621052816,,,
sanyo_016,,2013-04-02T13:42:31.32,,4.097619638778269,0.0453875996172428,,,
sanyo_016,,2013-04-02T13:42:41.33,,4.097986152162775,0.0453875996172428,,,
sanyo_016,,2013-04-02T13:42:51.33,,4.097619638778269,0.0439692371292039,,,
sanyo_016,,2013-04-02T13:43:01.33,,4.097619638778269,0.0496426870813593,,,
sanyo_016,,2013-04-02T13:43:11.33,,4.097619638778269,0.0453875996172428,,,
sanyo_016,,2013-04-02T13:43:21.37,,4.097619638778269,0.0439692371292039,,,
sanyo_016,,2013-04-02T13:43:31.35,,4.097619638778269,0.0439692371292039,,,
sanyo_016,,2013-04-02T13:43:41.34,,4.097619638778269,0.0439692371292039,,,
sanyo_016,,2013-04-02T13:43:51.36,,4.097619638778269,0.0453875996172428,,,
sanyo_016,,2013-04-02T13:44:01.36,,4.097619638778269,0.0425508746411651,,,
sanyo_016,,2013-04-02T13:44:11.35,,4.097986152162775,0.0439692371292039,,,
sanyo_016,,2013-04-02T13:44:21.35,,4.097986152162775,0.0439692371292039,,,
sanyo_016,,2013-04-02T13:44:31.33,,4.097619638778269,0.0439692371292039,,,
sanyo_016,,2013-04-02T13:44:41.36,,4.097986152162775,0.0453875996172428,,,
sanyo_016,,2013-04-02T13:44:46.92,,4.097986152162775,0.0411325121531263,,,
sanyo_016,,2013-04-02T13:44:47.06,,4.097619638778269,0.0,,,
sanyo_016,,2013-04-02T13:44:51.51,,4.095054045086727,0.0,,,
sanyo_016,,2013-04-02T13:45:01.49,,4.093587991548702,0.0,,,
sanyo_016,,2013-04-02T13:45:11.48,,4.094321018317714,0.0,,,
sanyo_016,,2013-04-02T13:45:21.47,,4.093587991548702,0.0,,,
sanyo_016,,2013-04-02T13:45:31.49,,4.093954504933208,0.0,,,
sanyo_016,,2013-04-02T13:45:41.46,,4.093221478164196,0.0,,,
sanyo_016,,2013-04-02T13:45:51.49,,4.093587991548702,0.0,,,
sanyo_016,,2013-04-02T13:46:01.47,,4.093587991548702,0.0,,,
sanyo_016,,2013-04-02T13:46:11.5,,4.09285496477969,0.0,,,
sanyo_016,,2013-04-02T13:46:21.47,,4.09285496477969,0.0,,,
sanyo_016,,2013-04-02T13:46:31.5,,4.093221478164196,0.0,,,
sanyo_016,,2013-04-02T13:46:41.49,,4.09285496477969,0.0,,,
sanyo_016,,2013-04-02T13:46:51.48,,4.092121938010678,0.0,,,
sanyo_016,,2013-04-02T13:47:01.46,,4.092488451395184,0.0,,,
sanyo_016,,2013-04-02T13:47:11.5,,4.09285496477969,0.0,,,
sanyo_016,,2013-04-02T13:47:21.47,,4.092488451395184,0.0,,,
sanyo_016,,2013-04-02T13:47:31.49,,4.092488451395184,0.0,,,
sanyo_016,,2013-04-02T13:47:41.49,,4.092121938010678,0.0,,,
sanyo_016,,2013-04-02T13:47:51.51,,4.091755424626172,0.0,,,
sanyo_016,,2013-04-02T13:48:01.47,,4.092121938010678,0.0,,,
sanyo_016,,2013-04-02T13:48:11.5,,4.091755424626172,0.0,,,
sanyo_016,,2013-04-02T13:48:21.48,,4.092121938010678,0.0,,,
sanyo_016,,2013-04-02T13:48:31.49,,4.091755424626172,0.0,,,
sanyo_016,,2013-04-02T13:48:41.5,,4.091022397857159,0.0,,,
sanyo_016,,2013-04-02T13:48:51.47,,4.091388911241666,0.0,,,
sanyo_016,,2013-04-02T13:49:01.49,,4.091388911241666,0.0,,,
sanyo_016,,2013-04-02T13:49:11.46,,4.091388911241666,0.0,,,
sanyo_016,,2013-04-02T13:49:21.47,,4.091388911241666,0.0,,,
sanyo_016,,2013-04-02T13:49:31.49,,4.091022397857159,0.0,,,
sanyo_016,,2013-04-02T13:49:41.48,,4.091388911241666,0.0,,,
sanyo_016,,2013-04-02T13:49:51.46,,4.091388911241666,0.0,,,
sanyo_016,,2013-04-02T13:50:01.48,,4.090655884472653,0.0,,,
sanyo_016,,2013-04-02T13:50:11.46,,4.090289371088147,0.0,,,
sanyo_016,,2013-04-02T13:50:21.47,,4.090289371088147,0.0,,,
sanyo_016,,2013-04-02T13:50:31.48,,4.090289371088147,0.0,,,
sanyo_016,,2013-04-02T13:50:41.51,,4.090289371088147,0.0,,,
sanyo_016,,2013-04-02T13:50:51.46,,4.090289371088147,0.0,,,
sanyo_016,,2013-04-02T13:51:01.48,,4.090289371088147,0.0,,,
sanyo_016,,2013-04-02T13:51:11.5,,4.089922857703641,0.0,,,
sanyo_016,,2013-04-02T13:51:21.46,,4.090655884472653,0.0,,,
sanyo_016,,2013-04-02T13:51:31.48,,4.089556344319135,0.0,,,
sanyo_016,,2013-04-02T13:51:41.49,,4.089922857703641,0.0,,,
sanyo_016,,2013-04-02T13:51:51.5,,4.089556344319135,0.0,,,
sanyo_016,,2013-04-02T13:52:01.48,,4.089922857703641,0.0,,,
sanyo_016,,2013-04-02T13:52:11.5,,4.088823317550123,0.0,,,
sanyo_016,,2013-04-02T13:52:21.47,,4.089556344319135,0.0,,,
sanyo_016,,2013-04-02T13:52:31.48,,4.089556344319135,0.0,,,
sanyo_016,,2013-04-02T13:52:41.49,,4.089189830934629,0.0,,,
sanyo_016,,2013-04-02T13:52:51.45,,4.089189830934629,0.0,,,
sanyo_016,,2013-04-02T13:53:01.47,,4.089189830934629,0.0,,,
sanyo_016,,2013-04-02T13:53:11.49,,4.088823317550123,0.0,,,
sanyo_016,,2013-04-02T13:53:21.5,,4.089189830934629,0.0,,,
sanyo_016,,2013-04-02T13:53:31.46,,4.088456804165617,0.0,,,
sanyo_016,,2013-04-02T13:53:41.46,,4.088823317550123,0.0,,,
sanyo_016,,2013-04-02T13:53:51.47,,4.089189830934629,0.0,,,
sanyo_016,,2013-04-02T13:54:01.48,,4.088823317550123,0.0,,,
sanyo_016,,2013-04-02T13:54:11.49,,4.088823317550123,0.0,,,
sanyo_016,,2013-04-02T13:54:21.48,,4.089189830934629,0.0,,,
sanyo_016,,2013-04-02T13:54:31.5,,4.089189830934629,0.0,,,
sanyo_016,,2013-04-02T13:54:41.49,,4.088823317550123,0.0,,,
sanyo_016,,2013-04-02T13:54:51.5,,4.088090290781111,0.0,,,
sanyo_016,,2013-04-02T13:55:01.49,,4.088823317550123,0.0,,,
sanyo_016,,2013-04-02T13:55:11.5,,4.088456804165617,0.0,,,
sanyo_016,,2013-04-02T13:55:21.46,,4.088823317550123,0.0,,,
sanyo_016,,2013-04-02T13:55:31.47,,4.088823317550123,0.0,,,
sanyo_016,,2013-04-02T13:55:41.47,,4.088823317550123,0.0,,,
sanyo_016,,2013-04-02T13:55:51.46,,4.088090290781111,0.0,,,
sanyo_016,,2013-04-02T13:55:54.41,,4.087357264012098,0.0,,,
sanyo_016,,2013-04-02T13:56:01.49,,4.088090290781111,0.0,,,
sanyo_016,,2013-04-02T13:56:11.49,,4.088090290781111,0.0,,,
sanyo_016,,2013-04-02T13:56:21.47,,4.088090290781111,0.0,,,
sanyo_016,,2013-04-02T13:56:31.46,,4.088456804165617,0.0,,,
sanyo_016,,2013-04-02T13:56:41.49,,4.088090290781111,0.0,,,
sanyo_016,,2013-04-02T13:56:51.48,,4.088090290781111,0.0,,,
sanyo_016,,2013-04-02T13:57:01.47,,4.088456804165617,0.0,,,
sanyo_016,,2013-04-02T13:57:11.5,,4.088090290781111,0.0,,,
sanyo_016,,2013-04-02T13:57:21.49,,4.088090290781111,0.0,,,
sanyo_016,,2013-04-02T13:57:31.46,,4.088090290781111,0.0,,,
sanyo_016,,2013-04-02T13:57:41.48,,4.088090290781111,0.0,,,
sanyo_016,,2013-04-02T13:57:51.46,,4.087723777396604,0.0,,,
sanyo_016,,2013-04-02T13:58:01.49,,4.088090290781111,0.0,,,
sanyo_016,,2013-04-02T13:58:11.48,,4.087723777396604,0.0,,,
sanyo_016,,2013-04-02T13:58:21.47,,4.088090290781111,0.0,,,
sanyo_016,,2013-04-02T13:58:31.49,,4.088090290781111,0.0,,,
sanyo_016,,2013-04-02T13:58:41.48,,4.088090290781111,0.0,,,
sanyo_016,,2013-04-02T13:58:51.48,,4.087723777396604,0.0,,,
sanyo_016,,2013-04-02T13:58:55.86,,4.087357264012098,0.0,,,
sanyo_016,,2013-04-02T13:58:56.19,,4.047342977282824,-1.019245538627729,,,
sanyo_016,,2013-04-02T13:58:56.27,,4.004453825182281,-1.983128158026375,,,
sanyo_016,,2013-04-02T13:58:56.27,,4.004453825182281,-1.983128158026375,,,
sanyo_016,,2013-04-02T13:58:56.33,,4.000054937787354,-2.049847573507577,,,
sanyo_016,,2013-04-02T13:58:57.19,,3.99382318064454,-2.048428011476062,,,
sanyo_016,,2013-04-02T13:59:00.13,,3.983559110056376,-2.049847573507577,,,
sanyo_016,,2013-04-02T13:59:01.81,,3.980626518459758,-2.049847573507577,,,
sanyo_016,,2013-04-02T13:59:04.68,,3.973295039468212,-2.048428011476062,,,
sanyo_016,,2013-04-02T13:59:11.04,,3.963030968880048,-2.048428011476062,,,
sanyo_016,,2013-04-02T13:59:11.8,,3.962664394930471,-2.049847573507577,,,
sanyo_016,,2013-04-02T13:59:18.26,,3.952766898291884,-2.051267135539092,,,
sanyo_016,,2013-04-02T13:59:21.84,,3.950200880644843,-2.045588887413032,,,
sanyo_016,,2013-04-02T13:59:29.33,,3.94250282770372,-2.048428011476062,,,
sanyo_016,,2013-04-02T13:59:31.83,,3.939936810056679,-2.049847573507577,,,
sanyo_016,,2013-04-02T13:59:40.09,,3.932238757115556,-2.051267135539092,,,
sanyo_016,,2013-04-02T13:59:41.82,,3.930772461317247,-2.048428011476062,,,
sanyo_016,,2013-04-02T13:59:51.83,,3.924174130224856,-2.048428011476062,,,
sanyo_016,,2013-04-02T13:59:54.21,,3.921974686527392,-2.049847573507577,,,
sanyo_016,,2013-04-02T14:00:01.81,,3.917209225182887,-2.049847573507577,,,
sanyo_016,,2013-04-02T14:00:08.17,,3.911344041989651,-2.048428011476062,,,
sanyo_016,,2013-04-02T14:00:11.81,,3.910610894090496,-2.048428011476062,,,
sanyo_016,,2013-04-02T14:00:21.79,,3.904379136947682,-2.045588887413032,,,
sanyo_016,,2013-04-02T14:00:27.06,,3.901079971401487,-2.049847573507577,,,
sanyo_016,,2013-04-02T14:00:31.84,,3.898147379804868,-2.055525821633637,,,
sanyo_016,,2013-04-02T14:00:41.83,,3.893748492409941,-2.048428011476062,,,
sanyo_016,,2013-04-02T14:00:46.67,,3.890815900813323,-2.048428011476062,,,
sanyo_016,,2013-04-02T14:00:51.81,,3.888249883166282,-2.044169325381517,,,
sanyo_016,,2013-04-02T14:01:01.84,,3.883484421821777,-2.048428011476062,,,
sanyo_016,,2013-04-02T14:01:06.98,,3.880551830225159,-2.048428011476062,,,
sanyo_016,,2013-04-02T14:01:11.84,,3.878352386527695,-2.048428011476062,,,
sanyo_016,,2013-04-02T14:01:21.83,,3.87358692518319,-2.049847573507577,,,
sanyo_016,,2013-04-02T14:01:28.54,,3.870287759636995,-2.051267135539092,,,
sanyo_016,,2013-04-02T14:01:31.82,,3.869921185687417,-2.048428011476062,,,
sanyo_016,,2013-04-02T14:01:41.8,,3.865155724342912,-2.048428011476062,,,
sanyo_016,,2013-04-02T14:01:51.8,,3.86002368904883,-2.049847573507577,,,
sanyo_016,,2013-04-02T14:01:51.8,,3.86002368904883,-2.049847573507577,,,
sanyo_016,,2013-04-02T14:02:01.84,,3.855624801653903,-2.051267135539092,,,
sanyo_016,,2013-04-02T14:02:11.84,,3.85195906215813,-2.045588887413032,,,
sanyo_016,,2013-04-02T14:02:15.27,,3.849759618460666,-2.049847573507577,,,
sanyo_016,,2013-04-02T14:02:21.83,,3.847560174763203,-2.048428011476062,,,
sanyo_016,,2013-04-02T14:02:31.82,,3.84389443526743,-2.048428011476062,,,
sanyo_016,,2013-04-02T14:02:41.04,,3.839495547872502,-2.049847573507577,,,
sanyo_016,,2013-04-02T14:02:41.81,,3.839128973922925,-2.049847573507577,,,
sanyo_016,,2013-04-02T14:02:51.8,,3.835463234427152,-2.049847573507577,,,
sanyo_016,,2013-04-02T14:03:01.83,,3.831430920981802,-2.049847573507577,,,
sanyo_016,,2013-04-02T14:03:05.38,,3.829231477284338,-2.051267135539092,,,
sanyo_016,,2013-04-02T14:03:11.83,,3.827032033586875,-2.052686697570607,,,
sanyo_016,,2013-04-02T14:03:21.83,,3.822999720141524,-2.048428011476062,,,
sanyo_016,,2013-04-02T14:03:31.16,,3.818967406696174,-2.048428011476062,,,
sanyo_016,,2013-04-02T14:03:31.82,,3.818600832746597,-2.049847573507577,,,
sanyo_016,,2013-04-02T14:03:41.82,,3.815301667200401,-2.049847573507577,,,
sanyo_016,,2013-04-02T14:03:51.81,,3.811269353755051,-2.049847573507577,,,
sanyo_016,,2013-04-02T14:03:56.55,,3.80870333610801,-2.049847573507577,,,
sanyo_016,,2013-04-02T14:04:01.79,,3.807237040309701,-2.048428011476062,,,
sanyo_016,,2013-04-02T14:04:11.79,,3.803204726864351,-2.054106259602122,,,
sanyo_016,,2013-04-02T14:04:21.84,,3.799538987368578,-2.048428011476062,,,
sanyo_016,,2013-04-02T14:04:23.91,,3.798439265519846,-2.049847573507577,,,
sanyo_016,,2013-04-02T14:04:31.83,,3.795506673923228,-2.049847573507577,,,
sanyo_016,,2013-04-02T14:04:41.81,,3.791474360477878,-2.049847573507577,,,
sanyo_016,,2013-04-02T14:04:50.49,,3.787808620982105,-2.049847573507577,,,
sanyo_016,,2013-04-02T14:04:51.8,,3.787808620982105,-2.049847573507577,,,
sanyo_016,,2013-04-02T14:05:01.84,,3.784509455435909,-2.049847573507577,,,
sanyo_016,,2013-04-02T14:05:11.79,,3.781210289889714,-2.049847573507577,,,
sanyo_016,,2013-04-02T14:05:19.75,,3.777544550393941,-2.048428011476062,,,
sanyo_016,,2013-04-02T14:05:21.83,,3.777177976444364,-2.049847573507577,,,
sanyo_016,,2013-04-02T14:05:31.82,,3.773878810898168,-2.048428011476062,,,
sanyo_016,,2013-04-02T14:05:41.81,,3.769846497452818,-2.048428011476062,,,
sanyo_016,,2013-04-02T14:05:47.97,,3.767280479805777,-2.048428011476062,,,
sanyo_016,,2013-04-02T14:05:51.8,,3.765814184007468,-2.049847573507577,,,
sanyo_016,,2013-04-02T14:06:01.79,,3.762515018461272,-2.049847573507577,,,
sanyo_016,,2013-04-02T14:06:11.84,,3.758849278965499,-2.048428011476062,,,
sanyo_016,,2013-04-02T14:06:15.34,,3.757016409217613,-2.048428011476062,,,
sanyo_016,,2013-04-02T14:06:21.83,,3.755183539469726,-2.049847573507577,,,
sanyo_016,,2013-04-02T14:06:31.82,,3.751884373923531,-2.048428011476062,,,
sanyo_016,,2013-04-02T14:06:41.81,,3.747852060478181,-2.049847573507577,,,
sanyo_016,,2013-04-02T14:06:43.66,,3.746752338629449,-2.049847573507577,,,
sanyo_016,,2013-04-02T14:06:51.79,,3.744186320982408,-2.048428011476062,,,
sanyo_016,,2013-04-02T14:07:01.84,,3.740887155436212,-2.049847573507577,,,
sanyo_016,,2013-04-02T14:07:11.84,,3.737587989890017,-2.049847573507577,,,
sanyo_016,,2013-04-02T14:07:12.28,,3.736488268041285,-2.049847573507577,,,
sanyo_016,,2013-04-02T14:07:21.83,,3.733922250394244,-2.049847573507577,,,
sanyo_016,,2013-04-02T14:07:31.82,,3.730989658797626,-2.049847573507577,,,
sanyo_016,,2013-04-02T14:07:41.59,,3.726224197453121,-2.049847573507577,,,
sanyo_016,,2013-04-02T14:07:41.81,,3.726590771402698,-2.049847573507577,,,
sanyo_016,,2013-04-02T14:07:51.81,,3.722558457957348,-2.048428011476062,,,
sanyo_016,,2013-04-02T14:08:01.81,,3.719992440310307,-2.048428011476062,,,
sanyo_016,,2013-04-02T14:08:11.81,,3.716693274764111,-2.049847573507577,,,
sanyo_016,,2013-04-02T14:08:11.97,,3.715960126864957,-2.049847573507577,,,
sanyo_016,,2013-04-02T14:08:21.79,,3.713027535268338,-2.049847573507577,,,
sanyo_016,,2013-04-02T14:08:31.84,,3.708995221822988,-2.048428011476062,,,
sanyo_016,,2013-04-02T14:08:41.82,,3.706795778125525,-2.048428011476062,,,
sanyo_016,,2013-04-02T14:08:42.43,,3.705696056276793,-2.048428011476062,,,
sanyo_016,,2013-04-02T14:08:51.81,,3.702396890730597,-2.049847573507577,,,
sanyo_016,,2013-04-02T14:09:01.84,,3.698731151234824,-2.049847573507577,,,
sanyo_016,,2013-04-02T14:09:11.8,,3.695798559638206,-2.048428011476062,,,
sanyo_016,,2013-04-02T14:09:12.23,,3.695431985688629,-2.048428011476062,,,
sanyo_016,,2013-04-02T14:09:21.79,,3.692865968041588,-2.049847573507577,,,
sanyo_016,,2013-04-02T14:09:31.79,,3.689200228545815,-2.048428011476062,,,
sanyo_016,,2013-04-02T14:09:41.73,,3.684801341150887,-2.049847573507577,,,
sanyo_016,,2013-04-02T14:09:41.84,,3.685167915100465,-2.048428011476062,,,
sanyo_016,,2013-04-02T14:09:51.81,,3.682601897453424,-2.049847573507577,,,
sanyo_016,,2013-04-02T14:10:01.83,,3.679302731907228,-2.049847573507577,,,
sanyo_016,,2013-04-02T14:10:11.81,,3.676003566361032,-2.049847573507577,,,
sanyo_016,,2013-04-02T14:10:13.59,,3.674537270562723,-2.049847573507577,,,
sanyo_016,,2013-04-02T14:10:21.81,,3.671971252915682,-2.049847573507577,,,
sanyo_016,,2013-04-02T14:10:31.8,,3.669405235268641,-2.047008449444547,,,
sanyo_016,,2013-04-02T14:10:41.83,,3.665372921823291,-2.055525821633637,,,
sanyo_016,,2013-04-02T14:10:44.14,,3.664273199974559,-2.048428011476062,,,
sanyo_016,,2013-04-02T14:10:51.82,,3.662440330226673,-2.051267135539092,,,
sanyo_016,,2013-04-02T14:11:01.79,,3.659141164680477,-2.049847573507577,,,
sanyo_016,,2013-04-02T14:11:11.8,,3.656208573083859,-2.049847573507577,,,
sanyo_016,,2013-04-02T14:11:16.45,,3.654009129386395,-2.049847573507577,,,
sanyo_016,,2013-04-02T14:11:21.84,,3.652542833588086,-2.048428011476062,,,
sanyo_016,,2013-04-02T14:11:31.82,,3.649610241991468,-2.048428011476062,,,
sanyo_016,,2013-04-02T14:11:41.8,,3.64667765039485,-2.048428011476062,,,
sanyo_016,,2013-04-02T14:11:47.64,,3.643745058798231,-2.049847573507577,,,
sanyo_016,,2013-04-02T14:11:51.79,,3.643378484848654,-2.049847573507577,,,
sanyo_016,,2013-04-02T14:12:01.82,,3.640445893252036,-2.048428011476062,,,
sanyo_016,,2013-04-02T14:12:11.82,,3.63714672770584,-2.049847573507577,,,
sanyo_016,,2013-04-02T14:12:21.57,,3.633480988210067,-2.048428011476062,,,
sanyo_016,,2013-04-02T14:12:21.79,,3.633847562159644,-2.048428011476062,,,
sanyo_016,,2013-04-02T14:12:31.83,,3.630914970563026,-2.048428011476062,,,
sanyo_016,,2013-04-02T14:12:41.82,,3.627982378966408,-2.045588887413032,,,
sanyo_016,,2013-04-02T14:12:51.84,,3.624683213420212,-2.049847573507577,,,
sanyo_016,,2013-04-02T14:12:53.19,,3.623216917621903,-2.048428011476062,,,
sanyo_016,,2013-04-02T14:13:01.83,,3.621384047874017,-2.049847573507577,,,
sanyo_016,,2013-04-02T14:13:11.83,,3.618084882327821,-2.049847573507577,,,
sanyo_016,,2013-04-02T14:13:21.81,,3.615885438630357,-2.049847573507577,,,
sanyo_016,,2013-04-02T14:13:28.46,,3.612952847033739,-2.049847573507577,,,
sanyo_016,,2013-04-02T14:13:31.8,,3.612219699134585,-2.045588887413032,,,
sanyo_016,,2013-04-02T14:13:41.83,,3.609287107537966,-2.049847573507577,,,
sanyo_016,,2013-04-02T14:13:51.81,,3.606721089890925,-2.048428011476062,,,
sanyo_016,,2013-04-02T14:14:01.8,,3.603788498294307,-2.048428011476062,,,
sanyo_016,,2013-04-02T14:14:03.89,,3.602688776445575,-2.049847573507577,,,
sanyo_016,,2013-04-02T14:14:11.84,,3.600489332748111,-2.049847573507577,,,
sanyo_016,,2013-04-02T14:14:21.82,,3.59792331510107,-2.048428011476062,,,
sanyo_016,,2013-04-02T14:14:31.84,,3.594624149554875,-2.049847573507577,,,
sanyo_016,,2013-04-02T14:14:38.07,,3.592424705857411,-2.054106259602122,,,
sanyo_016,,2013-04-02T14:14:41.82,,3.591324984008679,-2.051267135539092,,,
sanyo_016,,2013-04-02T14:14:51.81,,3.588758966361638,-2.052686697570607,,,
sanyo_016,,2013-04-02T14:15:01.84,,3.586192948714597,-2.049847573507577,,,
sanyo_016,,2013-04-02T14:15:11.84,,3.583626931067556,-2.048428011476062,,,
sanyo_016,,2013-04-02T14:15:15.46,,3.582160635269247,-2.049847573507577,,,
sanyo_016,,2013-04-02T14:15:21.81,,3.580694339470938,-2.049847573507577,,,
sanyo_016,,2013-04-02T14:15:31.84,,3.578128321823897,-2.048428011476062,,,
sanyo_016,,2013-04-02T14:15:41.83,,3.575195730227279,-2.048428011476062,,,
sanyo_016,,2013-04-02T14:15:50.15,,3.571896564681083,-2.048428011476062,,,
sanyo_016,,2013-04-02T14:15:51.8,,3.572629712580238,-2.048428011476062,,,
sanyo_016,,2013-04-02T14:16:01.83,,3.569697120983619,-2.048428011476062,,,
sanyo_016,,2013-04-02T14:16:11.83,,3.567497677286156,-2.049847573507577,,,
sanyo_016,,2013-04-02T14:16:21.8,,3.564931659639115,-2.048428011476062,,,
sanyo_016,,2013-04-02T14:16:30.74,,3.561632494092919,-2.049847573507577,,,
sanyo_016,,2013-04-02T14:16:31.82,,3.561999068042496,-2.051267135539092,,,
sanyo_016,,2013-04-02T14:16:41.81,,3.559433050395455,-2.051267135539092,,,
sanyo_016,,2013-04-02T14:16:51.84,,3.556867032748414,-2.049847573507577,,,
sanyo_016,,2013-04-02T14:17:01.83,,3.553934441151796,-2.049847573507577,,,
sanyo_016,,2013-04-02T14:17:10.23,,3.551368423504755,-2.051267135539092,,,
sanyo_016,,2013-04-02T14:17:11.83,,3.551368423504755,-2.049847573507577,,,
sanyo_016,,2013-04-02T14:17:21.82,,3.549168979807291,-2.048428011476062,,,
sanyo_016,,2013-04-02T14:17:31.8,,3.54660296216025,-2.048428011476062,,,
sanyo_016,,2013-04-02T14:17:41.83,,3.543670370563632,-2.049847573507577,,,
sanyo_016,,2013-04-02T14:17:51.82,,3.541470926866168,-2.048428011476062,,,
sanyo_016,,2013-04-02T14:17:52.05,,3.541104352916591,-2.049847573507577,,,
sanyo_016,,2013-04-02T14:18:01.8,,3.538904909219127,-2.049847573507577,,,
sanyo_016,,2013-04-02T14:18:11.84,,3.536705465521663,-2.049847573507577,,,
sanyo_016,,2013-04-02T14:18:21.84,,3.534872595773777,-2.048428011476062,,,
sanyo_016,,2013-04-02T14:18:31.82,,3.531940004177159,-2.049847573507577,,,
sanyo_016,,2013-04-02T14:18:34.26,,3.530840282328427,-2.051267135539092,,,
sanyo_016,,2013-04-02T14:18:41.8,,3.529373986530118,-2.049847573507577,,,
sanyo_016,,2013-04-02T14:18:51.8,,3.527541116782231,-2.048428011476062,,,
sanyo_016,,2013-04-02T14:19:01.84,,3.524608525185613,-2.055525821633637,,,
sanyo_016,,2013-04-02T14:19:11.82,,3.522409081488149,-2.049847573507577,,,
sanyo_016,,2013-04-02T14:19:18.31,,3.520576211740263,-2.049847573507577,,,
sanyo_016,,2013-04-02T14:19:21.79,,3.519843063841108,-2.049847573507577,,,
sanyo_016,,2013-04-02T14:19:31.83,,3.518010194093222,-2.049847573507577,,,
sanyo_016,,2013-04-02T14:19:41.79,,3.516177324345335,-2.049847573507577,,,
sanyo_016,,2013-04-02T14:19:51.84,,3.51287815879914,-2.049847573507577,,,
sanyo_016,,2013-04-02T14:20:01.81,,3.511045289051253,-2.052686697570607,,,
sanyo_016,,2013-04-02T14:20:01.93,,3.510312141152099,-2.052686697570607,,,
sanyo_016,,2013-04-02T14:20:11.81,,3.508479271404212,-2.047008449444547,,,
sanyo_016,,2013-04-02T14:20:21.84,,3.506646401656326,-2.047008449444547,,,
sanyo_016,,2013-04-02T14:20:31.81,,3.503713810059708,-2.055525821633637,,,
sanyo_016,,2013-04-02T14:20:41.83,,3.502247514261399,-2.051267135539092,,,
sanyo_016,,2013-04-02T14:20:50.04,,3.500048070563935,-2.049847573507577,,,
sanyo_016,,2013-04-02T14:20:51.81,,3.500048070563935,-2.051267135539092,,,
sanyo_016,,2013-04-02T14:21:01.84,,3.497482052916894,-2.049847573507577,,,
sanyo_016,,2013-04-02T14:21:11.82,,3.495649183169007,-2.051267135539092,,,
sanyo_016,,2013-04-02T14:21:21.8,,3.493816313421121,-2.048428011476062,,,
sanyo_016,,2013-04-02T14:21:31.84,,3.491616869723657,-2.045588887413032,,,
sanyo_016,,2013-04-02T14:21:38.67,,3.489417426026193,-2.049847573507577,,,
sanyo_016,,2013-04-02T14:21:41.8,,3.489417426026193,-2.048428011476062,,,
sanyo_016,,2013-04-02T14:21:51.84,,3.487584556278307,-2.048428011476062,,,
sanyo_016,,2013-04-02T14:22:01.8,,3.485751686530421,-2.049847573507577,,,
sanyo_016,,2013-04-02T14:22:11.8,,3.48318566888338,-2.048428011476062,,,
sanyo_016,,2013-04-02T14:22:21.82,,3.481352799135493,-2.048428011476062,,,
sanyo_016,,2013-04-02T14:22:31.17,,3.479153355438029,-2.052686697570607,,,
sanyo_016,,2013-04-02T14:22:31.8,,3.479153355438029,-2.048428011476062,,,
sanyo_016,,2013-04-02T14:22:41.82,,3.477320485690143,-2.047008449444547,,,
sanyo_016,,2013-04-02T14:22:51.79,,3.475487615942257,-2.048428011476062,,,
sanyo_016,,2013-04-02T14:23:01.84,,3.47365474619437,-2.049847573507577,,,
sanyo_016,,2013-04-02T14:23:11.82,,3.471455302496906,-2.051267135539092,,,
sanyo_016,,2013-04-02T14:23:21.8,,3.46962243274902,-2.048428011476062,,,
sanyo_016,,2013-04-02T14:23:23.17,,3.468889284849865,-2.052686697570607,,,
sanyo_016,,2013-04-02T14:23:31.84,,3.467789563001134,-2.049847573507577,,,
sanyo_016,,2013-04-02T14:23:41.81,,3.46559011930367,-2.048428011476062,,,
sanyo_016,,2013-04-02T14:23:51.83,,3.463757249555783,-2.049847573507577,,,
sanyo_016,,2013-04-02T14:24:01.82,,3.46155780585832,-2.052686697570607,,,
sanyo_016,,2013-04-02T14:24:11.82,,3.459724936110433,-2.047008449444547,,,
sanyo_016,,2013-04-02T14:24:14.15,,3.458625214261701,-2.054106259602122,,,
sanyo_016,,2013-04-02T14:24:21.8,,3.457892066362547,-2.048428011476062,,,
sanyo_016,,2013-04-02T14:24:31.82,,3.45605919661466,-2.049847573507577,,,
sanyo_016,,2013-04-02T14:24:41.81,,3.454226326866774,-2.048428011476062,,,
sanyo_016,,2013-04-02T14:24:51.84,,3.45202688316931,-2.045588887413032,,,
sanyo_016,,2013-04-02T14:25:01.82,,3.449827439471846,-2.048428011476062,,,
sanyo_016,,2013-04-02T14:25:06.32,,3.448361143673537,-2.049847573507577,,,
sanyo_016,,2013-04-02T14:25:11.81,,3.44799456972396,-2.049847573507577,,,
sanyo_016,,2013-04-02T14:25:21.84,,3.445795126026496,-2.048428011476062,,,
sanyo_016,,2013-04-02T14:25:31.82,,3.444328830228187,-2.048428011476062,,,
sanyo_016,,2013-04-02T14:25:41.81,,3.442862534429878,-2.049847573507577,,,
sanyo_016,,2013-04-02T14:25:51.83,,3.441396238631569,-2.049847573507577,,,
sanyo_016,,2013-04-02T14:26:01.8,,3.438830220984528,-2.048428011476062,,,
sanyo_016,,2013-04-02T14:26:07.7,,3.438097073085373,-2.049847573507577,,,
sanyo_016,,2013-04-02T14:26:11.84,,3.437730499135796,-2.048428011476062,,,
sanyo_016,,2013-04-02T14:26:21.82,,3.435531055438332,-2.049847573507577,,,
sanyo_016,,2013-04-02T14:26:31.82,,3.4344313335896,-2.048428011476062,,,
sanyo_016,,2013-04-02T14:26:41.79,,3.431498741992982,-2.049847573507577,,,
sanyo_016,,2013-04-02T14:26:51.8,,3.429665872245096,-2.051267135539092,,,
sanyo_016,,2013-04-02T14:26:58.49,,3.427833002497209,-2.048428011476062,,,
sanyo_016,,2013-04-02T14:27:01.83,,3.428566150396364,-2.052686697570607,,,
sanyo_016,,2013-04-02T14:27:11.81,,3.426733280648477,-2.048428011476062,,,
sanyo_016,,2013-04-02T14:27:21.84,,3.424533836951014,-2.049847573507577,,,
sanyo_016,,2013-04-02T14:27:31.8,,3.423067541152705,-2.049847573507577,,,
sanyo_016,,2013-04-02T14:27:41.83,,3.420868097455241,-2.056945383665152,,,
sanyo_016,,2013-04-02T14:27:51.79,,3.418668653757777,-2.047008449444547,,,
sanyo_016,,2013-04-02T14:27:56.75,,3.417568931909045,-2.049847573507577,,,
sanyo_016,,2013-04-02T14:28:01.79,,3.417202357959468,-2.048428011476062,,,
sanyo_016,,2013-04-02T14:28:11.82,,3.414636340312427,-2.048428011476062,,,
sanyo_016,,2013-04-02T14:28:21.79,,3.413536618463695,-2.049847573507577,,,
sanyo_016,,2013-04-02T14:28:31.81,,3.410970600816654,-2.048428011476062,,,
sanyo_016,,2013-04-02T14:28:41.82,,3.409504305018345,-2.048428011476062,,,
sanyo_016,,2013-04-02T14:28:46.97,,3.407304861320881,-2.052686697570607,,,
sanyo_016,,2013-04-02T14:28:51.82,,3.407671435270459,-2.048428011476062,,,
sanyo_016,,2013-04-02T14:29:01.85,,3.405838565522572,-2.048428011476062,,,
sanyo_016,,2013-04-02T14:29:11.8,,3.403639121825108,-2.048428011476062,,,
sanyo_016,,2013-04-02T14:29:21.81,,3.402172826026799,-2.047008449444547,,,
sanyo_016,,2013-04-02T14:29:31.84,,3.399606808379758,-2.049847573507577,,,
sanyo_016,,2013-04-02T14:29:41.04,,3.39667421678314,-2.054106259602122,,,
sanyo_016,,2013-04-02T14:29:41.85,,3.397407364682294,-2.048428011476062,,,
sanyo_016,,2013-04-02T14:29:51.8,,3.395574494934408,-2.049847573507577,,,
sanyo_016,,2013-04-02T14:30:01.79,,3.392275329388212,-2.052686697570607,,,
sanyo_016,,2013-04-02T14:30:11.82,,3.391542181489058,-2.048428011476062,,,
sanyo_016,,2013-04-02T14:30:21.8,,3.388976163842017,-2.048428011476062,,,
sanyo_016,,2013-04-02T14:30:30.76,,3.386410146194976,-2.051267135539092,,,
sanyo_016,,2013-04-02T14:30:31.82,,3.386410146194976,-2.049847573507577,,,
sanyo_016,,2013-04-02T14:30:41.81,,3.384210702497512,-2.048428011476062,,,
sanyo_016,,2013-04-02T14:30:51.8,,3.382011258800048,-2.048428011476062,,,
sanyo_016,,2013-04-02T14:31:01.84,,3.380178389052162,-2.049847573507577,,,
sanyo_016,,2013-04-02T14:31:11.79,,3.377245797455544,-2.051267135539092,,,
sanyo_016,,2013-04-02T14:31:16.63,,3.376146075606812,-2.048428011476062,,,
sanyo_016,,2013-04-02T14:31:21.81,,3.37504635375808,-2.052686697570607,,,
sanyo_016,,2013-04-02T14:31:31.8,,3.372480336111039,-2.054106259602122,,,
sanyo_016,,2013-04-02T14:31:41.8,,3.369914318463998,-2.052686697570607,,,
sanyo_016,,2013-04-02T14:31:51.81,,3.367348300816957,-2.052686697570607,,,
sanyo_016,,2013-04-02T14:31:57.28,,3.365882005018648,-2.051267135539092,,,
sanyo_016,,2013-04-02T14:32:01.8,,3.364782283169916,-2.052686697570607,,,
sanyo_016,,2013-04-02T14:32:11.81,,3.362216265522875,-2.052686697570607,,,
sanyo_016,,2013-04-02T14:32:21.83,,3.359650247875834,-2.052686697570607,,,
sanyo_016,,2013-04-02T14:32:31.83,,3.357084230228793,-2.054106259602122,,,
sanyo_016,,2013-04-02T14:32:35.36,,3.355617934430484,-2.049847573507577,,,
sanyo_016,,2013-04-02T14:32:41.82,,3.353785064682597,-2.049847573507577,,,
sanyo_016,,2013-04-02T14:32:51.84,,3.351219047035556,-2.049847573507577,,,
sanyo_016,,2013-04-02T14:33:01.83,,3.348286455438938,-2.048428011476062,,,
sanyo_016,,2013-04-02T14:33:10.8,,3.34535386384232,-2.052686697570607,,,
sanyo_016,,2013-04-02T14:33:11.82,,3.34535386384232,-2.049847573507577,,,
sanyo_016,,2013-04-02T14:33:21.83,,3.342787846195279,-2.048428011476062,,,
sanyo_016,,2013-04-02T14:33:31.83,,3.339488680649083,-2.048428011476062,,,
sanyo_016,,2013-04-02T14:33:41.82,,3.336189515102888,-2.049847573507577,,,
sanyo_016,,2013-04-02T14:33:44.41,,3.335089793254156,-2.048428011476062,,,
sanyo_016,,2013-04-02T14:33:51.81,,3.332890349556692,-2.048428011476062,,,
sanyo_016,,2013-04-02T14:34:01.81,,3.329957757960074,-2.049847573507577,,,
sanyo_016,,2013-04-02T14:34:11.82,,3.325925444514724,-2.049847573507577,,,
sanyo_016,,2013-04-02T14:34:15.27,,3.324825722665992,-2.049847573507577,,,
sanyo_016,,2013-04-02T14:34:21.84,,3.322992852918105,-2.051267135539092,,,
sanyo_016,,2013-04-02T14:34:31.83,,3.319327113422332,-2.048428011476062,,,
sanyo_016,,2013-04-02T14:34:41.82,,3.31566137392656,-2.048428011476062,,,
