cell_id,source_cycle_id,elapsed_test_s,voltage_V,current_A,temperature_C,charge_capacity_Ah,discharge_capacity_Ah
1384fa5a1bee2272f0272bc4,0,0.0,3.534085,1.5024213,22.70248,0.0,0.0
1384fa5a1bee2272f0272bc4,0,100.000004749745,3.5602422,1.5022242000000001,23.539097,0.0417344213090007,0.0
1384fa5a1bee2272f0272bc4,0,200.00000949949,3.57533,1.5014368,23.823231,0.0834688255068631,0.0
1384fa5a1bee2272f0272bc4,0,300.000014249235,3.5912449,1.5022246000000001,24.146828,0.12520296739074702,0.0
1384fa5a1bee2272f0272bc4,0,400.000018998981,3.6075931,1.5028151,24.099472,0.16693683878852,0.0
1384fa5a1bee2272f0272bc4,0,500.000023748726,3.6250839,1.5022244,24.273109,0.208669564593302,0.0
1384fa5a1bee2272f0272bc4,0,600.000028498471,3.6442685,1.5034056,24.265215,0.25040301699863,0.0
1384fa5a1bee2272f0272bc4,0,700.000033248216,3.6629014,1.5016339,24.241537,0.29213648001478404,0.0
1384fa5a1bee2272f0272bc4,0,800.000037997961,3.6818891,1.5028152000000001,24.367819,0.33385853257643,0.0
1384fa5a1bee2272f0272bc4,0,900.000042747706,3.6986706,1.5028151,24.202074,0.375577673283623,0.0
1384fa5a1bee2272f0272bc4,0,1000.00004749745,3.7127736,1.5010428,24.217859,0.41729740842020696,0.0
1384fa5a1bee2272f0272bc4,0,1100.0000522472,3.72404,1.5018308999999999,24.367819,0.45901698409105096,0.0
1384fa5a1bee2272f0272bc4,0,1200.00005699694,3.7346368,1.5020273,24.620382,0.500733988013034,0.0
1384fa5a1bee2272f0272bc4,0,1300.00006174669,3.7459033,1.503012,24.573027,0.542449863622233,0.0
1384fa5a1bee2272f0272bc4,0,1400.00006649643,3.7576032,1.5008466,24.675631,0.5841661031040449,0.0
1384fa5a1bee2272f0272bc4,0,1500.00007124618,3.7700515,1.5024214,24.722986,0.6258827602868651,0.0
1384fa5a1bee2272f0272bc4,0,1600.00007599592,3.7829332,1.5028151,25.022905,0.6676001744816079,0.0
1384fa5a1bee2272f0272bc4,0,1700.00008074567,3.7963269,1.5026183000000002,25.101831,0.7093178604399281,0.0
1384fa5a1bee2272f0272bc4,0,1800.00008549541,3.809957,1.5024214,25.196543,0.751035834531521,0.0
1384fa5a1bee2272f0272bc4,0,1900.00009024516,3.8237448,1.5022244,25.243898,0.792753148886447,0.0
1384fa5a1bee2272f0272bc4,0,2000.0000949949,3.8374929,1.5012400000000001,25.496462,0.834471469675632,0.0
1384fa5a1bee2272f0272bc4,0,2100.00009974465,3.8509655,1.5024214,25.393858,0.8761909625605601,0.0
1384fa5a1bee2272f0272bc4,0,2200.00010449439,3.8641624,1.5022244,25.733238,0.917910404299113,0.0
1384fa5a1bee2272f0272bc4,0,2300.00010924414,3.8767288,1.5008469,25.583279,0.959629516668565,0.0
1384fa5a1bee2272f0272bc4,0,2400.00011399388,3.8889802,1.5006498,25.764811,1.00134900725382,0.0
1384fa5a1bee2272f0272bc4,0,2500.00011874363,3.9004042,1.5020273,25.875305,1.0430683514063201,0.0
1384fa5a1bee2272f0272bc4,0,2600.00012349337,3.9114738,1.5008459,25.82795,1.0847869328618,0.0
1384fa5a1bee2272f0272bc4,0,2700.00012824312,3.9223464,1.5012404,25.946339,1.12650589322842,0.0
1384fa5a1bee2272f0272bc4,0,2800.00013299286,3.9327068,1.501437,25.946339,1.168226152972,0.0
1384fa5a1bee2272f0272bc4,0,2900.00013774261,3.9432249,1.5026184,25.772701,1.20997273953688,0.0
1384fa5a1bee2272f0272bc4,0,3000.00014249235,3.9534671,1.5022247,25.930553,1.2517263932299099,0.0
1384fa5a1bee2272f0272bc4,0,3100.0001472421,3.9639063,1.5039963,26.198902,1.29347897351671,0.0
1384fa5a1bee2272f0272bc4,0,3200.00015199184,3.9744244,1.5043898999999998,25.906876,1.3352477741154,0.0
1384fa5a1bee2272f0272bc4,0,3300.00015674159,3.9855728,1.5049807000000002,26.017372,1.37703070002713,0.0
1384fa5a1bee2272f0272bc4,0,3400.00016149133,3.9972727,1.5041932,25.741133,1.41881393435723,0.0
1384fa5a1bee2272f0272bc4,0,3500.00016624108,4.0100756,1.5036024000000001,25.749023,1.46059724083781,0.0
1384fa5a1bee2272f0272bc4,0,3600.00017099083,4.0239811,1.5039965,26.048943,1.50238058516486,0.0
1384fa5a1bee2272f0272bc4,0,3700.00017574057,4.0392656,1.5047838999999998,25.867414,1.5441640722182202,0.0
1384fa5a1bee2272f0272bc4,0,3800.00018049031,4.0555749,1.5043900000000001,25.83584,1.58594721740953,0.0
1384fa5a1bee2272f0272bc4,0,3900.00018524006,4.0723958,1.5049810000000001,25.654312,1.6277300636660401,0.0
1384fa5a1bee2272f0272bc4,0,4000.00018998981,4.0890198,1.5045870000000001,25.843735,1.66951225830187,0.0
1384fa5a1bee2272f0272bc4,0,4100.00019473955,4.1049347,1.5036025,26.033155,1.71129352591241,0.0
1384fa5a1bee2272f0272bc4,0,4200.00019948929,4.1197071,1.5053746000000001,25.851627,1.75307523544522,0.0
1384fa5a1bee2272f0272bc4,0,4300.00020423904,4.132431,1.5043905,25.764811,1.79485640558255,0.0
1384fa5a1bee2272f0272bc4,0,4400.00020898879,4.1425161,1.5028152000000001,25.788485,1.83663625124647,0.0
1384fa5a1bee2272f0272bc4,0,4500.00021373853,4.1503553,1.5028151,25.859518,1.87841172181234,0.0
1384fa5a1bee2272f0272bc4,0,4600.00021848828,4.157052,1.5037996,26.033155,1.92018430846544,0.0
1384fa5a1bee2272f0272bc4,0,4700.00022323802,4.1632762,1.5034056,25.970016,1.96195298149048,0.0
1384fa5a1bee2272f0272bc4,0,4800.00022798777,4.1696582,1.503012,25.820057,2.00371566712538,0.0
1384fa5a1bee2272f0272bc4,0,4900.00023273751,4.1763549,1.5026183000000002,26.262045,2.04547445608832,0.0
1384fa5a1bee2272f0272bc4,0,5000.00023748726,4.1838789,1.5032086999999998,26.056833,2.08723164928813,0.0
1384fa5a1bee2272f0272bc4,0,5100.000242237,4.1926246,1.503012,26.19101,2.12898759278659,0.0
1384fa5a1bee2272f0272bc4,0,5191.27224657219,4.1997547,1.4281936000000002,26.198902,2.16685835163513,0.0
1384fa5a1bee2272f0272bc4,0,5291.27225132193,4.1996756,1.2181204,26.285719,2.20346910920336,0.0
1384fa5a1bee2272f0272bc4,0,5391.27225607168,4.1997151,1.037186,26.285719,2.23475256639879,0.0
1384fa5a1bee2272f0272bc4,0,5491.27226082142,4.1997547,0.8660955800000001,26.119976,2.26114806178657,0.0
1384fa5a1bee2272f0272bc4,0,5591.27226557117,4.1997547,0.71725262,26.07262,2.28309927572154,0.0
1384fa5a1bee2272f0272bc4,0,5691.27227032091,4.1998334,0.58790131,26.056833,2.3011529156055,0.0
1384fa5a1bee2272f0272bc4,0,5791.27227507066,4.1998334,0.47961594,25.922661,2.31590029581753,0.0
1384fa5a1bee2272f0272bc4,0,5891.2722798204,4.1998334,0.39042877,25.725346,2.3279154803533304,0.0
1384fa5a1bee2272f0272bc4,0,5991.27228457015,4.1998334,0.31876337,25.64642,2.33771949470752,0.0
1384fa5a1bee2272f0272bc4,0,6091.2722893199,4.1997151,0.26166785,25.464888,2.3457541632500103,0.0
1384fa5a1bee2272f0272bc4,0,6191.27229406964,4.1999121,0.21677881,25.52014,2.35237866213925,0.0
1384fa5a1bee2272f0272bc4,0,6291.27229881938,4.1997938,0.18055251000000003,25.1334,2.35788558326227,0.0
1384fa5a1bee2272f0272bc4,0,6391.27230356913,4.1997938,0.15357941,25.28336,2.36250565043234,0.0
1384fa5a1bee2272f0272bc4,0,6491.27230831888,4.1998334,0.12936333,25.172865,2.36641844650276,0.0
1384fa5a1bee2272f0272bc4,0,6591.27231306862,4.1997938,0.11026553,24.97555,2.3697666854828,0.0
1384fa5a1bee2272f0272bc4,0,6691.27231781837,4.1998334,0.09805883,25.117617,2.37266048295889,0.0
1384fa5a1bee2272f0272bc4,0,6791.27232256811,4.1998334,0.08427699300000001,25.022905,2.37517662805232,0.0
1384fa5a1bee2272f0272bc4,0,6891.27232731786,4.1999121,0.075417343,24.778234,2.37739008740439,0.0
1384fa5a1bee2272f0272bc4,0,6991.2723320676,4.1997938,0.066557793,24.809805,2.3793582078014,0.0
1384fa5a1bee2272f0272bc4,0,7085.56033654604,4.196918,0.0,24.328356,2.38033946798134,0.0
1384fa5a1bee2272f0272bc4,0,7185.56034129579,4.1953816,0.0,23.807444,2.38033946798134,0.0
1384fa5a1bee2272f0272bc4,0,7285.56034604553,4.1943183,0.0,23.641701,2.38033946798134,0.0
1384fa5a1bee2272f0272bc4,0,7385.56035079528,4.1934514,0.0,23.665379,2.38033946798134,0.0
1384fa5a1bee2272f0272bc4,0,7485.56035554502,4.192585,0.0,23.499634,2.38033946798134,0.0
1384fa5a1bee2272f0272bc4,0,7585.56036029477,4.1919942,0.0,23.594345,2.38033946798134,0.0
1384fa5a1bee2272f0272bc4,0,7685.56036504451,4.1914425,0.0,23.681164,2.38033946798134,0.0
1384fa5a1bee2272f0272bc4,0,7785.56036979426,4.1909699,0.0,23.681164,2.38033946798134,0.0
1384fa5a1bee2272f0272bc4,0,7885.560374544,4.1904182,0.0,23.546988,2.38033946798134,0.0
1384fa5a1bee2272f0272bc4,0,7949.62437758688,4.1716275,-0.59890179,23.839016,0.0,0.000665071766594781
1384fa5a1bee2272f0272bc4,0,7959.62437806185,4.1664276,-0.59831085,23.649593,0.0,0.00232631516706679
1384fa5a1bee2272f0272bc4,0,7969.62437853683,4.1627641,-0.5985083600000001,23.657484,0.0,0.00398747314537896
1384fa5a1bee2272f0272bc4,0,7979.6243790118,4.1598883,-0.5971297600000001,23.712734,0.0,0.00564865212070041
1384fa5a1bee2272f0272bc4,0,7989.62437948678,4.1573672,-0.59752368,23.854799,0.0,0.00730995709940592
1384fa5a1bee2272f0272bc4,0,7999.62437996175,4.1550431,-0.59712958,23.775875,0.0,0.00897122857679579
1384fa5a1bee2272f0272bc4,0,8009.62438043673,4.1530342,-0.59772046,23.981081,0.0,0.0106324994120619
1384fa5a1bee2272f0272bc4,0,8019.6243809117,4.1511035,-0.59890179,24.012653,0.0,0.0122938334663222
1384fa5a1bee2272f0272bc4,0,8029.62438138667,4.1493702,-0.5979169900000001,24.083685,0.0,0.013955096633809401
1384fa5a1bee2272f0272bc4,0,8039.62438186165,4.147716,-0.59772046,24.012653,0.0,0.0156163667949422
1384fa5a1bee2272f0272bc4,0,8049.62438233662,4.1461005,-0.59850757,24.154718,0.0,0.017277681894972103
1384fa5a1bee2272f0272bc4,0,8059.6243828116,4.1444855,-0.59850806,24.233646,0.0,0.0189389580813599
1384fa5a1bee2272f0272bc4,0,8069.62438328657,4.1429887,-0.59870471,24.225752,0.0,0.0206002575407579
1384fa5a1bee2272f0272bc4,0,8079.62438376155,4.1414523,-0.5981142,24.115255,0.0,0.0222615092066786
1384fa5a1bee2272f0272bc4,0,8089.62438423652,4.1400738,-0.59732629,24.138933,0.0,0.0239228329432848
1384fa5a1bee2272f0272bc4,0,8099.6243847115,4.1386948,-0.59850781,24.099472,0.0,0.0255842253698052
1384fa5a1bee2272f0272bc4,0,8109.62438518647,4.1373949,-0.59850781,24.217859,0.0,0.027245669111768903
1384fa5a1bee2272f0272bc4,0,8119.62438566145,4.1362128,-0.59850787,24.281,0.0,0.028907120949537502
1384fa5a1bee2272f0272bc4,0,8129.62438613642,4.1347947,-0.5981138300000001,24.138933,0.0,0.0305685712491184
1384fa5a1bee2272f0272bc4,0,8139.62438661139,4.1335735,-0.59850787,24.075794,0.0,0.0322299967207845
1384fa5a1bee2272f0272bc4,0,8149.62438708637,4.1323919,-0.59929547,24.154718,0.0,0.0338914102659437
1384fa5a1bee2272f0272bc4,0,8159.62438756134,4.1312099,-0.59870453,24.138933,0.0,0.035552781815422894
1384fa5a1bee2272f0272bc4,0,8169.62438803632,4.1300678,-0.5994922500000001,24.288893,0.0,0.037214083124627005
1384fa5a1bee2272f0272bc4,0,8179.62438851129,4.1289253,-0.59831073,24.273109,0.0,0.038875415177035896
1384fa5a1bee2272f0272bc4,0,8189.62438898627,4.1278615,-0.59791748,24.225752,0.0,0.0405367149786377
1384fa5a1bee2272f0272bc4,0,8199.62438946124,4.1267586,-0.59811401,24.194181,0.0,0.0421979870883179
1384fa5a1bee2272f0272bc4,0,8209.62438993622,4.1256557,-0.5979170500000001,24.209969,0.0,0.0438593207959323
1384fa5a1bee2272f0272bc4,0,8219.62439041119,4.1246705,-0.59732629,24.154718,0.0,0.0455206075671047
1384fa5a1bee2272f0272bc4,0,8229.62439088617,4.1236858,-0.59791748,24.028437,0.0,0.0471818790356784
1384fa5a1bee2272f0272bc4,0,8239.62439136114,4.1227012,-0.59909839,24.115255,0.0,0.0488431552980211
1384fa5a1bee2272f0272bc4,0,8249.62439183611,4.1216769,-0.5987047700000001,24.281,0.0,0.0505045287892998
1384fa5a1bee2272f0272bc4,0,8259.62439231109,4.1207314,-0.5979170500000001,24.060009,0.0,0.0521658431144884
1384fa5a1bee2272f0272bc4,0,8269.62439278606,4.119668,-0.59850781,24.24943,0.0,0.053827147168918205
1384fa5a1bee2272f0272bc4,0,8279.62439326104,4.1187615,-0.59831085,24.083685,0.0,0.0554885596317206
1384fa5a1bee2272f0272bc4,0,8289.62439373601,4.1176586,-0.5975235,24.233646,0.0,0.0571499211166042
1384fa5a1bee2272f0272bc4,0,8299.62439421099,4.1170678,-0.59850751,24.217859,0.0,0.058811279101494696
1384fa5a1bee2272f0272bc4,0,8309.62439468596,4.1160831,-0.59693274,24.12315,0.0,0.0604726100653415
1384fa5a1bee2272f0272bc4,0,8319.62439516094,4.1150589,-0.59791718,24.202074,0.0,0.0621339040763346
1384fa5a1bee2272f0272bc4,0,8329.62439563591,4.1143889,-0.59811395,24.0679,0.0,0.0637953274835544
1384fa5a1bee2272f0272bc4,0,8339.62439611088,4.1134439,-0.59712958,24.217859,0.0,0.06545661316799589
1384fa5a1bee2272f0272bc4,0,8349.62439658586,4.1126165,-0.59712964,24.225752,0.0,0.0671179445851983
1384fa5a1bee2272f0272bc4,0,8359.62439706083,4.1118283,-0.59870453,24.036331,0.0,0.0687793965356784
1384fa5a1bee2272f0272bc4,0,8369.62439753581,4.1110406,-0.59831104,24.146828,0.0,0.07044088490614141
1384fa5a1bee2272f0272bc4,0,8379.62439801078,4.1103711,-0.5987045900000001,24.233646,0.0,0.07210226683678511
1384fa5a1bee2272f0272bc4,0,8389.62439848576,4.1093469,-0.5979173,24.028437,0.0,0.0737635800892469
1384fa5a1bee2272f0272bc4,0,8399.62439896073,4.1087165,-0.59732648,24.131041,0.0,0.0754248998937988
1384fa5a1bee2272f0272bc4,0,8409.62439943571,4.1080465,-0.59712946,24.044222,0.0,0.0770862369758435
1384fa5a1bee2272f0272bc4,0,8419.62439991068,4.1071801,-0.59811438,24.154718,0.0,0.0787476388249714
1384fa5a1bee2272f0272bc4,0,8429.62440038566,4.1064711,-0.59890155,23.91794,0.0,0.08040897581231
1384fa5a1bee2272f0272bc4,0,8439.62440086063,4.1057224,-0.59732642,24.020544,0.0,0.0820704250188869
1384fa5a1bee2272f0272bc4,0,8449.6244013356,4.105092,-0.59732678,23.949512,0.0,0.0837316656262545
1384fa5a1bee2272f0272bc4,0,8459.62440181058,4.1043043,-0.59831085,24.091578,0.0,0.08539296115668389
1384fa5a1bee2272f0272bc4,0,8469.62440228555,4.1035166,-0.59791748,23.949512,0.0,0.08705427340783
1384fa5a1bee2272f0272bc4,0,8479.62440276053,4.1027288,-0.59811401,23.902157,0.0,0.0887155797550454
1384fa5a1bee2272f0272bc4,0,8489.6244032355,4.1024137,-0.5989016699999999,23.886372,0.0,0.0903768783358763
1384fa5a1bee2272f0272bc4,0,8499.62440371048,4.1016254,-0.59771997,24.075794,0.0,0.0920382211131793
1384fa5a1bee2272f0272bc4,0,8509.62440418545,4.1010346,-0.5975235,24.083685,0.0,0.0936995596280583
1384fa5a1bee2272f0272bc4,0,8519.62440466043,4.1002073,-0.59831091,23.870584,0.0,0.0953608363369749
1384fa5a1bee2272f0272bc4,0,8529.6244051354,4.0995378,-0.59772028,23.949512,0.0,0.0970221798786077
1384fa5a1bee2272f0272bc4,0,8539.62440561038,4.0991044,-0.59909857,24.12315,0.0,0.0986835126797483
1384fa5a1bee2272f0272bc4,0,8549.62440608535,4.0982771,-0.59831116,23.949512,0.0,0.10034476924211301
1384fa5a1bee2272f0272bc4,0,8559.62440656032,4.0978045,-0.59791748,23.941618,0.0,0.102005997815823
1384fa5a1bee2272f0272bc4,0,8569.6244070353,4.0972137,-0.59831085,24.281,0.0,0.103667241826612
1384fa5a1bee2272f0272bc4,0,8579.62440751027,4.0967016,-0.59791718,24.146828,0.0,0.10532846440979
1384fa5a1bee2272f0272bc4,0,8589.62440798525,4.0959926,-0.59752313,24.209969,0.0,0.10698968970730201
1384fa5a1bee2272f0272bc4,0,8599.62440846022,4.0954013,-0.59712958,24.099472,0.0,0.108650899488491
1384fa5a1bee2272f0272bc4,0,8609.6244089352,4.0948501,-0.59811401,23.965296,0.0,0.1103121754422
1384fa5a1bee2272f0272bc4,0,8619.62440941017,4.0942984,-0.59811395,23.910049,0.0,0.111973465642395
1384fa5a1bee2272f0272bc4,0,8629.62440988515,4.0937471,-0.5969328,23.981081,0.0,0.113634754422573
1384fa5a1bee2272f0272bc4,0,8639.62441036012,4.093235,-0.59752368,24.028437,0.0,0.11529608837009
1384fa5a1bee2272f0272bc4,0,8649.62441083509,4.0926833,-0.59850769,24.028437,0.0,0.116957410080227
1384fa5a1bee2272f0272bc4,0,8659.62441131007,4.0921712,-0.59712958,23.728519,0.0,0.11861871165344201
1384fa5a1bee2272f0272bc4,0,8669.62441178504,4.0915804,-0.5975235,23.902157,0.0,0.12028001259229901
1384fa5a1bee2272f0272bc4,0,8679.62441226002,4.0910287,-0.5996892699999999,24.083685,0.0,0.121941216712002
1384fa5a1bee2272f0272bc4,0,8689.62441273499,4.0905952,-0.59831128,24.012653,0.0,0.12360243604834599
1384fa5a1bee2272f0272bc4,0,8699.62441320997,4.0899653,-0.5973262300000001,23.696947,0.0,0.125263665876532
1384fa5a1bee2272f0272bc4,0,8709.62441368494,4.0894532,-0.5979170500000001,24.170504,0.0,0.126924857960442
1384fa5a1bee2272f0272bc4,0,8719.62441415992,4.0890589,-0.59772028,23.91794,0.0,0.128586022917616
1384fa5a1bee2272f0272bc4,0,8729.62441463489,4.0885077,-0.59791718,24.012653,0.0,0.130247137027452
1384fa5a1bee2272f0272bc4,0,8739.62441510987,4.0880351,-0.5987045900000001,24.036331,0.0,0.13190830868398
1384fa5a1bee2272f0272bc4,0,8749.62441558484,4.0876408,-0.59772009,23.925835,0.0,0.133569408896484
1384fa5a1bee2272f0272bc4,0,8759.62441605981,4.0870109,-0.59929541,24.138933,0.0,0.135230543577982
1384fa5a1bee2272f0272bc4,0,8769.62441653479,4.0865378,-0.5979173600000001,23.752197,0.0,0.13689170079539
1384fa5a1bee2272f0272bc4,0,8779.62441700976,4.0861835,-0.59752368,24.012653,0.0,0.138552857350938
1384fa5a1bee2272f0272bc4,0,8789.62441748474,4.0858684,-0.59791718,24.060009,0.0,0.14021404945282
1384fa5a1bee2272f0272bc4,0,8799.62441795971,4.0852776,-0.5981138300000001,24.004759,0.0,0.14187523455044201
1384fa5a1bee2272f0272bc4,0,8809.62441843469,4.0848832,-0.59772015,24.091578,0.0,0.14353641101308198
1384fa5a1bee2272f0272bc4,0,8819.62441890966,4.0843711,-0.59732648,24.036331,0.0,0.145197597840949
1384fa5a1bee2272f0272bc4,0,8829.62441938464,4.0840955,-0.59653888,24.052114,0.0,0.14685638981370702
1384fa5a1bee2272f0272bc4,0,8839.62441985961,4.0835047,-0.59772046,24.044222,0.0,0.148514310684746
1384fa5a1bee2272f0272bc4,0,8849.62442033459,4.0831499,-0.59752362,24.107363,0.0,0.150172272997369
1384fa5a1bee2272f0272bc4,0,8859.62442080956,4.082756,-0.5971297600000001,23.846907,0.0,0.15183026911393901
1384fa5a1bee2272f0272bc4,0,8869.62442128453,4.0824018,-0.59772015,23.925835,0.0,0.153488279341668
1384fa5a1bee2272f0272bc4,0,8879.62442175951,4.0819287,-0.59732648,23.996866,0.0,0.155146360339898
1384fa5a1bee2272f0272bc4,0,8889.62442223448,4.0815744,-0.59712982,23.965296,0.0,0.15680446552076502
1384fa5a1bee2272f0272bc4,0,8899.62442270946,4.0811806,-0.59614539,24.052114,0.0,0.15846258492421403
1384fa5a1bee2272f0272bc4,0,8909.62442318443,4.0807076,-0.59772046,23.815338,0.0,0.160120694706421
1384fa5a1bee2272f0272bc4,0,8919.62442365941,4.0803924,-0.59772028,23.988976,0.0,0.161778852061428
1384fa5a1bee2272f0272bc4,0,8929.62442413438,4.0800776,-0.5955545,23.97319,0.0,0.163437053396335
1384fa5a1bee2272f0272bc4,0,8939.62442460936,4.0795259,-0.5975235,23.823231,0.0,0.165095203754679
1384fa5a1bee2272f0272bc4,0,8949.62442508433,4.0791321,-0.59594855,24.060009,0.0,0.16675338693084701
1384fa5a1bee2272f0272bc4,0,8959.6244255593,4.0788169,-0.5963421,24.012653,0.0,0.168411673787604
1384fa5a1bee2272f0272bc4,0,8969.62442603428,4.0783834,-0.5975233200000001,24.146828,0.0,0.170069834537625
1384fa5a1bee2272f0272bc4,0,8979.62442650925,4.0781469,-0.59712982,24.036331,0.0,0.171728068688998
1384fa5a1bee2272f0272bc4,0,8989.62442698423,4.0777926,-0.59752368,24.028437,0.0,0.173386205385267
1384fa5a1bee2272f0272bc4,0,8999.6244274592,4.0773201,-0.59732678,23.981081,0.0,0.17504438911794
1384fa5a1bee2272f0272bc4,0,9009.62442793418,4.0769653,-0.59653906,24.012653,0.0,0.176702544400668
1384fa5a1bee2272f0272bc4,0,9019.62442840915,4.0767288,-0.5967359,23.981081,0.0,0.178360716414049
1384fa5a1bee2272f0272bc4,0,9029.62442888413,4.0763745,-0.5973266,23.910049,0.0,0.180018868197326
1384fa5a1bee2272f0272bc4,0,9039.6244293591,4.0759015,-0.59772034,23.902157,0.0,0.181676957208116
1384fa5a1bee2272f0272bc4,0,9049.62442983408,4.0756259,-0.5965387,23.91794,0.0,0.183335066218736
1384fa5a1bee2272f0272bc4,0,9059.62443030905,4.0753894,-0.59693292,24.217859,0.0,0.184993233854878
1384fa5a1bee2272f0272bc4,0,9069.62443078402,4.0751138,-0.5971297600000001,24.162611,0.0,0.18665128951368498
1384fa5a1bee2272f0272bc4,0,9079.624431259,4.0747986,-0.5973266,24.170504,0.0,0.188309353036533
1384fa5a1bee2272f0272bc4,0,9089.62443173397,4.0744834,-0.5981142,23.839016,0.0,0.189967433941921
1384fa5a1bee2272f0272bc4,0,9099.62443220895,4.0741291,-0.59614545,24.12315,0.0,0.191625487088216
1384fa5a1bee2272f0272bc4,0,9109.62443268392,4.0737743,-0.5967359,23.988976,0.0,0.193283662602064
1384fa5a1bee2272f0272bc4,0,9119.6244331589,4.0733805,-0.59575159,24.0679,0.0,0.194941853000691
1384fa5a1bee2272f0272bc4,0,9129.62443363387,4.073144,-0.59634222,24.099472,0.0,0.196600073345981
1384fa5a1bee2272f0272bc4,0,9139.62443410885,4.0727897,-0.59732678,24.020544,0.0,0.19825826679941802
1384fa5a1bee2272f0272bc4,0,9149.62443458382,4.0725141,-0.59555481,23.831121,0.0,0.19991521748538502
1384fa5a1bee2272f0272bc4,0,9159.62443505879,4.072238,-0.59575159,23.846907,0.0,0.20157036613708498
1384fa5a1bee2272f0272bc4,0,9169.62443553377,4.0719228,-0.5953577299999999,24.020544,0.0,0.203225486580742
1384fa5a1bee2272f0272bc4,0,9179.62443600874,4.0716472,-0.59476709,24.044222,0.0,0.204880632077297
1384fa5a1bee2272f0272bc4,0,9189.62443648372,4.071332,-0.59575153,23.97319,0.0,0.20653570254798
1384fa5a1bee2272f0272bc4,0,9199.62443695869,4.0710564,-0.59614539,24.083685,0.0,0.20819077115597198
1384fa5a1bee2272f0272bc4,0,9209.62443743367,4.0707016,-0.59575159,23.878479,0.0,0.20984592693060902
1384fa5a1bee2272f0272bc4,0,9219.62443790864,4.0703473,-0.59614508,23.902157,0.0,0.211501120535787
1384fa5a1bee2272f0272bc4,0,9229.62443838362,4.0701504,-0.59516071,23.981081,0.0,0.21315633438825798
1384fa5a1bee2272f0272bc4,0,9239.62443885859,4.0698743,-0.59614502,24.0679,0.0,0.214811558200378
1384fa5a1bee2272f0272bc4,0,9249.62443933357,4.0696774,-0.59476733,24.075794,0.0,0.216466795917358
1384fa5a1bee2272f0272bc4,0,9259.62443980854,4.0693231,-0.5959484300000001,23.957403,0.0,0.21812202006778303
1384fa5a1bee2272f0272bc4,0,9269.62444028351,4.0691261,-0.5963421,24.012653,0.0,0.219777177604913
1384fa5a1bee2272f0272bc4,0,9279.62444075849,4.0688505,-0.59594824,24.131041,0.0,0.221432352850613
1384fa5a1bee2272f0272bc4,0,9289.62444123346,4.0685744,-0.59535748,23.815338,0.0,0.22308761801222
1384fa5a1bee2272f0272bc4,0,9299.62444170844,4.0683384,-0.5955548700000001,24.115255,0.0,0.224742924845445
1384fa5a1bee2272f0272bc4,0,9309.62444218341,4.0680623,-0.59752368,24.138933,0.0,0.22639814866611
1384fa5a1bee2272f0272bc4,0,9319.62444265839,4.0677471,-0.59634186,23.846907,0.0,0.22805332108398402
1384fa5a1bee2272f0272bc4,0,9329.62444313336,4.0674715,-0.59673596,23.981081,0.0,0.229708473810594
1384fa5a1bee2272f0272bc4,0,9339.62444360834,4.067235,-0.5963421,24.020544,0.0,0.231363645356377
1384fa5a1bee2272f0272bc4,0,9349.62444408331,4.0668807,-0.59693256,24.281,0.0,0.233018777325236
1384fa5a1bee2272f0272bc4,0,9359.62444455829,4.0666838,-0.59693274,23.894262,0.0,0.234673966166144
1384fa5a1bee2272f0272bc4,0,9369.62444503326,4.0664868,-0.59535785,24.004759,0.0,0.23632928023695202
1384fa5a1bee2272f0272bc4,0,9379.62444550823,4.0662503,-0.5971297600000001,23.988976,0.0,0.237984502317369
1384fa5a1bee2272f0272bc4,0,9389.62444598321,4.0659351,-0.59594824,23.91794,0.0,0.23963985936906598
1384fa5a1bee2272f0272bc4,0,9399.62444645818,4.0656986,-0.59614508,23.949512,0.0,0.241295206250848
1384fa5a1bee2272f0272bc4,0,9409.62444693316,4.065423,-0.5965389400000001,23.949512,0.0,0.242950416934747
1384fa5a1bee2272f0272bc4,0,9419.62444740813,4.0653048,-0.5957513400000001,23.894262,0.0,0.244605595584378
1384fa5a1bee2272f0272bc4,0,9429.62444788311,4.0650291,-0.59634204,23.681164,0.0,0.24626077565684001
1384fa5a1bee2272f0272bc4,0,9439.62444835808,4.0647535,-0.59594824,24.281,0.0,0.24791599257765
1384fa5a1bee2272f0272bc4,0,9449.62444883306,4.0646353,-0.5957513400000001,23.988976,0.0,0.249571201735806
1384fa5a1bee2272f0272bc4,0,9459.62444930803,4.0643201,-0.5959480600000001,24.060009,0.0,0.25122633300818503
1384fa5a1bee2272f0272bc4,0,9469.624449783,4.0640836,-0.5961452,23.949512,0.0,0.252881456096259
1384fa5a1bee2272f0272bc4,0,9479.62445025798,4.0638475,-0.59594855,24.233646,0.0,0.254536724759555
1384fa5a1bee2272f0272bc4,0,9489.62445073295,4.0636501,-0.59516071,23.933725,0.0,0.256191991665276
1384fa5a1bee2272f0272bc4,0,9499.62445120793,4.0633745,-0.59594836,24.044222,0.0,0.257847257148607
1384fa5a1bee2272f0272bc4,0,9509.6244516829,4.0631385,-0.59555469,23.996866,0.0,0.259502580262485
1384fa5a1bee2272f0272bc4,0,9519.62445215788,4.0629411,-0.5969328,23.988976,0.0,0.261157847603082
1384fa5a1bee2272f0272bc4,0,9529.62445263285,4.062705,-0.59555457,24.12315,0.0,0.262813087597351
1384fa5a1bee2272f0272bc4,0,9539.62445310783,4.062429,-0.5961452,23.941618,0.0,0.264468291153768
1384fa5a1bee2272f0272bc4,0,9549.6244535828,4.0622716,-0.5965391200000001,23.97319,0.0,0.266123437305434
1384fa5a1bee2272f0272bc4,0,9559.62445405778,4.0620351,-0.59575122,23.831121,0.0,0.267778646453145
1384fa5a1bee2272f0272bc4,0,9569.62445453275,4.0618382,-0.59535767,24.091578,0.0,0.269433865551792
1384fa5a1bee2272f0272bc4,0,9579.62445500772,4.0616412,-0.59693262,24.0679,0.0,0.271089148097941
1384fa5a1bee2272f0272bc4,0,9589.6244554827,4.0613656,-0.59693262,24.004759,0.0,0.27274444026852096
1384fa5a1bee2272f0272bc4,0,9599.62445595767,4.0611687,-0.59496411,24.060009,0.0,0.27439972654636
1384fa5a1bee2272f0272bc4,0,9609.62445643265,4.0609322,-0.59673608,23.97319,0.0,0.276054902348057
1384fa5a1bee2272f0272bc4,0,9619.62445690762,4.0606565,-0.59614526,23.97319,0.0,0.277710977260302
1384fa5a1bee2272f0272bc4,0,9629.6244573826,4.0604987,-0.5965387600000001,24.107363,0.0,0.27936756076999303
1384fa5a1bee2272f0272bc4,0,9639.62445785757,4.0602231,-0.5969328,24.004759,0.0,0.281024724551121
1384fa5a1bee2272f0272bc4,0,9649.62445833255,4.0601048,-0.5957513400000001,24.075794,0.0,0.282682160471972
1384fa5a1bee2272f0272bc4,0,9659.62445880752,4.0598292,-0.59653906,23.957403,0.0,0.28433952736257
1384fa5a1bee2272f0272bc4,0,9669.6244592825,4.0596714,-0.5961452,24.044222,0.0,0.285996790032179
1384fa5a1bee2272f0272bc4,0,9679.62445975747,4.0595536,-0.59634186,23.886372,0.0,0.287653577779982
1384fa5a1bee2272f0272bc4,0,9689.62446023244,4.0593567,-0.5961452,24.107363,0.0,0.289310571794875
1384fa5a1bee2272f0272bc4,0,9699.62446070742,4.0590019,-0.59752319,23.854799,0.0,0.290967933987834
1384fa5a1bee2272f0272bc4,0,9709.62446118239,4.058805,-0.59693262,24.131041,0.0,0.292625342909207
1384fa5a1bee2272f0272bc4,0,9719.62446165737,4.0586476,-0.5965389400000001,23.996866,0.0,0.294282584337328
1384fa5a1bee2272f0272bc4,0,9729.62446213234,4.0584111,-0.59614502,23.981081,0.0,0.295939261253832
1384fa5a1bee2272f0272bc4,0,9739.62446260732,4.0582929,-0.59614539,23.815338,0.0,0.29759543788285997
1384fa5a1bee2272f0272bc4,0,9749.62446308229,4.0580959,-0.5967357799999999,23.97319,0.0,0.29925119526404503
1384fa5a1bee2272f0272bc4,0,9759.62446355727,4.0578203,-0.5963421,23.981081,0.0,0.300906610082194
1384fa5a1bee2272f0272bc4,0,9769.62446403224,4.0577412,-0.59634241,23.97319,0.0,0.30256184878048403
1384fa5a1bee2272f0272bc4,0,9779.62446450721,4.0574656,-0.5961452,23.760088,0.0,0.304217048466356
1384fa5a1bee2272f0272bc4,0,9789.62446498219,4.057229,-0.59496381,24.12315,0.0,0.305872184173449
1384fa5a1bee2272f0272bc4,0,9799.62446545716,4.0571113,-0.59614502,24.020544,0.0,0.307527380372484
1384fa5a1bee2272f0272bc4,0,9809.62446593214,4.0568748,-0.5959484300000001,23.910049,0.0,0.309182428345608
1384fa5a1bee2272f0272bc4,0,9819.62446640711,4.0565991,-0.59614539,23.941618,0.0,0.310837562071906
1384fa5a1bee2272f0272bc4,0,9829.62446688209,4.0564809,-0.59555469,23.815338,0.0,0.312492693150194
1384fa5a1bee2272f0272bc4,0,9839.62446735706,4.0563626,-0.59594824,23.902157,0.0,0.31414777184689
1384fa5a1bee2272f0272bc4,0,9849.62446783204,4.0561657,-0.5953577299999999,24.004759,0.0,0.315802759214376
1384fa5a1bee2272f0272bc4,0,9859.62446830701,4.0559688,-0.59496362,23.870584,0.0,0.31745779975301097
1384fa5a1bee2272f0272bc4,0,9869.62446878199,4.0557323,-0.59594824,23.933725,0.0,0.319112961707153
1384fa5a1bee2272f0272bc4,0,9879.62446925696,4.0554957,-0.59693256,23.941618,0.0,0.32076812651736797
1384fa5a1bee2272f0272bc4,0,9889.62446973193,4.0554171,-0.59575159,23.933725,0.0,0.322423303995395
1384fa5a1bee2272f0272bc4,0,9899.62447020691,4.0551805,-0.5961452,23.981081,0.0,0.32407840183231
1384fa5a1bee2272f0272bc4,0,9909.62447068188,4.0550232,-0.59555438,23.910049,0.0,0.325733245359667
1384fa5a1bee2272f0272bc4,0,9919.62447115686,4.0548263,-0.5957514,23.902157,0.0,0.327388071256002
1384fa5a1bee2272f0272bc4,0,9929.62447163183,4.0545897,-0.59614526,24.036331,0.0,0.329042980513509
1384fa5a1bee2272f0272bc4,0,9939.62447210681,4.0544715,-0.59614508,24.012653,0.0,0.330697818025988
1384fa5a1bee2272f0272bc4,0,9949.62447258178,4.0542355,-0.59653888,23.981081,0.0,0.332352695567593
1384fa5a1bee2272f0272bc4,0,9959.62447305676,4.0540385,-0.59634222,23.846907,0.0,0.334007524437934
1384fa5a1bee2272f0272bc4,0,9969.62447353173,4.053802,-0.59555457,23.933725,0.0,0.335662341052891
1384fa5a1bee2272f0272bc4,0,9979.6244740067,4.0536447,-0.59712933,23.91794,0.0,0.337317183918389
1384fa5a1bee2272f0272bc4,0,9989.62447448168,4.0535264,-0.59614526,23.799553,0.0,0.338972023385993
1384fa5a1bee2272f0272bc4,0,9999.62447495665,4.0532112,-0.5957513400000001,23.981081,0.0,0.340626864613275
1384fa5a1bee2272f0272bc4,0,10009.6244754316,4.0531325,-0.59575159,23.941618,0.0,0.34228181532463997
1384fa5a1bee2272f0272bc4,0,10019.6244759066,4.0529747,-0.59456982,23.965296,0.0,0.343936770387641
1384fa5a1bee2272f0272bc4,0,10029.6244763816,4.0526595,-0.59535754,24.036331,0.0,0.34559172578142
1384fa5a1bee2272f0272bc4,0,10039.6244768566,4.0525808,-0.59634192,24.0679,0.0,0.347246670898302
1384fa5a1bee2272f0272bc4,0,10049.6244773315,4.0523839,-0.59575122,23.752197,0.0,0.348901567035082
1384fa5a1bee2272f0272bc4,0,10059.6244778065,4.052187,-0.59653888,23.886372,0.0,0.350556465248617
1384fa5a1bee2272f0272bc4,0,10069.6244782815,4.0521083,-0.5953577299999999,23.933725,0.0,0.352211371680196
1384fa5a1bee2272f0272bc4,0,10079.6244787565,4.0518322,-0.5957513400000001,23.925835,0.0,0.35386623796007
1384fa5a1bee2272f0272bc4,0,10089.6244792314,4.0516353,-0.59555438,23.91794,0.0,0.355521027464397
1384fa5a1bee2272f0272bc4,0,10099.6244797064,4.0514779,-0.59634204,23.807444,0.0,0.35717587801015205
1384fa5a1bee2272f0272bc4,0,10109.6244801814,4.0513201,-0.59535748,23.965296,0.0,0.358830695945197
1384fa5a1bee2272f0272bc4,0,10119.6244806563,4.051084,-0.59575159,24.004759,0.0,0.36048552830837705
1384fa5a1bee2272f0272bc4,0,10129.6244811313,4.0509262,-0.59575153,23.886372,0.0,0.362140369861315
1384fa5a1bee2272f0272bc4,0,10139.6244816063,4.0507293,-0.59575159,24.107363,0.0,0.36379515147071
1384fa5a1bee2272f0272bc4,0,10149.6244820813,4.0504928,-0.59634204,24.099472,0.0,0.36544988484978597
1384fa5a1bee2272f0272bc4,0,10159.6244825562,4.050375,-0.5953577299999999,23.941618,0.0,0.367104665378825
1384fa5a1bee2272f0272bc4,0,10169.6244830312,4.0501781,-0.5957513400000001,23.870584,0.0,0.368759506040921
1384fa5a1bee2272f0272bc4,0,10179.6244835062,4.049902,-0.5953577299999999,23.910049,0.0,0.370414276802063
1384fa5a1bee2272f0272bc4,0,10189.6244839812,4.0498233,-0.59516071,23.957403,0.0,0.372069058923272
1384fa5a1bee2272f0272bc4,0,10199.6244844561,4.0496659,-0.5959481799999999,23.933725,0.0,0.37372381578386105
1384fa5a1bee2272f0272bc4,0,10209.6244849311,4.0494685,-0.5949638700000001,23.941618,0.0,0.375378657080756
1384fa5a1bee2272f0272bc4,0,10219.6244854061,4.0491929,-0.59555457,23.949512,0.0,0.37703357495188405
1384fa5a1bee2272f0272bc4,0,10229.6244858811,4.0490746,-0.59634222,23.957403,0.0,0.378688483294
1384fa5a1bee2272f0272bc4,0,10239.624486356,4.0488386,-0.59496368,23.957403,0.0,0.38034337556145603
1384fa5a1bee2272f0272bc4,0,10249.624486831,4.0486417,-0.5957514,24.020544,0.0,0.38199822441633396
1384fa5a1bee2272f0272bc4,0,10259.624487306,4.0485234,-0.5957513400000001,23.752197,0.0,0.38365300786387097
1384fa5a1bee2272f0272bc4,0,10269.624487781,4.0483265,-0.59555457,23.941618,0.0,0.385307892041321
1384fa5a1bee2272f0272bc4,0,10279.6244882559,4.0481296,-0.5965389400000001,24.075794,0.0,0.386962723293186
1384fa5a1bee2272f0272bc4,0,10289.6244887309,4.047893,-0.59397961,24.052114,0.0,0.388617593923543
1384fa5a1bee2272f0272bc4,0,10299.6244892059,4.0478144,-0.5951608300000001,24.044222,0.0,0.390272515301751
1384fa5a1bee2272f0272bc4,0,10309.6244896809,4.0476174,-0.5955545,24.044222,0.0,0.391927368442586
1384fa5a1bee2272f0272bc4,0,10319.6244901558,4.0473413,-0.59555469,23.988976,0.0,0.393582151469794
1384fa5a1bee2272f0272bc4,0,10329.6244906308,4.0471444,-0.5957514,23.965296,0.0,0.395236968174506
1384fa5a1bee2272f0272bc4,0,10339.6244911058,4.0470262,-0.59653906,24.020544,0.0,0.396891822395969
1384fa5a1bee2272f0272bc4,0,10349.6244915808,4.0468292,-0.59535785,23.941618,0.0,0.398546774197693
1384fa5a1bee2272f0272bc4,0,10359.6244920557,4.0465932,-0.59693262,23.91794,0.0,0.40020186610741504
1384fa5a1bee2272f0272bc4,0,10369.6244925307,4.0463171,-0.59634222,23.886372,0.0,0.401856995835809
1384fa5a1bee2272f0272bc4,0,10379.6244930057,4.0462384,-0.5961452,23.878479,0.0,0.403512306159397
1384fa5a1bee2272f0272bc4,0,10389.6244934807,4.0461202,-0.59594836,23.902157,0.0,0.40516771872894297
1384fa5a1bee2272f0272bc4,0,10399.6244939556,4.0458446,-0.59555457,23.988976,0.0,0.406823258506029
1384fa5a1bee2272f0272bc4,0,10409.6244944306,4.045608,-0.5965387600000001,24.020544,0.0,0.40847879903984896
1384fa5a1bee2272f0272bc4,0,10419.6244949056,4.0454111,-0.59693292,24.0679,0.0,0.41013433126692
1384fa5a1bee2272f0272bc4,0,10429.6244953806,4.0453324,-0.5957514,24.091578,0.0,0.41178989291754803
1384fa5a1bee2272f0272bc4,0,10439.6244958555,4.0449386,-0.59634204,23.957403,0.0,0.413445492636787
1384fa5a1bee2272f0272bc4,0,10449.6244963305,4.0449777,-0.5957513400000001,24.154718,0.0,0.415101088426242
1384fa5a1bee2272f0272bc4,0,10459.6244968055,4.0445838,-0.5967357799999999,24.020544,0.0,0.416756726545444
1384fa5a1bee2272f0272bc4,0,10469.6244972805,4.0444264,-0.59712964,23.894262,0.0,0.418412511230164
1384fa5a1bee2272f0272bc4,0,10479.6244977554,4.0442295,-0.5967359,24.178396,0.0,0.420068179863519
1384fa5a1bee2272f0272bc4,0,10489.6244982304,4.0440326,-0.59594836,23.996866,0.0,0.42172396520752
1384fa5a1bee2272f0272bc4,0,10499.6244987054,4.0439143,-0.5967357799999999,24.12315,0.0,0.423379762258945
1384fa5a1bee2272f0272bc4,0,10509.6244991804,4.0436387,-0.59732648,23.965296,0.0,0.425035608743931
1384fa5a1bee2272f0272bc4,0,10519.6244996553,4.0435205,-0.5967357799999999,24.107363,0.0,0.42669162892730705
1384fa5a1bee2272f0272bc4,0,10529.6245001303,4.0431657,-0.5959484300000001,23.981081,0.0,0.428347656664632
1384fa5a1bee2272f0272bc4,0,10539.6245006053,4.0430083,-0.59712958,24.0679,0.0,0.43000362565294104
1384fa5a1bee2272f0272bc4,0,10549.6245010803,4.0427322,-0.59614526,24.060009,0.0,0.43165966683386897
1384fa5a1bee2272f0272bc4,0,10559.6245015552,4.0426536,-0.59575153,23.870584,0.0,0.433315777694431
1384fa5a1bee2272f0272bc4,0,10569.6245020302,4.0422993,-0.59653888,24.162611,0.0,0.43497194882859996
1384fa5a1bee2272f0272bc4,0,10579.6245025052,4.0421414,-0.59653888,24.194181,0.0,0.436628115258484
1384fa5a1bee2272f0272bc4,0,10589.6245029802,4.0419054,-0.5967356,24.091578,0.0,0.438284312646247
1384fa5a1bee2272f0272bc4,0,10599.6245034551,4.0417085,-0.59614526,24.044222,0.0,0.439940568766242
1384fa5a1bee2272f0272bc4,0,10609.6245039301,4.041472,-0.59634204,23.988976,0.0,0.44159688033945704
1384fa5a1bee2272f0272bc4,0,10619.6245044051,4.041275,-0.59653906,23.910049,0.0,0.44325326672153104
1384fa5a1bee2272f0272bc4,0,10629.6245048801,4.0411172,-0.59555481,23.941618,0.0,0.444909657586331
1384fa5a1bee2272f0272bc4,0,10639.624505355,4.0408416,-0.5955545,24.052114,0.0,0.446566021768663
1384fa5a1bee2272f0272bc4,0,10649.62450583,4.040566,-0.59614508,23.933725,0.0,0.44822232250064503
1384fa5a1bee2272f0272bc4,0,10659.624506305,4.040369,-0.59575153,23.886372,0.0,0.449878640311686
1384fa5a1bee2272f0272bc4,0,10669.62450678,4.0400929,-0.5967357799999999,23.97319,0.0,0.451535156092496
1384fa5a1bee2272f0272bc4,0,10679.6245072549,4.0398569,-0.59634222,23.965296,0.0,0.453191840858222
1384fa5a1bee2272f0272bc4,0,10689.6245077299,4.03966,-0.5965391200000001,23.870584,0.0,0.454848553300002
1384fa5a1bee2272f0272bc4,0,10699.6245082049,4.0394235,-0.5965392500000001,23.981081,0.0,0.45650531188022203
1384fa5a1bee2272f0272bc4,0,10709.6245086798,4.0392265,-0.59693262,24.107363,0.0,0.458162158409051
1384fa5a1bee2272f0272bc4,0,10719.6245091548,4.0388718,-0.59594855,23.815338,0.0,0.45981908556057405
1384fa5a1bee2272f0272bc4,0,10729.6245096298,4.0386748,-0.59752344,23.910049,0.0,0.46147604082390703
1384fa5a1bee2272f0272bc4,0,10739.6245101048,4.0385175,-0.59653906,24.075794,0.0,0.46313313413286
1384fa5a1bee2272f0272bc4,0,10749.6245105797,4.0382023,-0.5969328,23.91794,0.0,0.464790357484199
1384fa5a1bee2272f0272bc4,0,10759.6245110547,4.0378475,-0.59693256,23.97319,0.0,0.466447502315776
1384fa5a1bee2272f0272bc4,0,10769.6245115297,4.0377297,-0.59693274,23.894262,0.0,0.46810469145006
1384fa5a1bee2272f0272bc4,0,10779.6245120047,4.037375,-0.5961452,23.957403,0.0,0.46976200221367703
1384fa5a1bee2272f0272bc4,0,10789.6245124796,4.037178,-0.59712964,23.988976,0.0,0.47141928966969804
1384fa5a1bee2272f0272bc4,0,10799.6245129546,4.0368233,-0.5963421,23.981081,0.0,0.473076557754924
1384fa5a1bee2272f0272bc4,0,10809.6245134296,4.0366263,-0.59772034,24.028437,0.0,0.474733836678806
1384fa5a1bee2272f0272bc4,0,10819.6245139046,4.0363507,-0.5965387,23.97319,0.0,0.47639125844601105
1384fa5a1bee2272f0272bc4,0,10829.6245143795,4.0361538,-0.59693237,23.807444,0.0,0.478048684801466
1384fa5a1bee2272f0272bc4,0,10839.6245148545,4.0358782,-0.59653888,23.941618,0.0,0.479706053844164
1384fa5a1bee2272f0272bc4,0,10849.6245153295,4.0354843,-0.59614508,24.099472,0.0,0.481363372794325
1384fa5a1bee2272f0272bc4,0,10859.6245158045,4.0351691,-0.59653906,24.083685,0.0,0.48302078253275604
1384fa5a1bee2272f0272bc4,0,10869.6245162794,4.0350113,-0.59614539,23.949512,0.0,0.484678243997057
1384fa5a1bee2272f0272bc4,0,10879.6245167544,4.0347357,-0.5955545,24.0679,0.0,0.486335646502754
1384fa5a1bee2272f0272bc4,0,10889.6245172294,4.0343022,-0.59673596,24.075794,0.0,0.48799309856272405
1384fa5a1bee2272f0272bc4,0,10899.6245177044,4.0340266,-0.59594836,24.107363,0.0,0.489650659133742
1384fa5a1bee2272f0272bc4,0,10909.6245181793,4.0337114,-0.59752313,23.744303,0.0,0.49130814379604804
1384fa5a1bee2272f0272bc4,0,10919.6245186543,4.0335145,-0.59693274,24.107363,0.0,0.492965607133586
1384fa5a1bee2272f0272bc4,0,10929.6245191293,4.0331597,-0.59614539,23.941618,0.0,0.494623168151347
1384fa5a1bee2272f0272bc4,0,10939.6245196043,4.0328445,-0.59634204,24.075794,0.0,0.49628069099755207
1384fa5a1bee2272f0272bc4,0,10949.6245200792,4.0324903,-0.59634229,23.97319,0.0,0.497938291406487
1384fa5a1bee2272f0272bc4,0,10959.6245205542,4.0321751,-0.5967359,23.839016,0.0,0.49959584127098905
1384fa5a1bee2272f0272bc4,0,10969.6245210292,4.0317812,-0.59594836,24.012653,0.0,0.501253437635125
1384fa5a1bee2272f0272bc4,0,10979.6245215042,4.0316234,-0.5967357200000001,24.020544,0.0,0.502911108478427
1384fa5a1bee2272f0272bc4,0,10989.6245219791,4.0311904,-0.5969328,24.091578,0.0,0.504568832910529
1384fa5a1bee2272f0272bc4,0,10999.6245224541,4.0307961,-0.59614508,24.107363,0.0,0.506226560631714
1384fa5a1bee2272f0272bc4,0,11009.6245229291,4.0303631,-0.59634222,24.036331,0.0,0.5078842266546291
1384fa5a1bee2272f0272bc4,0,11019.6245234041,4.0299692,-0.59673608,23.941618,0.0,0.5095419123752171
1384fa5a1bee2272f0272bc4,0,11029.624523879,4.0297723,-0.5967359,24.044222,0.0,0.511199665363397
1384fa5a1bee2272f0272bc4,0,11039.624524354,4.0293388,-0.59693274,24.131041,0.0,0.512857417480231
1384fa5a1bee2272f0272bc4,0,11049.624524829,4.028945,-0.59653888,23.965296,0.0,0.514515232602336
1384fa5a1bee2272f0272bc4,0,11059.624525304,4.0285506,-0.59752344,24.012653,0.0,0.516173147359823
1384fa5a1bee2272f0272bc4,0,11069.6245257789,4.0282359,-0.59614508,24.036331,0.0,0.517831060574205
1384fa5a1bee2272f0272bc4,0,11079.6245262539,4.0278416,-0.5957513400000001,24.004759,0.0,0.519488909265476
1384fa5a1bee2272f0272bc4,0,11089.6245267289,4.0274477,-0.5961452,23.957403,0.0,0.521146663237915
1384fa5a1bee2272f0272bc4,0,11099.6245272039,4.0270538,-0.5965389400000001,24.154718,0.0,0.522804486014947
1384fa5a1bee2272f0272bc4,0,11109.6245276788,4.0265813,-0.5961452,23.752197,0.0,0.524462353081224
1384fa5a1bee2272f0272bc4,0,11119.6245281538,4.0261874,-0.59752319,23.981081,0.0,0.526120237990722
1384fa5a1bee2272f0272bc4,0,11129.6245286288,4.0258722,-0.59732678,24.091578,0.0,0.5277781112948939
1384fa5a1bee2272f0272bc4,0,11139.6245291038,4.0254784,-0.59673596,23.902157,0.0,0.5294359377929341
1384fa5a1bee2272f0272bc4,0,11149.6245295787,4.0250053,-0.5971297600000001,23.988976,0.0,0.5310937744713671
1384fa5a1bee2272f0272bc4,0,11159.6245300537,4.0246115,-0.59791748,24.004759,0.0,0.532751628417324
1384fa5a1bee2272f0272bc4,0,11169.6245305287,4.0241389,-0.5965389400000001,24.044222,0.0,0.534409497474908
1384fa5a1bee2272f0272bc4,0,11179.6245310037,4.0237055,-0.59732642,24.0679,0.0,0.536067407766757
1384fa5a1bee2272f0272bc4,0,11189.6245314786,4.0232329,-0.59673596,23.760088,0.0,0.537725358955451
1384fa5a1bee2272f0272bc4,0,11199.6245319536,4.0227995,-0.59673596,23.91794,0.0,0.53938336539232
1384fa5a1bee2272f0272bc4,0,11209.6245324286,4.022366,-0.59653888,24.099472,0.0,0.541041379251946
1384fa5a1bee2272f0272bc4,0,11219.6245329035,4.0219722,-0.59752344,24.012653,0.0,0.542699410943129
1384fa5a1bee2272f0272bc4,0,11229.6245333785,4.0214205,-0.5965389400000001,23.965296,0.0,0.544357352616543
1384fa5a1bee2272f0272bc4,0,11239.6245338535,4.0209479,-0.59693256,23.925835,0.0,0.5460153371662729
1384fa5a1bee2272f0272bc4,0,11249.6245343285,4.0205145,-0.59712933,23.933725,0.0,0.547673355854289
1384fa5a1bee2272f0272bc4,0,11259.6245348034,4.0200419,-0.59732648,24.020544,0.0,0.549331393682115
1384fa5a1bee2272f0272bc4,0,11269.6245352784,4.0195298,-0.59712982,23.894262,0.0,0.550989442673848
1384fa5a1bee2272f0272bc4,0,11279.6245357534,4.0190177,-0.5965387,23.728519,0.0,0.5526474393766619
1384fa5a1bee2272f0272bc4,0,11289.6245362284,4.0185843,-0.59752319,23.91794,0.0,0.554305417932027
1384fa5a1bee2272f0272bc4,0,11299.6245367033,4.0180721,-0.5975233200000001,23.949512,0.0,0.555963459383579
1384fa5a1bee2272f0272bc4,0,11309.6245371783,4.01756,-0.59752362,23.957403,0.0,0.5576215491783649
1384fa5a1bee2272f0272bc4,0,11319.6245376533,4.0169692,-0.5965389400000001,24.209969,0.0,0.559279579911228
1384fa5a1bee2272f0272bc4,0,11329.6245381283,4.0164967,-0.5971297600000001,23.886372,0.0,0.560937628152127
1384fa5a1bee2272f0272bc4,0,11339.6245386032,4.0160236,-0.5957514,24.004759,0.0,0.562595811046549
1384fa5a1bee2272f0272bc4,0,11349.6245390782,4.0154328,-0.5961452,23.910049,0.0,0.5642540173307969
1384fa5a1bee2272f0272bc4,0,11359.6245395532,4.0149603,-0.59772064,24.0679,0.0,0.565912264976162
1384fa5a1bee2272f0272bc4,0,11369.6245400282,4.0144482,-0.5969328,23.996866,0.0,0.567570507813416
1384fa5a1bee2272f0272bc4,0,11379.6245405031,4.0138965,-0.59653906,24.028437,0.0,0.56922881572737
1384fa5a1bee2272f0272bc4,0,11389.6245409781,4.013463,-0.59732666,23.878479,0.0,0.570887037997505
1384fa5a1bee2272f0272bc4,0,11399.6245414531,4.0129905,-0.59712958,23.862694,0.0,0.572545143889025
1384fa5a1bee2272f0272bc4,0,11409.6245419281,4.0122814,-0.59752344,24.004759,0.0,0.574203368025445
1384fa5a1bee2272f0272bc4,0,11419.624542403,4.0117297,-0.5963421,24.083685,0.0,0.575861635044929
1384fa5a1bee2272f0272bc4,0,11429.624542878,4.0112967,-0.5967357799999999,24.044222,0.0,0.5775198915489711
1384fa5a1bee2272f0272bc4,0,11439.624543353,4.0106664,-0.59693262,24.099472,0.0,0.579178201097175
1384fa5a1bee2272f0272bc4,0,11449.624543828,4.0102329,-0.59673596,23.925835,0.0,0.580836517333849
1384fa5a1bee2272f0272bc4,0,11459.6245443029,4.0095239,-0.59673596,23.981081,0.0,0.582494805897828
1384fa5a1bee2272f0272bc4,0,11469.6245447779,4.0089722,-0.59614508,23.988976,0.0,0.584153147830709
1384fa5a1bee2272f0272bc4,0,11479.6245452529,4.0084996,-0.59614502,24.028437,0.0,0.585811496425985
1384fa5a1bee2272f0272bc4,0,11489.6245457279,4.0078692,-0.5965389400000001,23.941618,0.0,0.58746981909512
1384fa5a1bee2272f0272bc4,0,11499.6245462028,4.007318,-0.5971297600000001,24.028437,0.0,0.589128105774096
1384fa5a1bee2272f0272bc4,0,11509.6245466778,4.0067267,-0.59673608,24.020544,0.0,0.590786471106229
1384fa5a1bee2272f0272bc4,0,11519.6245471528,4.0061359,-0.5975233200000001,23.97319,0.0,0.592444812152643
1384fa5a1bee2272f0272bc4,0,11529.6245476278,4.0055056,-0.5981141400000001,23.957403,0.0,0.594103134824185
1384fa5a1bee2272f0272bc4,0,11539.6245481027,4.0049934,-0.59732648,24.075794,0.0,0.595761464393175
1384fa5a1bee2272f0272bc4,0,11548.5605485272,4.0172057,-0.057672455,23.886372,0.0,0.5967932966781511
1384fa5a1bee2272f0272bc4,0,11558.5605490021,4.0218539,-0.056097588000000004,24.154718,0.0,0.596951648462285
1384fa5a1bee2272f0272bc4,0,11568.5605494771,4.0247297,-0.057081577,24.12315,0.0,0.597110025727929
1384fa5a1bee2272f0272bc4,0,11577.5605499046,4.0144873,-0.5979170500000001,24.288893,0.0,0.5975527873608509
1384fa5a1bee2272f0272bc4,0,11587.5605503796,4.0107055,-0.5965389400000001,24.154718,0.0,0.599211269860783
1384fa5a1bee2272f0272bc4,0,11597.5605508545,4.0083814,-0.5965387600000001,23.933725,0.0,0.6008696846539081
1384fa5a1bee2272f0272bc4,0,11607.5605513295,4.0065298,-0.59653906,24.162611,0.0,0.6025280940874681
1384fa5a1bee2272f0272bc4,0,11617.5605518045,4.0049148,-0.59752344,24.044222,0.0,0.604186545312341
1384fa5a1bee2272f0272bc4,0,11627.5605522795,4.0037332,-0.59673608,24.217859,0.0,0.605844947538124
1384fa5a1bee2272f0272bc4,0,11637.5605527544,4.0026693,-0.59732666,24.202074,0.0,0.607503302950111
1384fa5a1bee2272f0272bc4,0,11647.5605532294,4.0016451,-0.5973266,24.296787,0.0,0.6091616720430271
1384fa5a1bee2272f0272bc4,0,11657.5605537044,4.0007787,-0.59732666,24.060009,0.0,0.6108200462606921
1384fa5a1bee2272f0272bc4,0,11667.5605541794,3.999912,-0.5965387,24.091578,0.0,0.612478481171377
1384fa5a1bee2272f0272bc4,0,11677.5605546543,3.9991241,-0.59752344,24.154718,0.0,0.6141369283277159
1384fa5a1bee2272f0272bc4,0,11687.5605551293,3.9983757,-0.59693274,24.060009,0.0,0.615795397577695
1384fa5a1bee2272f0272bc4,0,11697.5605556043,3.9976666,-0.59712958,23.925835,0.0,0.617453765096277
1384fa5a1bee2272f0272bc4,0,11707.5605560793,3.9969969,-0.59653906,24.099472,0.0,0.61911214521099
1384fa5a1bee2272f0272bc4,0,11717.5605565542,3.9962089,-0.59732642,23.957403,0.0,0.6207704509445641
1384fa5a1bee2272f0272bc4,0,11727.5605570292,3.9956181,-0.59772034,24.12315,0.0,0.622428777238069
1384fa5a1bee2272f0272bc4,0,11737.5605575042,3.994909,-0.59712958,24.004759,0.0,0.624087052463255
1384fa5a1bee2272f0272bc4,0,11747.5605579792,3.9941607,-0.5969328,24.099472,0.0,0.6257454476756571
1384fa5a1bee2272f0272bc4,0,11757.5605584541,3.9935696,-0.5975238,24.099472,0.0,0.627403925344656
1384fa5a1bee2272f0272bc4,0,11767.5605589291,3.9928606,-0.59732648,24.028437,0.0,0.6290623667192701
1384fa5a1bee2272f0272bc4,0,11777.5605594041,3.9922302,-0.59634241,24.186291,0.0,0.6307208995220049
1384fa5a1bee2272f0272bc4,0,11787.5605598791,3.9915605,-0.59712982,24.060009,0.0,0.632379418660595
1384fa5a1bee2272f0272bc4,0,11797.560560354,3.9909303,-0.5967357200000001,24.202074,0.0,0.6340378434113
1384fa5a1bee2272f0272bc4,0,11807.560560829,3.9901817,-0.59634222,24.107363,0.0,0.635696326352279
1384fa5a1bee2272f0272bc4,0,11817.560561304,3.9895909,-0.5973266,24.186291,0.0,0.6373547177428971
1384fa5a1bee2272f0272bc4,0,11827.560561779,3.9888425,-0.59614526,23.949512,0.0,0.639013144030943
1384fa5a1bee2272f0272bc4,0,11837.5605622539,3.9881334,-0.59712958,24.162611,0.0,0.640671642625371
1384fa5a1bee2272f0272bc4,0,11847.5605627289,3.9876213,-0.59850787,24.154718,0.0,0.642330139239073
1384fa5a1bee2272f0272bc4,0,11857.5605632039,3.9868727,-0.59712958,24.146828,0.0,0.643988691413721
1384fa5a1bee2272f0272bc4,0,11867.5605636788,3.9862425,-0.5967359,24.265215,0.0,0.645647181563698
1384fa5a1bee2272f0272bc4,0,11877.5605641538,3.9855335,-0.5967359,24.273109,0.0,0.647305725445501
1384fa5a1bee2272f0272bc4,0,11887.5605646288,3.9848244,-0.59653906,24.225752,0.0,0.648964321407889
1384fa5a1bee2272f0272bc4,0,11897.5605651038,3.984194,-0.59712964,24.194181,0.0,0.650622870885123
1384fa5a1bee2272f0272bc4,0,11907.5605655787,3.983485,-0.59732678,24.004759,0.0,0.6522816272117231
1384fa5a1bee2272f0272bc4,0,11917.5605660537,3.9828546,-0.59870453,24.115255,0.0,0.6539411385768761
1384fa5a1bee2272f0272bc4,0,11927.5605665287,3.981988,-0.5979173600000001,24.044222,0.0,0.655601436378152
1384fa5a1bee2272f0272bc4,0,11937.5605670037,3.9815152,-0.5973266,24.312571,0.0,0.657262008619499
1384fa5a1bee2272f0272bc4,0,11947.5605674786,3.980885,-0.59811401,24.273109,0.0,0.658922296670544
1384fa5a1bee2272f0272bc4,0,11957.5605679536,3.9800971,-0.59712964,24.138933,0.0,0.660582350114385
1384fa5a1bee2272f0272bc4,0,11967.5605684286,3.9793093,-0.59712933,24.099472,0.0,0.662242452535243
1384fa5a1bee2272f0272bc4,0,11977.5605689036,3.9786,-0.59693311,24.146828,0.0,0.663902510014084
1384fa5a1bee2272f0272bc4,0,11987.5605693785,3.9780092,-0.5981141400000001,23.862694,0.0,0.665562503807487
1384fa5a1bee2272f0272bc4,0,11997.5605698535,3.9772608,-0.59712946,24.036331,0.0,0.667222480882954
1384fa5a1bee2272f0272bc4,0,12007.5605703285,3.9766304,-0.59653906,24.273109,0.0,0.668882465498941
1384fa5a1bee2272f0272bc4,0,12017.5605708035,3.9759214,-0.5979173,24.209969,0.0,0.670542439827079
1384fa5a1bee2272f0272bc4,0,12027.5605712785,3.9752517,-0.5981141400000001,24.194181,0.0,0.672202477496791
1384fa5a1bee2272f0272bc4,0,12037.5605717534,3.9744244,-0.59831055,24.012653,0.0,0.6738626038696071
1384fa5a1bee2272f0272bc4,0,12047.5605722284,3.9737942,-0.59772034,24.131041,0.0,0.675522777915696
1384fa5a1bee2272f0272bc4,0,12057.5605727034,3.9730062,-0.59870453,23.988976,0.0,0.677183411911091
1384fa5a1bee2272f0272bc4,0,12067.5605731783,3.9722579,-0.59732629,24.0679,0.0,0.678844162275674
1384fa5a1bee2272f0272bc4,0,12077.5605736533,3.9716275,-0.59850781,24.12315,0.0,0.680504625074611
1384fa5a1bee2272f0272bc4,0,12087.5605741283,3.9708791,-0.5973266,24.044222,0.0,0.682164697291137
1384fa5a1bee2272f0272bc4,0,12097.5605746033,3.9700518,-0.5967359,24.241537,0.0,0.6838243067361239
1384fa5a1bee2272f0272bc4,0,12107.5605750782,3.969461,-0.59732666,24.138933,0.0,0.685483578209885
1384fa5a1bee2272f0272bc4,0,12117.5605755532,3.9687519,-0.59634229,24.178396,0.0,0.6871423877660581
1384fa5a1bee2272f0272bc4,0,12127.5605760282,3.9680033,-0.59752362,23.894262,0.0,0.6888009724242949
1384fa5a1bee2272f0272bc4,0,12137.5605765032,3.9672942,-0.59712958,24.131041,0.0,0.6904594337090171
1384fa5a1bee2272f0272bc4,0,12147.5605769781,3.9666245,-0.59712933,24.154718,0.0,0.692118015632777
1384fa5a1bee2272f0272bc4,0,12157.5605774531,3.9657578,-0.5967359,24.241537,0.0,0.693776549640447
1384fa5a1bee2272f0272bc4,0,12167.5605779281,3.9650488,-0.5967361499999999,24.036331,0.0,0.695435124446491
1384fa5a1bee2272f0272bc4,0,12177.5605784031,3.9643397,-0.5963421,23.988976,0.0,0.697093630018051
1384fa5a1bee2272f0272bc4,0,12187.560578878,3.9636307,-0.59772028,24.162611,0.0,0.6987521266207329
1384fa5a1bee2272f0272bc4,0,12197.560579353,3.9628823,-0.5981143200000001,23.925835,0.0,0.7004106068177071
1384fa5a1bee2272f0272bc4,0,12207.560579828,3.962173,-0.59752344,24.170504,0.0,0.702069134462767
1384fa5a1bee2272f0272bc4,0,12217.560580303,3.9614639,-0.59732642,24.036331,0.0,0.7037276299580331
1384fa5a1bee2272f0272bc4,0,12227.5605807779,3.9606369,-0.59693274,24.312571,0.0,0.705385813743976
1384fa5a1bee2272f0272bc4,0,12237.5605812529,3.9600458,-0.59634222,24.060009,0.0,0.707044012938753
1384fa5a1bee2272f0272bc4,0,12247.5605817279,3.9593368,-0.59732648,24.083685,0.0,0.708702227016444
1384fa5a1bee2272f0272bc4,0,12257.5605822029,3.9585094,-0.59712964,23.981081,0.0,0.710360428620889
1384fa5a1bee2272f0272bc4,0,12267.5605826778,3.957761,-0.5967359,24.154718,0.0,0.712018651239942
1384fa5a1bee2272f0272bc4,0,12277.5605831528,3.9569731,-0.5961452,24.154718,0.0,0.7136767913995821
1384fa5a1bee2272f0272bc4,0,12287.5605836278,3.9563429,-0.59772015,24.12315,0.0,0.7153349673152449
1384fa5a1bee2272f0272bc4,0,12297.5605841028,3.955555,-0.5961452,24.060009,0.0,0.716993088559582
1384fa5a1bee2272f0272bc4,0,12307.5605845777,3.9549248,-0.5967356,24.099472,0.0,0.718651258589422
1384fa5a1bee2272f0272bc4,0,12317.5605850527,3.9540975,-0.59634204,24.281,0.0,0.7203093743459179
1384fa5a1bee2272f0272bc4,0,12327.5605855277,3.9533489,-0.59772046,24.265215,0.0,0.721967489020194
1384fa5a1bee2272f0272bc4,0,12337.5605860027,3.9526398,-0.59653906,24.352034,0.0,0.7236256932653921
1384fa5a1bee2272f0272bc4,0,12347.5605864776,3.9518127,-0.59712958,24.099472,0.0,0.725283925416034
1384fa5a1bee2272f0272bc4,0,12357.5605869526,3.9511034,-0.59712964,24.115255,0.0,0.72694215963787
1384fa5a1bee2272f0272bc4,0,12367.5605874276,3.9505126,-0.5967359,24.12315,0.0,0.728600383464401
1384fa5a1bee2272f0272bc4,0,12377.5605879025,3.9496067,-0.59614545,24.24943,0.0,0.7302585182356891
1384fa5a1bee2272f0272bc4,0,12387.5605883775,3.9489369,-0.59693292,23.862694,0.0,0.731916712745577
1384fa5a1bee2272f0272bc4,0,12397.5605888525,3.9481885,-0.59732666,24.131041,0.0,0.733574906609068
1384fa5a1bee2272f0272bc4,0,12407.5605893275,3.947243,-0.59732678,24.091578,0.0,0.735233093252372
1384fa5a1bee2272f0272bc4,0,12417.5605898024,3.9467702,-0.5959481799999999,23.91794,0.0,0.7368913337035911
1384fa5a1bee2272f0272bc4,0,12427.5605902774,3.9458642,-0.59693274,24.202074,0.0,0.7385495334680631
1384fa5a1bee2272f0272bc4,0,12437.5605907524,3.9452338,-0.5963421,24.052114,0.0,0.7402076753585249
1384fa5a1bee2272f0272bc4,0,12447.5605912274,3.9443672,-0.5961452,24.091578,0.0,0.741865848109278
1384fa5a1bee2272f0272bc4,0,12457.5605917023,3.9436977,-0.59653931,23.97319,0.0,0.743524047434398
1384fa5a1bee2272f0272bc4,0,12467.5605921773,3.9429491,-0.59752313,24.131041,0.0,0.745182333182961
1384fa5a1bee2272f0272bc4,0,12477.5605926523,3.94224,-0.59594855,24.099472,0.0,0.746840599453441
1384fa5a1bee2272f0272bc4,0,12487.5605931273,3.9414523,-0.59634204,24.028437,0.0,0.7484989247874051
1384fa5a1bee2272f0272bc4,0,12497.5605936022,3.9407036,-0.5967357799999999,24.146828,0.0,0.750157255362187
1384fa5a1bee2272f0272bc4,0,12507.5605940772,3.9399946,-0.5969328,24.320465,0.0,0.751815514420618
1384fa5a1bee2272f0272bc4,0,12517.5605945522,3.9392855,-0.5973266,24.115255,0.0,0.753473831985281
1384fa5a1bee2272f0272bc4,0,12527.5605950272,3.9384978,-0.59752362,23.831121,0.0,0.755132180625723
1384fa5a1bee2272f0272bc4,0,12537.5605955021,3.9377098,-0.59594836,24.209969,0.0,0.756790476964122
1384fa5a1bee2272f0272bc4,0,12547.5605959771,3.9370401,-0.59614539,24.115255,0.0,0.7584487928858551
1384fa5a1bee2272f0272bc4,0,12557.5605964521,3.9363704,-0.59673596,24.178396,0.0,0.7601070497485469
1384fa5a1bee2272f0272bc4,0,12567.5605969271,3.9355037,-0.59653906,24.044222,0.0,0.76176529469375
1384fa5a1bee2272f0272bc4,0,12577.560597402,3.934834,-0.5965391200000001,24.209969,0.0,0.763423557241528
1384fa5a1bee2272f0272bc4,0,12587.560597877,3.9340856,-0.59614539,24.075794,0.0,0.7650817949614239
1384fa5a1bee2272f0272bc4,0,12597.560598352,3.9333372,-0.59712982,24.028437,0.0,0.766740072383265
1384fa5a1bee2272f0272bc4,0,12607.560598827,3.9326282,-0.59614539,24.083685,0.0,0.768398365577506
1384fa5a1bee2272f0272bc4,0,12617.5605993019,3.9319584,-0.59712964,24.281,0.0,0.770056541273069
1384fa5a1bee2272f0272bc4,0,12627.5605997769,3.9312494,-0.5975235,24.036331,0.0,0.771714742352239
1384fa5a1bee2272f0272bc4,0,12637.5606002519,3.9305007,-0.59752344,24.202074,0.0,0.7733729390505419
1384fa5a1bee2272f0272bc4,0,12647.5606007269,3.9297917,-0.59673608,24.146828,0.0,0.775031225209023
1384fa5a1bee2272f0272bc4,0,12657.5606012018,3.9290433,-0.59732648,24.194181,0.0,0.776689481945507
1384fa5a1bee2272f0272bc4,0,12667.5606016768,3.9282553,-0.59712933,24.186291,0.0,0.778347817864052
1384fa5a1bee2272f0272bc4,0,12677.5606021518,3.9275856,-0.5973266,24.273109,0.0,0.780006159901813
1384fa5a1bee2272f0272bc4,0,12687.5606026268,3.9268765,-0.59772015,24.170504,0.0,0.781664408758896
1384fa5a1bee2272f0272bc4,0,12697.5606031017,3.9260888,-0.5967357200000001,24.273109,0.0,0.783322691084369
1384fa5a1bee2272f0272bc4,0,12707.5606035767,3.9254191,-0.59772015,24.138933,0.0,0.784981017269638
1384fa5a1bee2272f0272bc4,0,12717.5606040517,3.9245918,-0.59634222,24.359926,0.0,0.7866394942850871
1384fa5a1bee2272f0272bc4,0,12727.5606045267,3.9239614,-0.5981138300000001,24.028437,0.0,0.7882988020207501
1384fa5a1bee2272f0272bc4,0,12737.5606050016,3.9232919,-0.5979173,24.138933,0.0,0.789958745786382
1384fa5a1bee2272f0272bc4,0,12747.5606054766,3.9224646,-0.59653906,24.273109,0.0,0.7916186526988169
1384fa5a1bee2272f0272bc4,0,12757.5606059516,3.9217556,-0.59752313,24.336248,0.0,0.793278421876673
1384fa5a1bee2272f0272bc4,0,12767.5606064266,3.9211252,-0.5987047700000001,24.178396,0.0,0.794938257989344
1384fa5a1bee2272f0272bc4,0,12777.5606069015,3.9204555,-0.59752319,24.194181,0.0,0.796598060772717
1384fa5a1bee2272f0272bc4,0,12787.5606073765,3.9197071,-0.59850812,24.194181,0.0,0.798257841030048
1384fa5a1bee2272f0272bc4,0,12797.5606078515,3.9190767,-0.59634204,24.178396,0.0,0.799917626315557
1384fa5a1bee2272f0272bc4,0,12807.5606083265,3.9183283,-0.5975235,24.478315,0.0,0.801577378130233
1384fa5a1bee2272f0272bc4,0,12817.5606088014,3.9176586,-0.59791718,24.0679,0.0,0.803237102615198
1384fa5a1bee2272f0272bc4,0,12827.5606092764,3.9169888,-0.59634222,24.281,0.0,0.80489688835525
1384fa5a1bee2272f0272bc4,0,12837.5606097514,3.9161615,-0.59732648,24.154718,0.0,0.806556665123676
1384fa5a1bee2272f0272bc4,0,12847.5606102264,3.9156101,-0.5971297600000001,24.186291,0.0,0.8082164058105921
1384fa5a1bee2272f0272bc4,0,12857.5606107013,3.9147041,-0.59890173,24.209969,0.0,0.809876051226547
1384fa5a1bee2272f0272bc4,0,12867.5606111763,3.9140737,-0.59712933,24.170504,0.0,0.811535647551518
1384fa5a1bee2272f0272bc4,0,12877.5606116513,3.913404,-0.59712946,24.225752,0.0,0.813195321632736
1384fa5a1bee2272f0272bc4,0,12887.5606121262,3.9127343,-0.5973262300000001,24.028437,0.0,0.814855025129745
1384fa5a1bee2272f0272bc4,0,12897.5606126012,3.9120648,-0.59831104,24.154718,0.0,0.816514712234881
1384fa5a1bee2272f0272bc4,0,12907.5606130762,3.9114344,-0.5975238,24.138933,0.0,0.818174477652803
1384fa5a1bee2272f0272bc4,0,12917.5606135512,3.910686,-0.59752362,24.131041,0.0,0.819834212780841
1384fa5a1bee2272f0272bc4,0,12927.5606140261,3.9100556,-0.5965389400000001,24.178396,0.0,0.821493969438488
1384fa5a1bee2272f0272bc4,0,12937.5606145011,3.9093072,-0.59712964,24.265215,0.0,0.8231537296947
1384fa5a1bee2272f0272bc4,0,12947.5606149761,3.9087162,-0.5981144399999999,24.131041,0.0,0.8248134532247701
1384fa5a1bee2272f0272bc4,0,12957.5606154511,3.9080861,-0.59594867,24.241537,0.0,0.826473276605677
1384fa5a1bee2272f0272bc4,0,12967.560615926,3.9073374,-0.59811401,24.107363,0.0,0.828132959428994
1384fa5a1bee2272f0272bc4,0,12977.560616401,3.9067466,-0.59712958,24.146828,0.0,0.829792585161517
1384fa5a1bee2272f0272bc4,0,12987.560616876,3.9060376,-0.5979173600000001,24.138933,0.0,0.831452237694951
1384fa5a1bee2272f0272bc4,0,12997.560617351,3.9054072,-0.59732648,24.075794,0.0,0.8331118299780391
1384fa5a1bee2272f0272bc4,0,13007.5606178259,3.9046981,-0.59732648,23.981081,0.0,0.834771441504325
1384fa5a1bee2272f0272bc4,0,13017.5606183009,3.9040284,-0.59732648,24.083685,0.0,0.836430999747767
1384fa5a1bee2272f0272bc4,0,13027.5606187759,3.903477,-0.59772034,24.099472,0.0,0.8380906753568641
1384fa5a1bee2272f0272bc4,0,13037.5606192509,3.9028862,-0.59712933,23.823231,0.0,0.839750215556855
1384fa5a1bee2272f0272bc4,0,13047.5606197258,3.9022164,-0.59831091,23.941618,0.0,0.841410163640419
1384fa5a1bee2272f0272bc4,0,13057.5606202008,3.9015074,-0.5975233200000001,24.312571,0.0,0.8430712720131881
1384fa5a1bee2272f0272bc4,0,13067.5606206758,3.9007981,-0.59870471,24.24943,0.0,0.844732269162745
1384fa5a1bee2272f0272bc4,0,13077.5606211508,3.900286,-0.59752319,24.12315,0.0,0.846393332121831
1384fa5a1bee2272f0272bc4,0,13087.5606216257,3.8995769,-0.59890179,24.052114,0.0,0.848054348938068
1384fa5a1bee2272f0272bc4,0,13097.5606221007,3.8989468,-0.5973266,23.97319,0.0,0.8497153385122801
1384fa5a1bee2272f0272bc4,0,13107.5606225757,3.8983953,-0.59712964,23.941618,0.0,0.851376271654641
1384fa5a1bee2272f0272bc4,0,13117.5606230507,3.8977256,-0.5979170500000001,23.996866,0.0,0.85303726527623
1384fa5a1bee2272f0272bc4,0,13127.5606235256,3.8970559,-0.59831104,24.202074,0.0,0.85469807612628
1384fa5a1bee2272f0272bc4,0,13137.5606240006,3.8963861,-0.5981141400000001,23.886372,0.0,0.8563589070929409
1384fa5a1bee2272f0272bc4,0,13147.5606244756,3.8957558,-0.59850787,24.288893,0.0,0.8580198089304051
1384fa5a1bee2272f0272bc4,0,13157.5606249506,3.8950861,-0.5979170500000001,24.052114,0.0,0.859680716572312
1384fa5a1bee2272f0272bc4,0,13167.5606254255,3.8946528,-0.59870453,23.783766,0.0,0.861341634272236
1384fa5a1bee2272f0272bc4,0,13177.5606259005,3.8940225,-0.5979170500000001,23.941618,0.0,0.8630025580035521
1384fa5a1bee2272f0272bc4,0,13187.5606263755,3.8933527,-0.59772015,23.712734,0.0,0.864663670937953
1384fa5a1bee2272f0272bc4,0,13197.5606268505,3.8927226,-0.59772034,23.91794,0.0,0.86632469155156
1384fa5a1bee2272f0272bc4,0,13207.5606273254,3.891974,-0.59732678,23.925835,0.0,0.867985676625276
1384fa5a1bee2272f0272bc4,0,13217.5606278004,3.8914618,-0.59772034,24.020544,0.0,0.869646536030184
1384fa5a1bee2272f0272bc4,0,13227.5606282754,3.8909104,-0.5971297600000001,24.115255,0.0,0.8713074257383
1384fa5a1bee2272f0272bc4,0,13237.5606287504,3.8902802,-0.5979173,23.925835,0.0,0.87296836170469
1384fa5a1bee2272f0272bc4,0,13247.5606292253,3.8896892,-0.59850781,23.996866,0.0,0.8746294394306561
1384fa5a1bee2272f0272bc4,0,13257.5606297003,3.8891771,-0.5981143200000001,23.846907,0.0,0.8762905545512
1384fa5a1bee2272f0272bc4,0,13267.5606301753,3.8885074,-0.59614502,23.910049,0.0,0.877951657301072
1384fa5a1bee2272f0272bc4,0,13277.5606306503,3.8881135,-0.5979169900000001,23.981081,0.0,0.879612760939479
1384fa5a1bee2272f0272bc4,0,13287.5606311252,3.8874438,-0.59890155,23.925835,0.0,0.881273807027634
1384fa5a1bee2272f0272bc4,0,13297.5606316002,3.8868923,-0.5979173,24.146828,0.0,0.882934907153909
1384fa5a1bee2272f0272bc4,0,13307.5606320752,3.8861043,-0.5961452,24.004759,0.0,0.8845959234992941
1384fa5a1bee2272f0272bc4,0,13317.5606325502,3.8856318,-0.59732678,23.949512,0.0,0.8862569767033
1384fa5a1bee2272f0272bc4,0,13327.5606330251,3.8851197,-0.59870471,24.028437,0.0,0.887918024010904
1384fa5a1bee2272f0272bc4,0,13337.5606335001,3.8845286,-0.59791718,24.012653,0.0,0.8895791341189361
1384fa5a1bee2272f0272bc4,0,13347.5606339751,3.8839772,-0.59831122,24.012653,0.0,0.8912402709060121
1384fa5a1bee2272f0272bc4,0,13357.5606344501,3.8834257,-0.59831091,24.036331,0.0,0.892901390400606
1384fa5a1bee2272f0272bc4,0,13367.560634925,3.882756,-0.59831116,24.012653,0.0,0.894562557799051
1384fa5a1bee2272f0272bc4,0,13377.5606354,3.8822832,-0.5994924300000001,24.162611,0.0,0.8962236712743251
1384fa5a1bee2272f0272bc4,0,13387.560635875,3.8816531,-0.59850769,23.996866,0.0,0.8978848022443771
1384fa5a1bee2272f0272bc4,0,13397.56063635,3.8811409,-0.59772015,24.036331,0.0,0.899546049932704
1384fa5a1bee2272f0272bc4,0,13407.5606368249,3.8807468,-0.59850787,23.965296,0.0,0.901207187251871
1384fa5a1bee2272f0272bc4,0,13417.5606372999,3.880156,-0.59752344,24.036331,0.0,0.902868285746913
1384fa5a1bee2272f0272bc4,0,13427.5606377749,3.8795257,-0.5981138300000001,24.020544,0.0,0.904529316183145
1384fa5a1bee2272f0272bc4,0,13437.5606382498,3.8789349,-0.59831085,24.083685,0.0,0.906190401317151
1384fa5a1bee2272f0272bc4,0,13447.5606387248,3.8784621,-0.59811401,23.925835,0.0,0.907851412934345
1384fa5a1bee2272f0272bc4,0,13457.5606391998,3.8779106,-0.59870453,23.902157,0.0,0.909512553063129
1384fa5a1bee2272f0272bc4,0,13467.5606396748,3.8774774,-0.5981142,23.799553,0.0,0.911173631069857
1384fa5a1bee2272f0272bc4,0,13477.5606401497,3.8770046,-0.598508,23.949512,0.0,0.912834789916462
1384fa5a1bee2272f0272bc4,0,13487.5606406247,3.8763742,-0.59831122,24.162611,0.0,0.914495874174444
1384fa5a1bee2272f0272bc4,0,13497.5606410997,3.8756652,-0.5973266,24.209969,0.0,0.9161569857785501
1384fa5a1bee2272f0272bc4,0,13507.5606415747,3.87535,-0.59791748,23.910049,0.0,0.9178180368923731
1384fa5a1bee2272f0272bc4,0,13517.5606420496,3.8747985,-0.59771997,24.028437,0.0,0.9194790767551121
1384fa5a1bee2272f0272bc4,0,13527.5606425246,3.8741682,-0.5967357200000001,24.044222,0.0,0.921140204338018
1384fa5a1bee2272f0272bc4,0,13537.5606429996,3.873656,-0.59831085,24.178396,0.0,0.9228013657324
1384fa5a1bee2272f0272bc4,0,13547.5606434746,3.8732622,-0.5981138300000001,24.036331,0.0,0.9244625461377081
1384fa5a1bee2272f0272bc4,0,13557.5606439495,3.8725924,-0.59791718,23.965296,0.0,0.926123883522318
1384fa5a1bee2272f0272bc4,0,13567.5606444245,3.8722379,-0.59890179,24.138933,0.0,0.927785071924519
1384fa5a1bee2272f0272bc4,0,13577.5606448995,3.8717654,-0.59752344,24.241537,0.0,0.9294462865791621
1384fa5a1bee2272f0272bc4,0,13587.5606453745,3.8710957,-0.59575122,24.052114,0.0,0.9311074389896441
1384fa5a1bee2272f0272bc4,0,13597.5606458494,3.8708591,-0.59811395,24.036331,0.0,0.9327686652080069
1384fa5a1bee2272f0272bc4,0,13607.5606463244,3.8701894,-0.59772052,23.886372,0.0,0.934429924916123
1384fa5a1bee2272f0272bc4,0,13617.5606467994,3.869638,-0.59850787,23.894262,0.0,0.936091195124626
1384fa5a1bee2272f0272bc4,0,13627.5606472744,3.8690865,-0.59831104,23.965296,0.0,0.937752444333848
1384fa5a1bee2272f0272bc4,0,13637.5606477493,3.8686926,-0.5969328,23.807444,0.0,0.93941375227069
1384fa5a1bee2272f0272bc4,0,13647.5606482243,3.8681412,-0.5987047700000001,24.075794,0.0,0.941075084708943
1384fa5a1bee2272f0272bc4,0,13657.5606486993,3.8678653,-0.59870453,24.012653,0.0,0.942736391231702
1384fa5a1bee2272f0272bc4,0,13667.5606491743,3.8671956,-0.5994927400000001,23.97319,0.0,0.944397700362223
1384fa5a1bee2272f0272bc4,0,13677.5606496492,3.8668804,-0.5981138300000001,23.933725,0.0,0.946058904816772
1384fa5a1bee2272f0272bc4,0,13687.5606501242,3.866329,-0.5979175400000001,23.752197,0.0,0.9477201099265331
1384fa5a1bee2272f0272bc4,0,13697.5606505992,3.8658957,-0.59988635,24.083685,0.0,0.9493813416054749
1384fa5a1bee2272f0272bc4,0,13707.5606510742,3.865226,-0.59752362,23.925835,0.0,0.951042546602423
1384fa5a1bee2272f0272bc4,0,13717.5606515491,3.8649108,-0.59791748,23.831121,0.0,0.9527037398998139
1384fa5a1bee2272f0272bc4,0,13727.5606520241,3.864517,-0.59771979,23.925835,0.0,0.954365035887193
1384fa5a1bee2272f0272bc4,0,13737.5606524991,3.8639259,-0.59772015,23.988976,0.0,0.956026250710259
1384fa5a1bee2272f0272bc4,0,13747.5606529741,3.8636107,-0.59850781,24.170504,0.0,0.957687449252909
1384fa5a1bee2272f0272bc4,0,13757.560653449,3.8630986,-0.59909839,24.012653,0.0,0.959348627011461
1384fa5a1bee2272f0272bc4,0,13767.560653924,3.8626654,-0.5987049,23.925835,0.0,0.961009774806938
1384fa5a1bee2272f0272bc4,0,13777.560654399,3.862232,-0.5979173,23.981081,0.0,0.9626707834765421
1384fa5a1bee2272f0272bc4,0,13787.560654874,3.8617198,-0.5975235,23.957403,0.0,0.9643318351173701
1384fa5a1bee2272f0272bc4,0,13797.5606553489,3.8611684,-0.5981141400000001,23.878479,0.0,0.965992866210612
1384fa5a1bee2272f0272bc4,0,13807.5606558239,3.8608139,-0.59772028,23.941618,0.0,0.967654059290412
1384fa5a1bee2272f0272bc4,0,13817.5606562989,3.8603017,-0.59732648,23.902157,0.0,0.969315163887851
1384fa5a1bee2272f0272bc4,0,13827.5606567739,3.8598685,-0.59909845,24.060009,0.0,0.97097628269458
1384fa5a1bee2272f0272bc4,0,13837.5606572488,3.8594744,-0.5979169900000001,24.0679,0.0,0.972637466567193
1384fa5a1bee2272f0272bc4,0,13847.5606577238,3.858923,-0.59890179,23.807444,0.0,0.9742986098799441
1384fa5a1bee2272f0272bc4,0,13857.5606581988,3.8585684,-0.59772028,24.028437,0.0,0.9759597276992931
1384fa5a1bee2272f0272bc4,0,13867.5606586738,3.8581352,-0.59949213,23.97319,0.0,0.97762080942791
1384fa5a1bee2272f0272bc4,0,13877.5606591487,3.8576231,-0.59772009,23.925835,0.0,0.979281830023579
1384fa5a1bee2272f0272bc4,0,13887.5606596237,3.8573079,-0.59772028,23.933725,0.0,0.980942879162611
1384fa5a1bee2272f0272bc4,0,13897.5606600987,3.856914,-0.59831091,23.783766,0.0,0.9826039731377619
1384fa5a1bee2272f0272bc4,0,13907.5606605737,3.8564806,-0.5979168100000001,23.949512,0.0,0.9842650569443561
1384fa5a1bee2272f0272bc4,0,13917.5606610486,3.8559291,-0.5990982699999999,23.815338,0.0,0.985926104120496
1384fa5a1bee2272f0272bc4,0,13927.5606615236,3.8554957,-0.59693243,23.870584,0.0,0.98758715065787
1384fa5a1bee2272f0272bc4,0,13937.5606619986,3.8551807,-0.59850781,24.012653,0.0,0.989248189214863
1384fa5a1bee2272f0272bc4,0,13947.5606624736,3.854708,-0.59772028,23.949512,0.0,0.990909267920681
1384fa5a1bee2272f0272bc4,0,13957.5606629485,3.8542352,-0.5987047700000001,23.878479,0.0,0.99257034792397
1384fa5a1bee2272f0272bc4,0,13967.5606634235,3.853723,-0.59831122,23.910049,0.0,0.994231454287597
1384fa5a1bee2272f0272bc4,0,13977.5606638985,3.8533685,-0.5967356,24.052114,0.0,0.995892468336127
1384fa5a1bee2272f0272bc4,0,13987.5606643734,3.8530533,-0.59831085,23.996866,0.0,0.997553508101752
1384fa5a1bee2272f0272bc4,0,13997.5606648484,3.8525808,-0.59831091,23.878479,0.0,0.999214547422465
1384fa5a1bee2272f0272bc4,0,14007.5606653234,3.8521867,-0.59831085,23.862694,0.0,1.00087570290766
1384fa5a1bee2272f0272bc4,0,14017.5606657984,3.8517535,-0.5981141400000001,23.965296,0.0,1.00253680730887
1384fa5a1bee2272f0272bc4,0,14027.5606662733,3.8513594,-0.5965387600000001,23.736412,0.0,1.0041978170945
1384fa5a1bee2272f0272bc4,0,14037.5606667483,3.8509262,-0.59772046,23.665379,0.0,1.00585882317276
1384fa5a1bee2272f0272bc4,0,14047.5606672233,3.8504927,-0.59831104,24.060009,0.0,1.00751979467453
1384fa5a1bee2272f0272bc4,0,14057.5606676983,3.8502171,-0.59929529,23.870584,0.0,1.00918076037426
1384fa5a1bee2272f0272bc4,0,14067.5606681732,3.849705,-0.59831104,23.752197,0.0,1.01084177769061
1384fa5a1bee2272f0272bc4,0,14077.5606686482,3.8491929,-0.59772015,23.894262,0.0,1.01250273244552
1384fa5a1bee2272f0272bc4,0,14087.5606691232,3.8488777,-0.5979170500000001,23.957403,0.0,1.01416372077207
1384fa5a1bee2272f0272bc4,0,14097.5606695982,3.8484838,-0.59752368,23.894262,0.0,1.01582457458952
1384fa5a1bee2272f0272bc4,0,14107.5606700731,3.8481293,-0.5979170500000001,23.744303,0.0,1.01748550024053
1384fa5a1bee2272f0272bc4,0,14117.5606705481,3.8476958,-0.59712958,23.988976,0.0,1.01914644272317
1384fa5a1bee2272f0272bc4,0,14127.5606710231,3.8471837,-0.59693274,23.870584,0.0,1.02080742307052
1384fa5a1bee2272f0272bc4,0,14137.5606714981,3.8469081,-0.59850787,23.79166,0.0,1.02246833274297
1384fa5a1bee2272f0272bc4,0,14147.560671973,3.8464746,-0.59850787,23.823231,0.0,1.02412925698911
1384fa5a1bee2272f0272bc4,0,14157.560672448,3.8460808,-0.5989014300000001,23.870584,0.0,1.02579028132129
1384fa5a1bee2272f0272bc4,0,14167.560672923,3.8457263,-0.59673608,23.902157,0.0,1.0274513150524
1384fa5a1bee2272f0272bc4,0,14177.560673398,3.8452928,-0.5979173,23.949512,0.0,1.02911222913196
1384fa5a1bee2272f0272bc4,0,14187.5606738729,3.8448989,-0.5981141400000001,24.052114,0.0,1.0307731633404702
1384fa5a1bee2272f0272bc4,0,14197.5606743479,3.8445837,-0.59693262,23.91794,0.0,1.03243407873696
1384fa5a1bee2272f0272bc4,0,14207.5606748229,3.8440716,-0.59811371,23.933725,0.0,1.03409499532272
1384fa5a1bee2272f0272bc4,0,14217.5606752979,3.8437564,-0.59831091,23.902157,0.0,1.0357559312806
1384fa5a1bee2272f0272bc4,0,14227.5606757728,3.8433626,-0.59772009,23.854799,0.0,1.03741685476072
1384fa5a1bee2272f0272bc4,0,14237.5606762478,3.8429687,-0.59791687,23.894262,0.0,1.03907777060311
1384fa5a1bee2272f0272bc4,0,14247.5606767228,3.8426142,-0.5987049,23.910049,0.0,1.04073871323457
1384fa5a1bee2272f0272bc4,0,14257.5606771978,3.8421807,-0.59831091,23.720625,0.0,1.04239973819849
1384fa5a1bee2272f0272bc4,0,14267.5606776727,3.8418262,-0.5981141400000001,23.839016,0.0,1.04406069391277
1384fa5a1bee2272f0272bc4,0,14277.5606781477,3.8413141,-0.59712964,23.894262,0.0,1.04572164833436
1384fa5a1bee2272f0272bc4,0,14287.5606786227,3.8409202,-0.59772009,23.949512,0.0,1.04738261149636
1384fa5a1bee2272f0272bc4,0,14297.5606790977,3.8406444,-0.5979170500000001,24.004759,0.0,1.04904359052539
1384fa5a1bee2272f0272bc4,0,14307.5606795726,3.8404081,-0.59890173,23.965296,0.0,1.05070452755528
1384fa5a1bee2272f0272bc4,0,14317.5606800476,3.8399353,-0.59712958,23.775875,0.0,1.0523653789354201
1384fa5a1bee2272f0272bc4,0,14327.5606805226,3.8394232,-0.59712958,23.886372,0.0,1.0540262799659
1384fa5a1bee2272f0272bc4,0,14337.5606809976,3.8390293,-0.59772034,24.146828,0.0,1.05568720473868
1384fa5a1bee2272f0272bc4,0,14347.5606814725,3.8387141,-0.59772034,23.894262,0.0,1.05734811454232
1384fa5a1bee2272f0272bc4,0,14357.5606819475,3.8383203,-0.59693256,23.988976,0.0,1.0590091411581901
1384fa5a1bee2272f0272bc4,0,14367.5606824225,3.8379657,-0.59772009,23.91794,0.0,1.0606702755311201
1384fa5a1bee2272f0272bc4,0,14377.5606828975,3.8375323,-0.59831091,23.933725,0.0,1.06233141700641
1384fa5a1bee2272f0272bc4,0,14387.5606833724,3.8371384,-0.59831073,23.925835,0.0,1.06399243562769
1384fa5a1bee2272f0272bc4,0,14397.5606838474,3.8367839,-0.59850806,23.996866,0.0,1.0656535447132802
1384fa5a1bee2272f0272bc4,0,14407.5606843224,3.8364687,-0.59811401,23.846907,0.0,1.06731462634319
1384fa5a1bee2272f0272bc4,0,14417.5606847974,3.8359962,-0.59850757,23.799553,0.0,1.06897571628189
1384fa5a1bee2272f0272bc4,0,14427.5606852723,3.8357596,-0.5979173,23.870584,0.0,1.07063669203282
1384fa5a1bee2272f0272bc4,0,14437.5606857473,3.8355234,-0.59988617,23.783766,0.0,1.07229768036341
1384fa5a1bee2272f0272bc4,0,14447.5606862223,3.8350506,-0.5981142,23.870584,0.0,1.07395876057991
1384fa5a1bee2272f0272bc4,0,14457.5606866973,3.8346174,-0.59811401,23.696947,0.0,1.0756198563158301
1384fa5a1bee2272f0272bc4,0,14467.5606871722,3.8340657,-0.5967357200000001,23.957403,0.0,1.0772808776765102
1384fa5a1bee2272f0272bc4,0,14477.5606876472,3.8338294,-0.59831091,23.941618,0.0,1.07894189258597
1384fa5a1bee2272f0272bc4,0,14487.5606881222,3.8335931,-0.5969328,23.949512,0.0,1.08060290859973
1384fa5a1bee2272f0272bc4,0,14497.5606885972,3.833199,-0.59772046,23.925835,0.0,1.08226406001798
1384fa5a1bee2272f0272bc4,0,14507.5606890721,3.8326476,-0.59831091,23.846907,0.0,1.08392519426088
1384fa5a1bee2272f0272bc4,0,14517.5606895471,3.832293,-0.59831073,23.925835,0.0,1.08558625652965
1384fa5a1bee2272f0272bc4,0,14527.5606900221,3.8320174,-0.59831128,23.870584,0.0,1.08724737949576
1384fa5a1bee2272f0272bc4,0,14537.5606904971,3.8315053,-0.59811395,23.925835,0.0,1.08890846910761
1384fa5a1bee2272f0272bc4,0,14547.560690972,3.8312294,-0.59850787,23.902157,0.0,1.0905696571716101
1384fa5a1bee2272f0272bc4,0,14557.560691447,3.8308356,-0.59831104,23.941618,0.0,1.09223081283842
1384fa5a1bee2272f0272bc4,0,14567.560691922,3.8304415,-0.5987045900000001,23.831121,0.0,1.09389202330018
1384fa5a1bee2272f0272bc4,0,14577.5606923969,3.8300869,-0.59831104,23.996866,0.0,1.0955534592950902
1384fa5a1bee2272f0272bc4,0,14587.5606928719,3.8296144,-0.5977207,23.941618,0.0,1.0972156599535199
1384fa5a1bee2272f0272bc4,0,14597.5606933469,3.8292203,-0.59831122,23.815338,0.0,1.09887856307947
1384fa5a1bee2272f0272bc4,0,14607.5606938219,3.8288658,-0.5971297600000001,23.902157,0.0,1.10054159330988
1384fa5a1bee2272f0272bc4,0,14617.5606942968,3.8286295,-0.5979169900000001,23.910049,0.0,1.1022042281281001
1384fa5a1bee2272f0272bc4,0,14627.5606947718,3.8282356,-0.60008301,23.862694,0.0,1.10386686083714
1384fa5a1bee2272f0272bc4,0,14637.5606952468,3.8277628,-0.5971297600000001,23.839016,0.0,1.10552965239459
1384fa5a1bee2272f0272bc4,0,14647.5606957218,3.827487,-0.59929547,23.846907,0.0,1.1071916597013802
1384fa5a1bee2272f0272bc4,0,14657.5606961967,3.827172,-0.59850757,23.878479,0.0,1.10885370507821
1384fa5a1bee2272f0272bc4,0,14667.5606966717,3.8267779,-0.5989021,23.649593,0.0,1.11051580579496
1384fa5a1bee2272f0272bc4,0,14677.5606971467,3.8265023,-0.5987049600000001,23.894262,0.0,1.11217835857037
1384fa5a1bee2272f0272bc4,0,14687.5606976217,3.8259113,-0.59831085,23.775875,0.0,1.11384089537087
1384fa5a1bee2272f0272bc4,0,14697.5606980966,3.8256357,-0.59831104,23.902157,0.0,1.11550339367979
1384fa5a1bee2272f0272bc4,0,14707.5606985716,3.8253205,-0.59712958,23.902157,0.0,1.11716580787521
1384fa5a1bee2272f0272bc4,0,14717.5606990466,3.824769,-0.6002798500000001,23.925835,0.0,1.11882815053495
1384fa5a1bee2272f0272bc4,0,14727.5606995216,3.8244145,-0.5989016699999999,23.988976,0.0,1.12049053081334
1384fa5a1bee2272f0272bc4,0,14737.5606999965,3.824178,-0.59831116,23.854799,0.0,1.12215283224428
1384fa5a1bee2272f0272bc4,0,14747.5607004715,3.8238235,-0.59850806,23.846907,0.0,1.12381499168343
1384fa5a1bee2272f0272bc4,0,14757.5607009465,3.8233507,-0.59850769,23.823231,0.0,1.12547724256644
1384fa5a1bee2272f0272bc4,0,14767.5607014215,3.8229961,-0.59732666,23.839016,0.0,1.1271392010756198
1384fa5a1bee2272f0272bc4,0,14777.5607018964,3.8225629,-0.59831073,23.728519,0.0,1.1288003352257698
1384fa5a1bee2272f0272bc4,0,14787.5607023714,3.8220508,-0.59890155,23.815338,0.0,1.1304615265648499
1384fa5a1bee2272f0272bc4,0,14797.5607028464,3.8217356,-0.59831091,23.910049,0.0,1.13212274482016
1384fa5a1bee2272f0272bc4,0,14807.5607033214,3.8214204,-0.5981141400000001,23.878479,0.0,1.13378394611594
1384fa5a1bee2272f0272bc4,0,14817.5607037963,3.8210266,-0.59732666,23.831121,0.0,1.1354450728055299
1384fa5a1bee2272f0272bc4,0,14827.5607042713,3.8207507,-0.5963421,24.12315,0.0,1.1371045278531
1384fa5a1bee2272f0272bc4,0,14837.5607047463,3.8203962,-0.59732666,23.902157,0.0,1.13876243048972
1384fa5a1bee2272f0272bc4,0,14847.5607052213,3.819963,-0.59673596,23.767981,0.0,1.14042026366185
1384fa5a1bee2272f0272bc4,0,14857.5607056962,3.8195691,-0.59712958,23.815338,0.0,1.1420780861364899
1384fa5a1bee2272f0272bc4,0,14867.5607061712,3.8192933,-0.59634222,23.681164,0.0,1.14373587088024
1384fa5a1bee2272f0272bc4,0,14877.5607066462,3.8188994,-0.5957514,23.618023,0.0,1.14539362804614
1384fa5a1bee2272f0272bc4,0,14887.5607071212,3.8183873,-0.59712958,23.988976,0.0,1.1470513786628702
1384fa5a1bee2272f0272bc4,0,14897.5607075961,3.8181114,-0.59575153,23.712734,0.0,1.1487091471138002
1384fa5a1bee2272f0272bc4,0,14907.5607080711,3.8177962,-0.5961452,23.752197,0.0,1.1503669308712199
1384fa5a1bee2272f0272bc4,0,14917.5607085461,3.8172448,-0.5973266,23.783766,0.0,1.15202478636829
1384fa5a1bee2272f0272bc4,0,14927.5607090211,3.8169692,-0.59693274,23.823231,0.0,1.15368261398168
1384fa5a1bee2272f0272bc4,0,14937.560709496,3.8166144,-0.59594867,23.720625,0.0,1.1553404764797799
1384fa5a1bee2272f0272bc4,0,14947.560709971,3.8161418,-0.59673596,23.799553,0.0,1.15699829173043
1384fa5a1bee2272f0272bc4,0,14957.560710446,3.8158267,-0.5961452,23.846907,0.0,1.1586562262094202
1384fa5a1bee2272f0272bc4,0,14967.560710921,3.8154721,-0.5967359,23.846907,0.0,1.16031411080174
1384fa5a1bee2272f0272bc4,0,14977.5607113959,3.8149207,-0.5981141400000001,23.854799,0.0,1.1619720430773701
1384fa5a1bee2272f0272bc4,0,14987.5607118709,3.8146448,-0.59693274,23.91794,0.0,1.16362996201899
1384fa5a1bee2272f0272bc4,0,14997.5607123459,3.8142509,-0.5967359,23.554882,0.0,1.1652878932287
1384fa5a1bee2272f0272bc4,0,15007.5607128209,3.8138964,-0.59732666,23.696947,0.0,1.16694576689783
1384fa5a1bee2272f0272bc4,0,15017.5607132958,3.8135812,-0.5975233200000001,23.862694,0.0,1.1686036252492
1384fa5a1bee2272f0272bc4,0,15027.5607137708,3.8131084,-0.59653906,23.696947,0.0,1.1702614291443298
1384fa5a1bee2272f0272bc4,0,15037.5607142458,3.8127539,-0.5967357200000001,23.965296,0.0,1.17191916838719
1384fa5a1bee2272f0272bc4,0,15047.5607147208,3.8122811,-0.5957513400000001,23.767981,0.0,1.1735769573991
1384fa5a1bee2272f0272bc4,0,15057.5607151957,3.8120842,-0.5961452,23.720625,0.0,1.17523480918472
1384fa5a1bee2272f0272bc4,0,15067.5607156707,3.8115327,-0.5967357799999999,23.815338,0.0,1.1768925653711402
1384fa5a1bee2272f0272bc4,0,15077.5607161457,3.8112965,-0.59693274,23.886372,0.0,1.17855029489357
1384fa5a1bee2272f0272bc4,0,15087.5607166207,3.8108237,-0.5965391200000001,23.744303,0.0,1.18020815885136
1384fa5a1bee2272f0272bc4,0,15097.5607170956,3.8104692,-0.59752319,23.870584,0.0,1.18186604117043
1384fa5a1bee2272f0272bc4,0,15107.5607175706,3.8101146,-0.5955545,23.831121,0.0,1.1835239875879
1384fa5a1bee2272f0272bc4,0,15117.5607180456,3.8096812,-0.5965391200000001,23.752197,0.0,1.18518186692916
1384fa5a1bee2272f0272bc4,0,15127.5607185205,3.809248,-0.59712964,23.854799,0.0,1.18683972942581
1384fa5a1bee2272f0272bc4,0,15137.5607189955,3.8088541,-0.5969328,23.736412,0.0,1.18849769649225
1384fa5a1bee2272f0272bc4,0,15147.5607194705,3.80846,-0.59575153,23.752197,0.0,1.19015507839224
1384fa5a1bee2272f0272bc4,0,15157.5607199455,3.8081055,-0.59575159,23.728519,0.0,1.1918100350123901
1384fa5a1bee2272f0272bc4,0,15167.5607204204,3.8075933,-0.59594836,23.657484,0.0,1.1934650981611201
1384fa5a1bee2272f0272bc4,0,15177.5607208954,3.8072782,-0.59594836,23.760088,0.0,1.1951201822017499
1384fa5a1bee2272f0272bc4,0,15187.5607213704,3.8068056,-0.5967357200000001,23.704842,0.0,1.19677521899293
1384fa5a1bee2272f0272bc4,0,15197.5607218454,3.8064904,-0.59594836,23.965296,0.0,1.1984303427535798
1384fa5a1bee2272f0272bc4,0,15207.5607223203,3.8060176,-0.59594824,23.886372,0.0,1.2000854183909901
1384fa5a1bee2272f0272bc4,0,15217.5607227953,3.805742,-0.59594836,23.775875,0.0,1.20174057015914
1384fa5a1bee2272f0272bc4,0,15227.5607232703,3.805151,-0.5955545,23.767981,0.0,1.20339567882946
1384fa5a1bee2272f0272bc4,0,15237.5607237453,3.8049147,-0.5955545,23.981081,0.0,1.20505073630799
1384fa5a1bee2272f0272bc4,0,15247.5607242202,3.8045208,-0.59535748,23.744303,0.0,1.20670577005674
1384fa5a1bee2272f0272bc4,0,15257.5607246952,3.8040874,-0.5961452,23.862694,0.0,1.20836078750164
1384fa5a1bee2272f0272bc4,0,15267.5607251702,3.8036542,-0.59516095,23.846907,0.0,1.21001591257661
1384fa5a1bee2272f0272bc4,0,15277.5607256452,3.8032994,-0.59614526,23.981081,0.0,1.21167105450227
1384fa5a1bee2272f0272bc4,0,15287.5607261201,3.8029449,-0.5961452,23.728519,0.0,1.21332622563362
1384fa5a1bee2272f0272bc4,0,15297.5607265951,3.8024724,-0.5967357799999999,23.854799,0.0,1.21498144762985
1384fa5a1bee2272f0272bc4,0,15307.5607270701,3.8021178,-0.5969328,23.744303,0.0,1.2166366315671902
1384fa5a1bee2272f0272bc4,0,15317.5607275451,3.8017633,-0.59614508,23.902157,0.0,1.2182917807047
1384fa5a1bee2272f0272bc4,0,15327.56072802,3.8012116,-0.59693292,23.870584,0.0,1.21994691463448
1384fa5a1bee2272f0272bc4,0,15337.560728495,3.8008177,-0.59516071,23.933725,0.0,1.22160202076888
1384fa5a1bee2272f0272bc4,0,15347.56072897,3.8003845,-0.59476697,23.846907,0.0,1.22325711192309
1384fa5a1bee2272f0272bc4,0,15357.560729445,3.80003,-0.5963421,23.752197,0.0,1.2249122250540299
1384fa5a1bee2272f0272bc4,0,15367.5607299199,3.7995965,-0.59712958,23.815338,0.0,1.22656722070273
1384fa5a1bee2272f0272bc4,0,15377.5607303949,3.7992027,-0.5957514,23.831121,0.0,1.22822228483623
1384fa5a1bee2272f0272bc4,0,15387.5607308699,3.7988482,-0.5961452,23.752197,0.0,1.22987743907462
1384fa5a1bee2272f0272bc4,0,15397.5607313449,3.7983754,-0.5957511600000001,23.854799,0.0,1.2315325680634701
1384fa5a1bee2272f0272bc4,0,15407.5607318198,3.7979026,-0.59516071,23.720625,0.0,1.23318769431235
1384fa5a1bee2272f0272bc4,0,15417.5607322948,3.7975481,-0.59594824,23.933725,0.0,1.23484274914721
1384fa5a1bee2272f0272bc4,0,15427.5607327698,3.7971542,-0.59614508,23.870584,0.0,1.23649783624943
1384fa5a1bee2272f0272bc4,0,15437.5607332448,3.7966027,-0.59594836,23.823231,0.0,1.23815301303051
1384fa5a1bee2272f0272bc4,0,15447.5607337197,3.7962875,-0.5955545,23.854799,0.0,1.23980817703658
1384fa5a1bee2272f0272bc4,0,15457.5607341947,3.795933,-0.59555481,23.894262,0.0,1.24146326478873
1384fa5a1bee2272f0272bc4,0,15467.5607346697,3.7955391,-0.59634229,23.736412,0.0,1.2431184723117201
1384fa5a1bee2272f0272bc4,0,15477.5607351447,3.7949874,-0.59653906,23.91794,0.0,1.24477370760333
1384fa5a1bee2272f0272bc4,0,15487.5607356196,3.7946725,-0.59555457,23.689056,0.0,1.24642886020919
1384fa5a1bee2272f0272bc4,0,15497.5607360946,3.7941997,-0.5955545,23.767981,0.0,1.24808404979653
1384fa5a1bee2272f0272bc4,0,15507.5607365696,3.7938058,-0.59634204,23.649593,0.0,1.2497392359921
1384fa5a1bee2272f0272bc4,0,15517.5607370446,3.7933331,-0.59555432,23.839016,0.0,1.25139435316353
1384fa5a1bee2272f0272bc4,0,15527.5607375195,3.7928996,-0.59614539,23.894262,0.0,1.25304949769773
1384fa5a1bee2272f0272bc4,0,15537.5607379945,3.7924271,-0.59575153,23.704842,0.0,1.25470463312864
1384fa5a1bee2272f0272bc4,0,15547.5607384695,3.792033,-0.5965391200000001,23.925835,0.0,1.25635979065702
1384fa5a1bee2272f0272bc4,0,15557.5607389445,3.7915998,-0.5959480600000001,23.831121,0.0,1.2580149738792
1384fa5a1bee2272f0272bc4,0,15567.5607394194,3.7911663,-0.59634204,23.783766,0.0,1.2596701329350202
1384fa5a1bee2272f0272bc4,0,15577.5607398944,3.7907331,-0.5957514,23.839016,0.0,1.2613253523618702
1384fa5a1bee2272f0272bc4,0,15587.5607403694,3.7902997,-0.5955545,23.902157,0.0,1.26298054980093
1384fa5a1bee2272f0272bc4,0,15597.5607408444,3.7898664,-0.59693243,23.633806,0.0,1.26463568587448
1384fa5a1bee2272f0272bc4,0,15607.5607413193,3.7894723,-0.5959484300000001,23.641701,0.0,1.26629073728846
1384fa5a1bee2272f0272bc4,0,15617.5607417943,3.7889209,-0.59496381,23.799553,0.0,1.26794587687518
1384fa5a1bee2272f0272bc4,0,15627.5607422693,3.7887239,-0.59634222,23.775875,0.0,1.2696010076089899
1384fa5a1bee2272f0272bc4,0,15637.5607427442,3.7882118,-0.59634229,23.79166,0.0,1.2712561048625501
1384fa5a1bee2272f0272bc4,0,15647.5607432192,3.787739,-0.59575159,23.562775,0.0,1.2729112534221498
1384fa5a1bee2272f0272bc4,0,15657.5607436942,3.7872269,-0.5955545,23.823231,0.0,1.27456640777575
1384fa5a1bee2272f0272bc4,0,15667.5607441692,3.786833,-0.59693262,23.610128,0.0,1.27622158532099
1384fa5a1bee2272f0272bc4,0,15677.5607446441,3.7863998,-0.5953577299999999,23.602238,0.0,1.27787669975072
1384fa5a1bee2272f0272bc4,0,15687.5607451191,3.7860057,-0.5951606399999999,23.807444,0.0,1.2795317434288
1384fa5a1bee2272f0272bc4,0,15697.5607455941,3.7856119,-0.59555469,23.767981,0.0,1.281186804176
1384fa5a1bee2272f0272bc4,0,15707.5607460691,3.7851391,-0.5963421,23.704842,0.0,1.2828419385289602
1384fa5a1bee2272f0272bc4,0,15717.560746544,3.7846665,-0.59614526,23.665379,0.0,1.2844970414894001
1384fa5a1bee2272f0272bc4,0,15727.560747019,3.7841938,-0.59535754,23.594345,0.0,1.2861521194232302
1384fa5a1bee2272f0272bc4,0,15737.560747494,3.7837603,-0.5965391200000001,23.610128,0.0,1.2878071281404
1384fa5a1bee2272f0272bc4,0,15747.560747969,3.7832088,-0.59634204,23.689056,0.0,1.2894621678007099
1384fa5a1bee2272f0272bc4,0,15757.5607484439,3.7828543,-0.5965389400000001,23.570665,0.0,1.29111718143844
1384fa5a1bee2272f0272bc4,0,15767.5607489189,3.7824605,-0.5967357799999999,23.799553,0.0,1.2927721727502601
1384fa5a1bee2272f0272bc4,0,15777.5607493939,3.781909,-0.5949638700000001,23.744303,0.0,1.29442723210878
1384fa5a1bee2272f0272bc4,0,15787.5607498689,3.7814755,-0.59476709,23.704842,0.0,1.2960822233309
1384fa5a1bee2272f0272bc4,0,15797.5607503438,3.7811999,-0.5967357200000001,23.673269,0.0,1.29773718840408
1384fa5a1bee2272f0272bc4,0,15807.5607508188,3.7805696,-0.59614526,23.649593,0.0,1.2993922219389302
1384fa5a1bee2272f0272bc4,0,15817.5607512938,3.7801361,-0.59653906,23.728519,0.0,1.30104727474068
1384fa5a1bee2272f0272bc4,0,15827.5607517688,3.7797422,-0.59634222,23.799553,0.0,1.30270232951092
1384fa5a1bee2272f0272bc4,0,15837.5607522437,3.7793484,-0.5971299400000001,23.744303,0.0,1.30435741358586
1384fa5a1bee2272f0272bc4,0,15847.5607527187,3.7788756,-0.59693262,23.475956,0.0,1.30601241300589
1384fa5a1bee2272f0272bc4,0,15857.5607531937,3.7782848,-0.5963421,23.633806,0.0,1.30766746953384
1384fa5a1bee2272f0272bc4,0,15867.5607536687,3.7778907,-0.59614539,23.665379,0.0,1.3093225885189599
1384fa5a1bee2272f0272bc4,0,15877.5607541436,3.7774575,-0.59476715,23.894262,0.0,1.31097769021258
1384fa5a1bee2272f0272bc4,0,15887.5607546186,3.7769847,-0.59732666,23.586452,0.0,1.31263278609586
1384fa5a1bee2272f0272bc4,0,15897.5607550936,3.7765515,-0.5957514,23.610128,0.0,1.31428791753779
1384fa5a1bee2272f0272bc4,0,15907.5607555686,3.776118,-0.5961452,23.657484,0.0,1.3159431088177902
1384fa5a1bee2272f0272bc4,0,15917.5607560435,3.7758029,-0.59653906,23.712734,0.0,1.3175982949677
1384fa5a1bee2272f0272bc4,0,15927.5607565185,3.7751727,-0.59575153,23.618023,0.0,1.31925342357297
1384fa5a1bee2272f0272bc4,0,15937.5607569935,3.7747393,-0.5951611299999999,23.878479,0.0,1.32090850383671
1384fa5a1bee2272f0272bc4,0,15947.5607574685,3.7743061,-0.59516071,23.633806,0.0,1.32256355685426
1384fa5a1bee2272f0272bc4,0,15957.5607579434,3.7737939,-0.5961452,23.618023,0.0,1.32421866170554
1384fa5a1bee2272f0272bc4,0,15967.5607584184,3.7732818,-0.59535754,23.673269,0.0,1.32587376220477
1384fa5a1bee2272f0272bc4,0,15977.5607588934,3.7728879,-0.59516095,23.744303,0.0,1.32752881719375
1384fa5a1bee2272f0272bc4,0,15987.5607593684,3.7722969,-0.59555469,23.633806,0.0,1.3291838892391399
1384fa5a1bee2272f0272bc4,0,15997.5607598433,3.771903,-0.59594824,23.712734,0.0,1.3308389173208701
1384fa5a1bee2272f0272bc4,0,16007.5607603183,3.7715092,-0.59535748,23.720625,0.0,1.33249402196904
1384fa5a1bee2272f0272bc4,0,16017.5607607933,3.7710364,-0.59496362,23.665379,0.0,1.33414916216903
1384fa5a1bee2272f0272bc4,0,16027.5607612683,3.7705243,-0.59614539,23.507526,0.0,1.3358042440756002
1384fa5a1bee2272f0272bc4,0,16037.5607617432,3.7700908,-0.59476709,23.704842,0.0,1.33745937827767
1384fa5a1bee2272f0272bc4,0,16047.5607622182,3.7696183,-0.5959484300000001,23.736412,0.0,1.3391144140312798
1384fa5a1bee2272f0272bc4,0,16057.5607626932,3.7692242,-0.5965389400000001,23.554882,0.0,1.3407694907011
1384fa5a1bee2272f0272bc4,0,16067.5607631682,3.768712,-0.59555457,23.665379,0.0,1.34242458880915
1384fa5a1bee2272f0272bc4,0,16077.5607636431,3.7681606,-0.5957514,23.602238,0.0,1.3440796521341098
1384fa5a1bee2272f0272bc4,0,16087.5607641181,3.7678454,-0.59594836,23.546988,0.0,1.34573472921951
1384fa5a1bee2272f0272bc4,0,16097.5607645931,3.7672939,-0.59575153,23.641701,0.0,1.3473898564087698
1384fa5a1bee2272f0272bc4,0,16107.5607650681,3.7668211,-0.59614526,23.52331,0.0,1.3490449929967399
1384fa5a1bee2272f0272bc4,0,16117.560765543,3.7662303,-0.5959484300000001,23.704842,0.0,1.3507001306786202
1384fa5a1bee2272f0272bc4,0,16127.560766018,3.7658365,-0.59457025,23.823231,0.0,1.35235525009468
1384fa5a1bee2272f0272bc4,0,16137.560766493,3.7654424,-0.59575153,23.515419,0.0,1.35401038591157
1384fa5a1bee2272f0272bc4,0,16147.5607669679,3.7648516,-0.5957513400000001,23.665379,0.0,1.3556654813834401
1384fa5a1bee2272f0272bc4,0,16157.5607674429,3.7644577,-0.59594855,23.831121,0.0,1.35732057968778
1384fa5a1bee2272f0272bc4,0,16167.5607679179,3.7639456,-0.5959487299999999,23.720625,0.0,1.35897568116538
1384fa5a1bee2272f0272bc4,0,16177.5607683929,3.7634335,-0.59614539,23.57856,0.0,1.36063079543431
1384fa5a1bee2272f0272bc4,0,16187.5607688678,3.7630396,-0.59634192,23.633806,0.0,1.3622859698560401
1384fa5a1bee2272f0272bc4,0,16197.5607693428,3.7626061,-0.5957514,23.799553,0.0,1.3639410713216902
1384fa5a1bee2272f0272bc4,0,16207.5607698178,3.7620153,-0.59555469,23.586452,0.0,1.3655961634943101
1384fa5a1bee2272f0272bc4,0,16217.5607702928,3.7615032,-0.59634204,23.657484,0.0,1.3672513673475901
1384fa5a1bee2272f0272bc4,0,16227.5607707677,3.7610304,-0.5967356,23.767981,0.0,1.368906566055
1384fa5a1bee2272f0272bc4,0,16237.5607712427,3.7606366,-0.5955545,23.681164,0.0,1.37056179855534
1384fa5a1bee2272f0272bc4,0,16247.5607717177,3.7600849,-0.59614526,23.720625,0.0,1.37221701725906
1384fa5a1bee2272f0272bc4,0,16257.5607721927,3.759573,-0.59476697,23.570665,0.0,1.37387214047066
1384fa5a1bee2272f0272bc4,0,16267.5607726676,3.7591002,-0.59693292,23.720625,0.0,1.37552727943574
1384fa5a1bee2272f0272bc4,0,16277.5607731426,3.7587063,-0.59614526,23.744303,0.0,1.3771824569902302
1384fa5a1bee2272f0272bc4,0,16287.5607736176,3.7582335,-0.59653888,23.689056,0.0,1.37883762482579
1384fa5a1bee2272f0272bc4,0,16297.5607740926,3.7577214,-0.59555457,23.720625,0.0,1.3804927881711302
1384fa5a1bee2272f0272bc4,0,16307.5607745675,3.7572093,-0.59693243,23.712734,0.0,1.38214797591228
1384fa5a1bee2272f0272bc4,0,16317.5607750425,3.7566972,-0.59555432,23.689056,0.0,1.3838032584749502
1384fa5a1bee2272f0272bc4,0,16327.5607755175,3.7561457,-0.5953577299999999,23.775875,0.0,1.3854585421238301
1384fa5a1bee2272f0272bc4,0,16337.5607759925,3.7557516,-0.5959480600000001,23.594345,0.0,1.3871137572991
1384fa5a1bee2272f0272bc4,0,16347.5607764674,3.7552395,-0.59555438,23.696947,0.0,1.38876893670038
1384fa5a1bee2272f0272bc4,0,16357.5607769424,3.7548063,-0.59555457,23.625916,0.0,1.39042421902562
1384fa5a1bee2272f0272bc4,0,16367.5607774174,3.7542942,-0.59535797,23.720625,0.0,1.3920796158761701
1384fa5a1bee2272f0272bc4,0,16377.5607778924,3.7538214,-0.59555457,23.728519,0.0,1.39373523869623
1384fa5a1bee2272f0272bc4,0,16387.5607783673,3.7533092,-0.59594836,23.807444,0.0,1.39539098445005
1384fa5a1bee2272f0272bc4,0,16397.5607788423,3.7528367,-0.59732648,23.736412,0.0,1.39704680863604
1384fa5a1bee2272f0272bc4,0,16407.5607793173,3.752285,-0.5957511600000001,23.665379,0.0,1.3987026281324
1384fa5a1bee2272f0272bc4,0,16417.5607797923,3.7518518,-0.59634204,23.704842,0.0,1.40035853317638
1384fa5a1bee2272f0272bc4,0,16427.5607802672,3.7513397,-0.59673596,23.562775,0.0,1.4020144745287901
1384fa5a1bee2272f0272bc4,0,16437.5607807422,3.7507882,-0.59712964,23.586452,0.0,1.40367039989859
1384fa5a1bee2272f0272bc4,0,16447.5607812172,3.7503548,-0.59614508,23.618023,0.0,1.4053263730574
1384fa5a1bee2272f0272bc4,0,16457.5607816922,3.7498426,-0.59693237,23.602238,0.0,1.4069823515728201
1384fa5a1bee2272f0272bc4,0,16467.5607821671,3.7493699,-0.59673596,23.681164,0.0,1.4086384259131302
1384fa5a1bee2272f0272bc4,0,16477.5607826421,3.7490153,-0.59555457,23.775875,0.0,1.41029463424413
1384fa5a1bee2272f0272bc4,0,16487.5607831171,3.7483063,-0.5953577299999999,23.641701,0.0,1.4119508753914198
1384fa5a1bee2272f0272bc4,0,16497.560783592,3.7478731,-0.59535754,23.475956,0.0,1.41360714813793
1384fa5a1bee2272f0272bc4,0,16507.560784067,3.7473609,-0.5973266,23.625916,0.0,1.41526347503602
1384fa5a1bee2272f0272bc4,0,16517.560784542,3.7468095,-0.59653906,23.618023,0.0,1.4169197937122002
1384fa5a1bee2272f0272bc4,0,16527.560785017,3.7464154,-0.5961449,23.546988,0.0,1.41857600409611
1384fa5a1bee2272f0272bc4,0,16537.560785492,3.7457852,-0.59614526,23.562775,0.0,1.42023220093181
1384fa5a1bee2272f0272bc4,0,16547.5607859669,3.7453518,-0.59653906,23.618023,0.0,1.4218884778345902
1384fa5a1bee2272f0272bc4,0,16557.5607864419,3.7449186,-0.59634204,23.468063,0.0,1.42354474477635
1384fa5a1bee2272f0272bc4,0,16567.5607869169,3.7443671,-0.59732642,23.704842,0.0,1.42520109145726
1384fa5a1bee2272f0272bc4,0,16577.5607873918,3.7438943,-0.59594867,23.633806,0.0,1.42685737678587
1384fa5a1bee2272f0272bc4,0,16587.5607878668,3.7434216,-0.5957513400000001,23.681164,0.0,1.42851361320114
1384fa5a1bee2272f0272bc4,0,16597.5607883418,3.7427912,-0.59535785,23.633806,0.0,1.4301698482091398
1384fa5a1bee2272f0272bc4,0,16607.5607888168,3.7423973,-0.5961452,23.783766,0.0,1.4318260080703802
1384fa5a1bee2272f0272bc4,0,16617.5607892918,3.7418458,-0.59575153,23.618023,0.0,1.43348222075905
1384fa5a1bee2272f0272bc4,0,16627.5607897667,3.7412944,-0.59575153,23.491741,0.0,1.4351385081441699
1384fa5a1bee2272f0272bc4,0,16637.5607902417,3.7408216,-0.5957513400000001,23.720625,0.0,1.4367947802254701
1384fa5a1bee2272f0272bc4,0,16647.5607907167,3.7403488,-0.59614526,23.499634,0.0,1.43845102746726
1384fa5a1bee2272f0272bc4,0,16657.5607911916,3.7399156,-0.5959480600000001,23.618023,0.0,1.44010728871407
1384fa5a1bee2272f0272bc4,0,16667.5607916666,3.7393246,-0.5965389400000001,23.736412,0.0,1.4417636403079301
1384fa5a1bee2272f0272bc4,0,16677.5607921416,3.7387731,-0.59732648,23.728519,0.0,1.44342013989842
1384fa5a1bee2272f0272bc4,0,16687.5607926166,3.7383399,-0.59712982,23.515419,0.0,1.44507678890246
1384fa5a1bee2272f0272bc4,0,16697.5607930915,3.7377489,-0.5953577299999999,23.736412,0.0,1.446733494785
1384fa5a1bee2272f0272bc4,0,16707.5607935665,3.7373157,-0.59693274,23.775875,0.0,1.44839019586274
1384fa5a1bee2272f0272bc4,0,16717.5607940415,3.7367642,-0.5965389400000001,23.625916,0.0,1.45004696094049
1384fa5a1bee2272f0272bc4,0,16727.5607945165,3.7363307,-0.59634204,23.554882,0.0,1.45170385191475
1384fa5a1bee2272f0272bc4,0,16737.5607949914,3.7357793,-0.5957514,23.468063,0.0,1.4533606564736001
1384fa5a1bee2272f0272bc4,0,16747.5607954664,3.7351882,-0.59653888,23.554882,0.0,1.45501756132919
1384fa5a1bee2272f0272bc4,0,16757.5607959414,3.7347157,-0.59555469,23.633806,0.0,1.45667455173076
1384fa5a1bee2272f0272bc4,0,16767.5607964164,3.7342823,-0.59555457,23.4286,0.0,1.45833159386154
1384fa5a1bee2272f0272bc4,0,16777.5607968913,3.7336915,-0.59693262,23.546988,0.0,1.45998877435785
1384fa5a1bee2272f0272bc4,0,16787.5607973663,3.7332187,-0.5973266,23.546988,0.0,1.46164590816946
1384fa5a1bee2272f0272bc4,0,16797.5607978413,3.7326672,-0.5971297600000001,23.586452,0.0,1.4633031777164098
1384fa5a1bee2272f0272bc4,0,16807.5607983163,3.7320762,-0.5961452,23.546988,0.0,1.46496040318232
1384fa5a1bee2272f0272bc4,0,16817.5607987912,3.7317216,-0.59772015,23.475956,0.0,1.46661771167902
1384fa5a1bee2272f0272bc4,0,16827.5607992662,3.7310915,-0.59634204,23.689056,0.0,1.4682750961931799
1384fa5a1bee2272f0272bc4,0,16837.5607997412,3.7305794,-0.59693274,23.460169,0.0,1.46993245992209
1384fa5a1bee2272f0272bc4,0,16847.5608002162,3.7301066,-0.59634222,23.831121,0.0,1.47158974764605
1384fa5a1bee2272f0272bc4,0,16857.5608006911,3.7295551,-0.5967359,23.736412,0.0,1.4732470409457201
1384fa5a1bee2272f0272bc4,0,16867.5608011661,3.729043,-0.59594836,23.570665,0.0,1.47490431620156
1384fa5a1bee2272f0272bc4,0,16877.5608016411,3.728452,-0.59712982,23.783766,0.0,1.47656164657997
1384fa5a1bee2272f0272bc4,0,16887.5608021161,3.7279794,-0.59594855,23.554882,0.0,1.47821901370556
1384fa5a1bee2272f0272bc4,0,16897.560802591,3.7274673,-0.5969328,23.570665,0.0,1.4798764312447499
1384fa5a1bee2272f0272bc4,0,16907.560803066,3.7269945,-0.5967357799999999,23.728519,0.0,1.4815338484715201
1384fa5a1bee2272f0272bc4,0,16917.560803541,3.7264431,-0.59772028,23.586452,0.0,1.48319134389494
1384fa5a1bee2272f0272bc4,0,16927.560804016,3.7259309,-0.5967357200000001,23.696947,0.0,1.48484885827163
1384fa5a1bee2272f0272bc4,0,16937.5608044909,3.7253795,-0.59732642,23.720625,0.0,1.48650653298928
1384fa5a1bee2272f0272bc4,0,16947.5608049659,3.7248673,-0.59811401,23.846907,0.0,1.48816433972203
1384fa5a1bee2272f0272bc4,0,16957.5608054409,3.7243159,-0.59712964,23.752197,0.0,1.48982217828957
1384fa5a1bee2272f0272bc4,0,16967.5608059159,3.7238038,-0.5963421,23.704842,0.0,1.49147988518237
1384fa5a1bee2272f0272bc4,0,16977.5608063908,3.723331,-0.59712982,23.649593,0.0,1.49313762202336
1384fa5a1bee2272f0272bc4,0,16987.5608068658,3.7227399,-0.5969328,23.783766,0.0,1.49479525866602
1384fa5a1bee2272f0272bc4,0,16997.5608073408,3.7222278,-0.5965389400000001,23.641701,0.0,1.49645290723285
1384fa5a1bee2272f0272bc4,0,17007.5608078157,3.7217946,-0.59653906,23.736412,0.0,1.49811054900917
1384fa5a1bee2272f0272bc4,0,17017.5608082907,3.7212038,-0.5967359,23.775875,0.0,1.49976826222183
1384fa5a1bee2272f0272bc4,0,17027.5608087657,3.7206128,-0.5967359,23.870584,0.0,1.50142594042868
1384fa5a1bee2272f0272bc4,0,17037.5608092407,3.7201006,-0.59752344,23.562775,0.0,1.50308359140467
1384fa5a1bee2272f0272bc4,0,17047.5608097157,3.7195098,-0.5979173,23.815338,0.0,1.5047412486281402
1384fa5a1bee2272f0272bc4,0,17057.5608101906,3.7190371,-0.59614508,23.610128,0.0,1.5063989942234701
1384fa5a1bee2272f0272bc4,0,17067.5608106656,3.7185249,-0.59712964,23.689056,0.0,1.5080567845751
1384fa5a1bee2272f0272bc4,0,17077.5608111406,3.7180128,-0.59732648,23.586452,0.0,1.5097145234013603
1384fa5a1bee2272f0272bc4,0,17087.5608116155,3.71754,-0.5967359,23.704842,0.0,1.51137230826933
1384fa5a1bee2272f0272bc4,0,17097.5608120905,3.7169099,-0.5969328,23.420708,0.0,1.5130301410662301
1384fa5a1bee2272f0272bc4,0,17107.5608125655,3.7163978,-0.5967357799999999,23.539097,0.0,1.51468797442285
1384fa5a1bee2272f0272bc4,0,17117.5608130405,3.7160037,-0.59712958,23.767981,0.0,1.5163458032992
1384fa5a1bee2272f0272bc4,0,17127.5608135155,3.7153342,-0.59712982,23.633806,0.0,1.51800350758583
1384fa5a1bee2272f0272bc4,0,17137.5608139904,3.7148221,-0.5957514,23.665379,0.0,1.5196612127430302
1384fa5a1bee2272f0272bc4,0,17147.5608144654,3.7141523,-0.5969329800000001,23.657484,0.0,1.52131896176264
1384fa5a1bee2272f0272bc4,0,17157.5608149404,3.7137582,-0.5965389400000001,23.625916,0.0,1.52297674031987
1384fa5a1bee2272f0272bc4,0,17167.5608154153,3.7130888,-0.59634229,23.546988,0.0,1.5246346080129098
1384fa5a1bee2272f0272bc4,0,17177.5608158903,3.7126553,-0.5965391200000001,23.641701,0.0,1.52629246684405
1384fa5a1bee2272f0272bc4,0,17187.5608163653,3.7121038,-0.59594836,23.633806,0.0,1.5279502977878898
1384fa5a1bee2272f0272bc4,0,17197.5608168403,3.7115524,-0.5965389400000001,23.633806,0.0,1.52960810911768
1384fa5a1bee2272f0272bc4,0,17207.5608173152,3.7111189,-0.59653931,23.689056,0.0,1.53126579521173
1384fa5a1bee2272f0272bc4,0,17217.5608177902,3.7104888,-0.59634204,23.712734,0.0,1.53292353523096
1384fa5a1bee2272f0272bc4,0,17227.5608182652,3.7099767,-0.5969329800000001,23.807444,0.0,1.53458132950356
1384fa5a1bee2272f0272bc4,0,17237.5608187402,3.709425,-0.59772015,23.586452,0.0,1.53623909871603
1384fa5a1bee2272f0272bc4,0,17247.5608192151,3.7089128,-0.59634186,23.728519,0.0,1.53789683861746
1384fa5a1bee2272f0272bc4,0,17257.5608196901,3.708401,-0.5967361499999999,23.728519,0.0,1.5395545971377702
1384fa5a1bee2272f0272bc4,0,17267.5608201651,3.7078493,-0.59732666,23.618023,0.0,1.54121240739625
1384fa5a1bee2272f0272bc4,0,17277.5608206401,3.7072585,-0.59712958,23.760088,0.0,1.54287036225065
1384fa5a1bee2272f0272bc4,0,17287.560821115,3.7067857,-0.59732666,23.854799,0.0,1.5445281001923
1384fa5a1bee2272f0272bc4,0,17297.56082159,3.7063129,-0.59712958,23.586452,0.0,1.54618580082744
1384fa5a1bee2272f0272bc4,0,17307.560822065,3.7057221,-0.59673608,23.52331,0.0,1.54784367024042
1384fa5a1bee2272f0272bc4,0,17317.56082254,3.7051706,-0.59772028,23.712734,0.0,1.54950152575695
1384fa5a1bee2272f0272bc4,0,17327.5608230149,3.7046192,-0.59673608,23.625916,0.0,1.55115947774127
1384fa5a1bee2272f0272bc4,0,17337.5608234899,3.7040281,-0.5969328,23.602238,0.0,1.55281732593741
1384fa5a1bee2272f0272bc4,0,17347.5608239649,3.7036343,-0.5981143200000001,23.681164,0.0,1.55447524753338
1384fa5a1bee2272f0272bc4,0,17357.5608244399,3.7030039,-0.5967357200000001,23.720625,0.0,1.55613316934273
1384fa5a1bee2272f0272bc4,0,17367.5608249148,3.7025707,-0.59772028,23.760088,0.0,1.5577911071104
1384fa5a1bee2272f0272bc4,0,17377.5608253898,3.701901,-0.5971297600000001,23.783766,0.0,1.5594491097488898
1384fa5a1bee2272f0272bc4,0,17387.5608258648,3.7013099,-0.5967357799999999,23.823231,0.0,1.5611071536304502
1384fa5a1bee2272f0272bc4,0,17397.5608263398,3.7008767,-0.59634222,23.736412,0.0,1.56276521928329
1384fa5a1bee2272f0272bc4,0,17407.5608268147,3.7004039,-0.5957511600000001,23.649593,0.0,1.56442336083423
1384fa5a1bee2272f0272bc4,0,17417.5608272897,3.6998131,-0.5969328,23.775875,0.0,1.5660815675583302
1384fa5a1bee2272f0272bc4,0,17427.5608277647,3.6992221,-0.59752344,23.728519,0.0,1.56773965934348
1384fa5a1bee2272f0272bc4,0,17437.5608282397,3.69871,-0.5973266,23.862694,0.0,1.56939779509068
1384fa5a1bee2272f0272bc4,0,17447.5608287146,3.6981585,-0.5967359,23.760088,0.0,1.57105584760133
1384fa5a1bee2272f0272bc4,0,17457.5608291896,3.697686,-0.5971297600000001,23.610128,0.0,1.57271403649419
1384fa5a1bee2272f0272bc4,0,17467.5608296646,3.6970949,-0.59712982,23.444386,0.0,1.57437232852299
1384fa5a1bee2272f0272bc4,0,17477.5608301396,3.6965041,-0.59693274,23.689056,0.0,1.5760306120258398
1384fa5a1bee2272f0272bc4,0,17487.5608306145,3.6960707,-0.59752344,23.665379,0.0,1.57768888830415
1384fa5a1bee2272f0272bc4,0,17497.5608310895,3.6954405,-0.59575153,23.633806,0.0,1.5793471638126702
1384fa5a1bee2272f0272bc4,0,17507.5608315645,3.6949284,-0.59732678,23.894262,0.0,1.5810054915089
1384fa5a1bee2272f0272bc4,0,17517.5608320394,3.6944556,-0.59752344,23.681164,0.0,1.58266387958765
1384fa5a1bee2272f0272bc4,0,17527.5608325144,3.6938252,-0.5959481799999999,23.744303,0.0,1.58432220192587
1384fa5a1bee2272f0272bc4,0,17537.5608329894,3.6932738,-0.5957513400000001,23.704842,0.0,1.5859806463301
1384fa5a1bee2272f0272bc4,0,17547.5608334644,3.692801,-0.59693292,23.839016,0.0,1.58763895148795
1384fa5a1bee2272f0272bc4,0,17557.5608339394,3.6922102,-0.59693274,23.839016,0.0,1.5892973651520899
1384fa5a1bee2272f0272bc4,0,17567.5608344143,3.6917374,-0.59575122,23.752197,0.0,1.59095569132081
1384fa5a1bee2272f0272bc4,0,17577.5608348893,3.691107,-0.59575153,23.831121,0.0,1.59261404022825
1384fa5a1bee2272f0272bc4,0,17587.5608353643,3.6906345,-0.59594824,23.775875,0.0,1.59427245628701
1384fa5a1bee2272f0272bc4,0,17597.5608358392,3.6900434,-0.59732648,23.839016,0.0,1.5959307839782801
1384fa5a1bee2272f0272bc4,0,17607.5608363142,3.6895313,-0.5967359,23.760088,0.0,1.59758911736112
1384fa5a1bee2272f0272bc4,0,17617.5608367892,3.6890192,-0.5967357200000001,23.720625,0.0,1.59924750554377
1384fa5a1bee2272f0272bc4,0,17627.5608372642,3.6884677,-0.59693292,23.783766,0.0,1.60090583806811
1384fa5a1bee2272f0272bc4,0,17637.5608377392,3.6878769,-0.5973266,23.949512,0.0,1.60256416479673
1384fa5a1bee2272f0272bc4,0,17647.5608382141,3.6873648,-0.59712982,23.79166,0.0,1.60422249052519
1384fa5a1bee2272f0272bc4,0,17657.5608386891,3.6868134,-0.59693292,23.752197,0.0,1.6058808570512002
1384fa5a1bee2272f0272bc4,0,17667.5608391641,3.686183,-0.5965389400000001,23.831121,0.0,1.6075392862464901
1384fa5a1bee2272f0272bc4,0,17677.560839639,3.6857102,-0.59732666,23.783766,0.0,1.60919764707724
1384fa5a1bee2272f0272bc4,0,17687.560840114,3.685277,-0.5965389400000001,23.854799,0.0,1.61085600759367
1384fa5a1bee2272f0272bc4,0,17697.560840589,3.6846466,-0.5965389400000001,23.957403,0.0,1.61251441096389
1384fa5a1bee2272f0272bc4,0,17707.560841064,3.6840951,-0.59693274,23.996866,0.0,1.61417279880593
1384fa5a1bee2272f0272bc4,0,17717.5608415389,3.6836617,-0.59575171,23.902157,0.0,1.61583116236302
1384fa5a1bee2272f0272bc4,0,17727.5608420139,3.6830316,-0.59653888,23.775875,0.0,1.6174894825930202
1384fa5a1bee2272f0272bc4,0,17737.5608424889,3.6825588,-0.5965387600000001,23.831121,0.0,1.6191477261689
1384fa5a1bee2272f0272bc4,0,17747.5608429639,3.6818891,-0.59752362,23.97319,0.0,1.6208060061709
1384fa5a1bee2272f0272bc4,0,17757.5608434388,3.6814952,-0.5975233200000001,23.657484,0.0,1.62246422558195
1384fa5a1bee2272f0272bc4,0,17767.5608439138,3.6809437,-0.5979169900000001,23.831121,0.0,1.62412244509787
1384fa5a1bee2272f0272bc4,0,17777.5608443888,3.6803133,-0.5971297600000001,23.775875,0.0,1.6257807028981999
1384fa5a1bee2272f0272bc4,0,17787.5608448638,3.6797225,-0.59850787,23.807444,0.0,1.62743902731904
1384fa5a1bee2272f0272bc4,0,17797.5608453387,3.6792891,-0.59693262,23.823231,0.0,1.62909730589628
1384fa5a1bee2272f0272bc4,0,17807.5608458137,3.6788163,-0.5967359,23.846907,0.0,1.6307556805116898
1384fa5a1bee2272f0272bc4,0,17817.5608462887,3.6782255,-0.59712958,23.767981,0.0,1.63241403796975
1384fa5a1bee2272f0272bc4,0,17827.5608467637,3.6776741,-0.59712964,23.870584,0.0,1.63407239772133
1384fa5a1bee2272f0272bc4,0,17837.5608472386,3.6771619,-0.5969329800000001,23.728519,0.0,1.63573076347539
1384fa5a1bee2272f0272bc4,0,17847.5608477136,3.6765709,-0.5965387600000001,23.752197,0.0,1.6373891621496701
1384fa5a1bee2272f0272bc4,0,17857.5608481886,3.6760983,-0.59732642,23.728519,0.0,1.63904754704594
1384fa5a1bee2272f0272bc4,0,17867.5608486636,3.6754286,-0.59653888,23.831121,0.0,1.64070583469918
1384fa5a1bee2272f0272bc4,0,17877.5608491385,3.6749952,-0.5975233200000001,23.823231,0.0,1.6423641870110202
1384fa5a1bee2272f0272bc4,0,17887.5608496135,3.6744437,-0.59693274,23.815338,0.0,1.6440225307922502
1384fa5a1bee2272f0272bc4,0,17897.5608500885,3.6738133,-0.59772046,24.012653,0.0,1.64568095552712
1384fa5a1bee2272f0272bc4,0,17907.5608505635,3.6733408,-0.59752344,23.767981,0.0,1.64733930840299
1384fa5a1bee2272f0272bc4,0,17917.5608510384,3.6729074,-0.5969328,23.79166,0.0,1.64899774123513
1384fa5a1bee2272f0272bc4,0,17927.5608515134,3.6722772,-0.5967359,23.641701,0.0,1.65065621497007
1384fa5a1bee2272f0272bc4,0,17937.5608519884,3.6717651,-0.5965391200000001,23.886372,0.0,1.6523146353309202
1384fa5a1bee2272f0272bc4,0,17947.5608524634,3.6711347,-0.5969328,23.799553,0.0,1.65397307154278
1384fa5a1bee2272f0272bc4,0,17957.5608529383,3.6706619,-0.59732666,23.815338,0.0,1.65563146193344
1384fa5a1bee2272f0272bc4,0,17967.5608534133,3.6701105,-0.59693256,23.673269,0.0,1.6572898803232599
1384fa5a1bee2272f0272bc4,0,17977.5608538883,3.6696377,-0.59831104,23.767981,0.0,1.65894837866938
1384fa5a1bee2272f0272bc4,0,17987.5608543633,3.6690469,-0.5965391200000001,23.957403,0.0,1.66060681761825
1384fa5a1bee2272f0272bc4,0,17997.5608548382,3.6685741,-0.59693274,23.696947,0.0,1.66226522714156
1384fa5a1bee2272f0272bc4,0,18007.5608553132,3.6679437,-0.5963421,23.79166,0.0,1.6639236792120802
1384fa5a1bee2272f0272bc4,0,18017.5608557882,3.6675498,-0.5979173600000001,23.712734,0.0,1.6655822239362998
1384fa5a1bee2272f0272bc4,0,18027.5608562631,3.6671166,-0.59673596,23.673269,0.0,1.6672407931569202
1384fa5a1bee2272f0272bc4,0,18037.5608567381,3.6664469,-0.59831104,23.586452,0.0,1.66889930845799
1384fa5a1bee2272f0272bc4,0,18047.5608572131,3.6658559,-0.5971297600000001,23.696947,0.0,1.67055784826773
1384fa5a1bee2272f0272bc4,0,18057.5608576881,3.6653438,-0.59712958,23.720625,0.0,1.67221643401256
1384fa5a1bee2272f0272bc4,0,18067.5608581631,3.6649106,-0.59712982,23.673269,0.0,1.67387501865568
1384fa5a1bee2272f0272bc4,0,18077.560858638,3.6643591,-0.5979173,23.728519,0.0,1.67553363940712
1384fa5a1bee2272f0272bc4,0,18087.560859113,3.6638076,-0.5975233200000001,23.752197,0.0,1.6771923385729102
1384fa5a1bee2272f0272bc4,0,18097.560859588,3.6632955,-0.5973266,23.491741,0.0,1.6788509947596002
1384fa5a1bee2272f0272bc4,0,18107.5608600629,3.6627438,-0.59634204,23.941618,0.0,1.6805097037775099
1384fa5a1bee2272f0272bc4,0,18117.5608605379,3.6622713,-0.59712982,23.760088,0.0,1.68216842078221
1384fa5a1bee2272f0272bc4,0,18127.5608610129,3.6616802,-0.5963421,23.649593,0.0,1.68382714500964
1384fa5a1bee2272f0272bc4,0,18137.5608614879,3.661247,-0.5967359,23.610128,0.0,1.68548586978408
1384fa5a1bee2272f0272bc4,0,18147.5608619629,3.660656,-0.59693292,23.870584,0.0,1.68714444196067
1384fa5a1bee2272f0272bc4,0,18157.5608624378,3.6602228,-0.5967357200000001,23.681164,0.0,1.68880299709403
1384fa5a1bee2272f0272bc4,0,18167.5608629128,3.6595924,-0.5961452,23.831121,0.0,1.69046157693116
1384fa5a1bee2272f0272bc4,0,18177.5608633878,3.6590803,-0.5963421,23.775875,0.0,1.69212026658652
1384fa5a1bee2272f0272bc4,0,18187.5608638627,3.6586075,-0.59772028,23.760088,0.0,1.6937789380877801
1384fa5a1bee2272f0272bc4,0,18197.5608643377,3.6580167,-0.5967356,23.681164,0.0,1.69543755567726
1384fa5a1bee2272f0272bc4,0,18207.5608648127,3.6575439,-0.59712946,23.681164,0.0,1.6970962395453302
1384fa5a1bee2272f0272bc4,0,18217.5608652877,3.6570318,-0.5973266,23.783766,0.0,1.6987549412209502
1384fa5a1bee2272f0272bc4,0,18227.5608657626,3.6565986,-0.5969328,23.673269,0.0,1.70041365252839
1384fa5a1bee2272f0272bc4,0,18237.5608662376,3.6560075,-0.59732642,23.744303,0.0,1.70207235947202
1384fa5a1bee2272f0272bc4,0,18247.5608667126,3.6554954,-0.5969328,23.775875,0.0,1.70373106379548
1384fa5a1bee2272f0272bc4,0,18257.5608671876,3.6550229,-0.59772015,23.752197,0.0,1.70538979086688
1384fa5a1bee2272f0272bc4,0,18267.5608676625,3.6545501,-0.5967357799999999,23.681164,0.0,1.70704846049901
1384fa5a1bee2272f0272bc4,0,18277.5608681375,3.6539593,-0.59712933,23.854799,0.0,1.70870712455015
1384fa5a1bee2272f0272bc4,0,18287.5608686125,3.6533682,-0.59752344,23.728519,0.0,1.7103657625667399
1384fa5a1bee2272f0272bc4,0,18297.5608690875,3.6528168,-0.59712982,23.752197,0.0,1.71202450186175
1384fa5a1bee2272f0272bc4,0,18307.5608695624,3.6524622,-0.5973266,23.823231,0.0,1.7136832337088799
1384fa5a1bee2272f0272bc4,0,18317.5608700374,3.6518319,-0.59673608,23.886372,0.0,1.7153420021104
1384fa5a1bee2272f0272bc4,0,18327.5608705124,3.6513987,-0.5965391200000001,23.894262,0.0,1.71700074963923
1384fa5a1bee2272f0272bc4,0,18337.5608709874,3.6508865,-0.59712982,23.965296,0.0,1.71865949235743
1384fa5a1bee2272f0272bc4,0,18347.5608714623,3.6502562,-0.5969328,23.854799,0.0,1.72031819460013
1384fa5a1bee2272f0272bc4,0,18357.5608719373,3.6499016,-0.59732642,23.823231,0.0,1.7219769526293702
1384fa5a1bee2272f0272bc4,0,18367.5608724123,3.6493502,-0.59752344,23.910049,0.0,1.72363563804661
1384fa5a1bee2272f0272bc4,0,18377.5608728873,3.6489167,-0.59732642,23.689056,0.0,1.72529433919635
1384fa5a1bee2272f0272bc4,0,18387.5608733622,3.6482472,-0.59732629,23.736412,0.0,1.7269530244662201
1384fa5a1bee2272f0272bc4,0,18397.5608738372,3.6478531,-0.5975235,23.728519,0.0,1.7286117468315398
1384fa5a1bee2272f0272bc4,0,18407.5608743122,3.6473017,-0.5965389400000001,23.933725,0.0,1.73027047749598
1384fa5a1bee2272f0272bc4,0,18417.5608747872,3.6469078,-0.59653888,23.862694,0.0,1.73192926033035
1384fa5a1bee2272f0272bc4,0,18427.5608752621,3.6462774,-0.5967359,23.862694,0.0,1.73358799568866
1384fa5a1bee2272f0272bc4,0,18437.5608757371,3.6458442,-0.5969329800000001,23.91794,0.0,1.73524671541088
1384fa5a1bee2272f0272bc4,0,18447.5608762121,3.6453714,-0.5965391200000001,23.949512,0.0,1.73690555698362
1384fa5a1bee2272f0272bc4,0,18457.5608766871,3.6448593,-0.59752344,23.91794,0.0,1.7385644180339301
1384fa5a1bee2272f0272bc4,0,18467.560877162,3.6443472,-0.59732629,23.878479,0.0,1.74022329364533
1384fa5a1bee2272f0272bc4,0,18477.560877637,3.6438351,-0.59634204,23.775875,0.0,1.74188211533035
1384fa5a1bee2272f0272bc4,0,18487.560878112,3.6432443,-0.5969329800000001,24.052114,0.0,1.74354090726252
1384fa5a1bee2272f0272bc4,0,18497.560878587,3.6427715,-0.59712958,23.641701,0.0,1.74519970500398
1384fa5a1bee2272f0272bc4,0,18507.5608790619,3.64222,-0.5971297600000001,23.97319,0.0,1.74685848305214
1384fa5a1bee2272f0272bc4,0,18517.5608795369,3.6417472,-0.5961452,23.854799,0.0,1.7485173626082802
1384fa5a1bee2272f0272bc4,0,18527.5608800119,3.6412745,-0.59732642,23.846907,0.0,1.75017631500425
1384fa5a1bee2272f0272bc4,0,18537.5608804868,3.6408806,-0.59752344,23.886372,0.0,1.75183522417366
1384fa5a1bee2272f0272bc4,0,18547.5608809618,3.6402898,-0.5969328,23.775875,0.0,1.7534941982099799
1384fa5a1bee2272f0272bc4,0,18557.5608814368,3.639817,-0.59712964,23.854799,0.0,1.7551530888101
1384fa5a1bee2272f0272bc4,0,18567.5608819118,3.6392655,-0.59712958,23.79166,0.0,1.75681203464373
1384fa5a1bee2272f0272bc4,0,18577.5608823868,3.6388321,-0.5975235,23.823231,0.0,1.7584709144152602
1384fa5a1bee2272f0272bc4,0,18587.5608828617,3.6382017,-0.59772028,23.775875,0.0,1.76012981671008
1384fa5a1bee2272f0272bc4,0,18597.5608833367,3.6377685,-0.5967359,23.870584,0.0,1.7617887187951802
1384fa5a1bee2272f0272bc4,0,18607.5608838117,3.6372564,-0.59850769,23.886372,0.0,1.76344768322511
1384fa5a1bee2272f0272bc4,0,18617.5608842866,3.6367443,-0.59712964,23.823231,0.0,1.76510659755392
1384fa5a1bee2272f0272bc4,0,18627.5608847616,3.6363897,-0.59712964,23.752197,0.0,1.76676549985298
1384fa5a1bee2272f0272bc4,0,18637.5608852366,3.6357594,-0.59752344,24.091578,0.0,1.76842441680594
1384fa5a1bee2272f0272bc4,0,18647.5608857116,3.6352868,-0.5973266,23.783766,0.0,1.7700833477614402
1384fa5a1bee2272f0272bc4,0,18657.5608861866,3.6347351,-0.59732666,23.752197,0.0,1.77174232782573
1384fa5a1bee2272f0272bc4,0,18667.5608866615,3.6343412,-0.59634204,23.736412,0.0,1.7734013132482702
1384fa5a1bee2272f0272bc4,0,18677.5608871365,3.6338291,-0.59791718,23.752197,0.0,1.7750602934154
1384fa5a1bee2272f0272bc4,0,18687.5608876115,3.6332777,-0.59772034,23.957403,0.0,1.7767192672399301
1384fa5a1bee2272f0272bc4,0,18697.5608880864,3.6327655,-0.59614502,23.689056,0.0,1.77837821974804
1384fa5a1bee2272f0272bc4,0,18707.5608885614,3.6323321,-0.59693256,23.957403,0.0,1.7800372209180502
1384fa5a1bee2272f0272bc4,0,18717.5608890364,3.6317806,-0.59693256,23.957403,0.0,1.78169619692085
1384fa5a1bee2272f0272bc4,0,18727.5608895114,3.6312292,-0.59831091,23.807444,0.0,1.78335593562935
1384fa5a1bee2272f0272bc4,0,18737.5608899863,3.6307564,-0.5979173,23.531204,0.0,1.78501641876408
1384fa5a1bee2272f0272bc4,0,18747.5608904613,3.6303625,-0.59772009,23.744303,0.0,1.78667689708029
1384fa5a1bee2272f0272bc4,0,18757.5608909363,3.6299686,-0.5975238,23.957403,0.0,1.78833741203828
1384fa5a1bee2272f0272bc4,0,18767.5608914113,3.6294565,-0.59772064,23.760088,0.0,1.78999788236197
1384fa5a1bee2272f0272bc4,0,18776.5588918386,3.6393442,-0.05747562,23.902157,0.0,1.7913418411416102
1384fa5a1bee2272f0272bc4,0,18786.5588923136,3.6426532,-0.058066032000000004,23.736412,0.0,1.79150228512242
1384fa5a1bee2272f0272bc4,0,18796.5588927886,3.644623,-0.057869289000000004,23.933725,0.0,1.79166270843452
1384fa5a1bee2272f0272bc4,0,18805.5588932161,3.6421411,-0.37032138,23.933725,0.0,1.7918071268320601
1384fa5a1bee2272f0272bc4,0,18815.558893691,3.6330807,-0.59831085,23.831121,0.0,1.79346734802479
1384fa5a1bee2272f0272bc4,0,18825.558894166,3.631623,-0.59712958,23.799553,0.0,1.79512754537088
1384fa5a1bee2272f0272bc4,0,18835.558894641,3.6304414,-0.59831073,23.846907,0.0,1.7967877662462899
1384fa5a1bee2272f0272bc4,0,18845.558895116,3.6293776,-0.5975233200000001,23.823231,0.0,1.79844803239111
1384fa5a1bee2272f0272bc4,0,18855.558895591,3.628511,-0.5969328,23.807444,0.0,1.8001082580673402
1384fa5a1bee2272f0272bc4,0,18865.5588960659,3.6277232,-0.5989016699999999,23.839016,0.0,1.80176844808243
1384fa5a1bee2272f0272bc4,0,18875.5588965409,3.6269746,-0.5981142,23.783766,0.0,1.80342863875372
1384fa5a1bee2272f0272bc4,0,18885.5588970159,3.6261868,-0.59772009,23.894262,0.0,1.8050887941087999
1384fa5a1bee2272f0272bc4,0,18895.5588974908,3.6255171,-0.59831073,23.831121,0.0,1.8067490135498199
1384fa5a1bee2272f0272bc4,0,18905.5588979658,3.625005,-0.5979169900000001,23.704842,0.0,1.80840922314269
1384fa5a1bee2272f0272bc4,0,18915.5588984408,3.6243353,-0.5969328,23.862694,0.0,1.8100692956834101
1384fa5a1bee2272f0272bc4,0,18925.5588989158,3.6238232,-0.59732648,23.760088,0.0,1.81172940892516
1384fa5a1bee2272f0272bc4,0,18935.5588993907,3.623193,-0.59752344,24.020544,0.0,1.8133894779893502
1384fa5a1bee2272f0272bc4,0,18945.5588998657,3.622602,-0.5967359,23.894262,0.0,1.81504953360638
1384fa5a1bee2272f0272bc4,0,18955.5589003407,3.6221688,-0.59732666,23.752197,0.0,1.8167095990578102
1384fa5a1bee2272f0272bc4,0,18965.5589008157,3.6216171,-0.59732648,23.910049,0.0,1.81836973760351
1384fa5a1bee2272f0272bc4,0,18975.5589012906,3.6210263,-0.59732642,23.933725,0.0,1.8200297683992401
1384fa5a1bee2272f0272bc4,0,18985.5589017656,3.6205142,-0.59831073,23.910049,0.0,1.82168988046368
1384fa5a1bee2272f0272bc4,0,18995.5589022406,3.620002,-0.59772046,23.862694,0.0,1.82334986488873
1384fa5a1bee2272f0272bc4,0,19005.5589027156,3.6194899,-0.5981142,23.902157,0.0,1.8250098499628902
1384fa5a1bee2272f0272bc4,0,19015.5589031905,3.6190567,-0.5967357200000001,23.894262,0.0,1.82666986752046
1384fa5a1bee2272f0272bc4,0,19025.5589036655,3.6183081,-0.59712958,23.925835,0.0,1.8283299185606
1384fa5a1bee2272f0272bc4,0,19035.5589041405,3.6178749,-0.59850769,24.004759,0.0,1.8299900067919401
1384fa5a1bee2272f0272bc4,0,19045.5589046155,3.6173627,-0.59909857,23.744303,0.0,1.83165011186678
1384fa5a1bee2272f0272bc4,0,19055.5589050904,3.6169293,-0.59831091,23.949512,0.0,1.83331160395564
1384fa5a1bee2272f0272bc4,0,19065.5589055654,3.6164172,-0.59831073,23.91794,0.0,1.8349729199354499
1384fa5a1bee2272f0272bc4,0,19075.5589060404,3.615787,-0.59831085,23.831121,0.0,1.83663416461088
1384fa5a1bee2272f0272bc4,0,19085.5589065154,3.6152749,-0.59850787,23.807444,0.0,1.8382954279866999
1384fa5a1bee2272f0272bc4,0,19095.5589069903,3.6147234,-0.59968915,23.902157,0.0,1.83995663403437
1384fa5a1bee2272f0272bc4,0,19105.5589074653,3.61429,-0.59949207,23.594345,0.0,1.84161791895964
1384fa5a1bee2272f0272bc4,0,19115.5589079403,3.6137779,-0.59831104,23.79166,0.0,1.84327921730562
1384fa5a1bee2272f0272bc4,0,19125.5589084153,3.6133051,-0.5967356,23.862694,0.0,1.84494048526908
1384fa5a1bee2272f0272bc4,0,19135.5589088902,3.612675,-0.5994922500000001,23.831121,0.0,1.8466017660249
1384fa5a1bee2272f0272bc4,0,19145.5589093652,3.6122808,-0.5987049,23.933725,0.0,1.84826307828961
1384fa5a1bee2272f0272bc4,0,19155.5589098402,3.6117294,-0.59732678,23.657484,0.0,1.84992432951868
1384fa5a1bee2272f0272bc4,0,19165.5589103152,3.6112568,-0.59772034,23.783766,0.0,1.85158566725899
1384fa5a1bee2272f0272bc4,0,19175.5589107901,3.6107447,-0.5979173,23.633806,0.0,1.8532469302805101
1384fa5a1bee2272f0272bc4,0,19185.5589112651,3.6102719,-0.59831085,23.760088,0.0,1.85490821541119
1384fa5a1bee2272f0272bc4,0,19195.5589117401,3.6097205,-0.5971299400000001,23.775875,0.0,1.8565695149702401
1384fa5a1bee2272f0272bc4,0,19205.5589122151,3.6092083,-0.5989016699999999,23.854799,0.0,1.85823078454208
1384fa5a1bee2272f0272bc4,0,19215.55891269,3.6086569,-0.5979170500000001,23.499634,0.0,1.85989195144224
1384fa5a1bee2272f0272bc4,0,19225.558913165,3.6080658,-0.5981142,23.767981,0.0,1.8615531012614799
1384fa5a1bee2272f0272bc4,0,19235.55891364,3.6075931,-0.59752362,23.839016,0.0,1.8632143508410801
1384fa5a1bee2272f0272bc4,0,19245.558914115,3.6070809,-0.59772034,23.815338,0.0,1.8648755243744
1384fa5a1bee2272f0272bc4,0,19255.5589145899,3.6065295,-0.59870471,23.704842,0.0,1.86653674836129
1384fa5a1bee2272f0272bc4,0,19265.5589150649,3.605978,-0.59929572,23.823231,0.0,1.8681979435743699
1384fa5a1bee2272f0272bc4,0,19275.5589155399,3.6055052,-0.5989013700000001,23.799553,0.0,1.86985912849218
1384fa5a1bee2272f0272bc4,0,19285.5589160148,3.6049144,-0.59791687,23.981081,0.0,1.87152032631627
1384fa5a1bee2272f0272bc4,0,19295.5589164898,3.6045206,-0.59752362,23.799553,0.0,1.8731814782090102
1384fa5a1bee2272f0272bc4,0,19305.5589169648,3.6038508,-0.59850781,23.618023,0.0,1.87484260330056
1384fa5a1bee2272f0272bc4,0,19315.5589174398,3.6034174,-0.59850812,23.775875,0.0,1.87650376121319
1384fa5a1bee2272f0272bc4,0,19325.5589179148,3.6027873,-0.59831104,23.831121,0.0,1.8781648219828402
1384fa5a1bee2272f0272bc4,0,19335.5589183897,3.6023932,-0.5989016699999999,23.894262,0.0,1.8798259294607
1384fa5a1bee2272f0272bc4,0,19345.5589188647,3.6018023,-0.5983106699999999,23.902157,0.0,1.88148711491975
1384fa5a1bee2272f0272bc4,0,19355.5589193397,3.6010933,-0.59752313,24.060009,0.0,1.8831481672499102
1384fa5a1bee2272f0272bc4,0,19365.5589198147,3.6005418,-0.5973262300000001,23.862694,0.0,1.88480922802583
1384fa5a1bee2272f0272bc4,0,19375.5589202896,3.6001084,-0.59850751,23.949512,0.0,1.88647034927078
1384fa5a1bee2272f0272bc4,0,19385.5589207646,3.599478,-0.59712933,23.91794,0.0,1.8881314401059102
1384fa5a1bee2272f0272bc4,0,19395.5589212396,3.5989659,-0.5979168100000001,23.760088,0.0,1.8897925680313599
1384fa5a1bee2272f0272bc4,0,19405.5589217145,3.5984144,-0.5979173600000001,23.862694,0.0,1.8914537401326
1384fa5a1bee2272f0272bc4,0,19415.5589221895,3.5979812,-0.59772064,23.862694,0.0,1.89311491726154
1384fa5a1bee2272f0272bc4,0,19425.5589226645,3.5973508,-0.59772015,23.949512,0.0,1.89477593447586
1384fa5a1bee2272f0272bc4,0,19435.5589231395,3.5967994,-0.59831085,23.854799,0.0,1.89643702355545
1384fa5a1bee2272f0272bc4,0,19445.5589236144,3.5962086,-0.59831055,23.902157,0.0,1.89809797588889
1384fa5a1bee2272f0272bc4,0,19455.5589240894,3.5956964,-0.5967359,23.933725,0.0,1.89975906362903
1384fa5a1bee2272f0272bc4,0,19465.5589245644,3.5951447,-0.59850787,23.941618,0.0,1.9014202348198301
1384fa5a1bee2272f0272bc4,0,19475.5589250394,3.5947115,-0.59811395,23.870584,0.0,1.90308147885116
1384fa5a1bee2272f0272bc4,0,19485.5589255143,3.5939631,-0.59870471,23.894262,0.0,1.90474270452106
1384fa5a1bee2272f0272bc4,0,19495.5589259893,3.5933328,-0.59929547,23.79166,0.0,1.90640398039756
1384fa5a1bee2272f0272bc4,0,19505.5589264643,3.5928993,-0.59712958,23.957403,0.0,1.9080652501356201
1384fa5a1bee2272f0272bc4,0,19515.5589269393,3.5923872,-0.59712927,24.044222,0.0,1.90972637997984
1384fa5a1bee2272f0272bc4,0,19525.5589274142,3.5917571,-0.5975233200000001,23.902157,0.0,1.9113874975828902
1384fa5a1bee2272f0272bc4,0,19535.5589278892,3.5911267,-0.59712964,23.902157,0.0,1.9130486908700701
1384fa5a1bee2272f0272bc4,0,19545.5589283642,3.5905752,-0.59831073,23.862694,0.0,1.91470990899562
1384fa5a1bee2272f0272bc4,0,19555.5589288392,3.5900631,-0.5981143200000001,23.965296,0.0,1.91637107428255
1384fa5a1bee2272f0272bc4,0,19565.5589293141,3.589354,-0.5979173,23.97319,0.0,1.9180321825873001
1384fa5a1bee2272f0272bc4,0,19575.5589297891,3.5889206,-0.59772009,23.988976,0.0,1.91969335685694
1384fa5a1bee2272f0272bc4,0,19585.5589302641,3.5882905,-0.59772015,23.831121,0.0,1.92135463777247
1384fa5a1bee2272f0272bc4,0,19595.5589307391,3.5876994,-0.59870471,23.760088,0.0,1.92301587920822
1384fa5a1bee2272f0272bc4,0,19605.558931214,3.5869904,-0.5987047700000001,23.783766,0.0,1.92467710170127
1384fa5a1bee2272f0272bc4,0,19615.558931689,3.5864782,-0.59712958,23.949512,0.0,1.9263383384363002
1384fa5a1bee2272f0272bc4,0,19625.558932164,3.5857298,-0.59850787,23.91794,0.0,1.9279996752386002
1384fa5a1bee2272f0272bc4,0,19635.558932639,3.5852571,-0.59831085,23.97319,0.0,1.92966093590323
1384fa5a1bee2272f0272bc4,0,19645.5589331139,3.5846663,-0.59850787,23.799553,0.0,1.9313221632044002
1384fa5a1bee2272f0272bc4,0,19655.5589335889,3.5840359,-0.59772052,23.799553,0.0,1.93298335901118
1384fa5a1bee2272f0272bc4,0,19665.5589340639,3.5833662,-0.5994924300000001,23.846907,0.0,1.93464454869281
1384fa5a1bee2272f0272bc4,0,19675.5589345389,3.582736,-0.5969329800000001,23.996866,0.0,1.93630583048304
1384fa5a1bee2272f0272bc4,0,19685.5589350138,3.5821843,-0.59791718,24.131041,0.0,1.93796699031801
1384fa5a1bee2272f0272bc4,0,19695.5589354888,3.5816329,-0.5983104899999999,23.988976,0.0,1.9396280922711702
1384fa5a1bee2272f0272bc4,0,19705.5589359638,3.5808845,-0.5979169900000001,23.988976,0.0,1.94128925799101
1384fa5a1bee2272f0272bc4,0,19715.5589364388,3.5801361,-0.5979173,23.783766,0.0,1.94295042216127
1384fa5a1bee2272f0272bc4,0,19725.5589369137,3.5794663,-0.5979169900000001,23.981081,0.0,1.9446115610857302
1384fa5a1bee2272f0272bc4,0,19735.5589373887,3.578836,-0.59772046,23.933725,0.0,1.9462727282174501
1384fa5a1bee2272f0272bc4,0,19745.5589378637,3.5783632,-0.5983106699999999,23.988976,0.0,1.9479338643961102
1384fa5a1bee2272f0272bc4,0,19755.5589383387,3.5776148,-0.59850806,23.957403,0.0,1.94959514604813
1384fa5a1bee2272f0272bc4,0,19765.5589388136,3.577024,-0.59850806,24.012653,0.0,1.95125639818436
1384fa5a1bee2272f0272bc4,0,19775.5589392886,3.5763543,-0.5987044100000001,23.996866,0.0,1.95291768378803
1384fa5a1bee2272f0272bc4,0,19785.5589397636,3.5756845,-0.5981138300000001,23.783766,0.0,1.95457886111038
1384fa5a1bee2272f0272bc4,0,19795.5589402385,3.5749755,-0.5971297600000001,24.052114,0.0,1.95624013948505
1384fa5a1bee2272f0272bc4,0,19805.5589407135,3.5743845,-0.59772028,24.107363,0.0,1.95790143787735
1384fa5a1bee2272f0272bc4,0,19815.5589411885,3.5735967,-0.59831104,23.941618,0.0,1.95956277325946
1384fa5a1bee2272f0272bc4,0,19825.5589416635,3.572927,-0.5979168100000001,24.178396,0.0,1.9612240642376202
1384fa5a1bee2272f0272bc4,0,19835.5589421385,3.5722573,-0.59673596,24.241537,0.0,1.96288533016922
1384fa5a1bee2272f0272bc4,0,19845.5589426134,3.5716269,-0.5987049600000001,23.894262,0.0,1.96454662595878
1384fa5a1bee2272f0272bc4,0,19855.5589430884,3.5708785,-0.5969329800000001,23.862694,0.0,1.96620777495919
1384fa5a1bee2272f0272bc4,0,19865.5589435634,3.5702088,-0.5994924300000001,23.878479,0.0,1.96786899338574
1384fa5a1bee2272f0272bc4,0,19875.5589440383,3.569618,-0.59909839,23.97319,0.0,1.96953010474642
1384fa5a1bee2272f0272bc4,0,19885.5589445133,3.5688694,-0.59732666,24.0679,0.0,1.97119125047629
1384fa5a1bee2272f0272bc4,0,19895.5589449883,3.5681603,-0.59811395,23.996866,0.0,1.9728523604258101
1384fa5a1bee2272f0272bc4,0,19905.5589454633,3.5674906,-0.59909839,24.099472,0.0,1.9745133732695699
1384fa5a1bee2272f0272bc4,0,19915.5589459382,3.5665846,-0.59890155,23.981081,0.0,1.9761743807383
1384fa5a1bee2272f0272bc4,0,19925.5589464132,3.5659938,-0.5979170500000001,24.044222,0.0,1.97783552722875
1384fa5a1bee2272f0272bc4,0,19935.5589468882,3.5652058,-0.59870471,23.736412,0.0,1.97949657986438
1384fa5a1bee2272f0272bc4,0,19945.5589473632,3.5645361,-0.59772034,23.91794,0.0,1.98115766969715
1384fa5a1bee2272f0272bc4,0,19955.5589478381,3.5637877,-0.59929529,23.910049,0.0,1.9828188025048301
1384fa5a1bee2272f0272bc4,0,19965.5589483131,3.5629604,-0.59831122,23.839016,0.0,1.98447987604216
1384fa5a1bee2272f0272bc4,0,19975.5589487881,3.562212,-0.5987047700000001,23.854799,0.0,1.9861409390692
1384fa5a1bee2272f0272bc4,0,19985.5589492631,3.5615423,-0.59772052,24.12315,0.0,1.9878019804445601
1384fa5a1bee2272f0272bc4,0,19995.558949738,3.5606756,-0.5981141400000001,24.052114,0.0,1.98946301733699
1384fa5a1bee2272f0272bc4,0,20005.558950213,3.5600059,-0.59850787,23.996866,0.0,1.9911240720487302
1384fa5a1bee2272f0272bc4,0,20015.558950688,3.5592575,-0.5987045900000001,23.941618,0.0,1.9927851081823602
1384fa5a1bee2272f0272bc4,0,20025.558951163,3.5585089,-0.59831091,23.846907,0.0,1.99444619781543
1384fa5a1bee2272f0272bc4,0,20035.5589516379,3.5577998,-0.5981138300000001,23.910049,0.0,1.99610723417764
1384fa5a1bee2272f0272bc4,0,20045.5589521129,3.5570121,-0.5981142,24.138933,0.0,1.99776817284615
1384fa5a1bee2272f0272bc4,0,20055.5589525879,3.5562241,-0.59831116,23.862694,0.0,1.99942909904984
1384fa5a1bee2272f0272bc4,0,20065.5589530629,3.5554364,-0.59772028,24.004759,0.0,2.00109002886659
1384fa5a1bee2272f0272bc4,0,20075.5589535378,3.5546091,-0.5992949200000001,24.091578,0.0,2.00275100209851
1384fa5a1bee2272f0272bc4,0,20085.5589540128,3.5539393,-0.59791718,24.028437,0.0,2.00441201526769
1384fa5a1bee2272f0272bc4,0,20095.5589544878,3.5531514,-0.5965391200000001,23.996866,0.0,2.00607300240436
1384fa5a1bee2272f0272bc4,0,20105.5589549628,3.5524423,-0.5981141400000001,23.933725,0.0,2.00773404760381
1384fa5a1bee2272f0272bc4,0,20115.5589554377,3.5514576,-0.59772009,23.807444,0.0,2.00939500737232
1384fa5a1bee2272f0272bc4,0,20125.5589559127,3.550591,-0.59909875,24.036331,0.0,2.01105600706724
1384fa5a1bee2272f0272bc4,0,20135.5589563877,3.5500393,-0.59929523,24.146828,0.0,2.01271708343738
1384fa5a1bee2272f0272bc4,0,20145.5589568627,3.5491726,-0.59909839,24.154718,0.0,2.01437815654159
1384fa5a1bee2272f0272bc4,0,20155.5589573376,3.548306,-0.59772034,23.925835,0.0,2.01603928935464
1384fa5a1bee2272f0272bc4,0,20165.5589578126,3.5475576,-0.59772034,23.933725,0.0,2.01770045072067
1384fa5a1bee2272f0272bc4,0,20175.5589582876,3.5467303,-0.59811401,24.075794,0.0,2.01936163428865
1384fa5a1bee2272f0272bc4,0,20185.5589587626,3.5460212,-0.5987049,24.044222,0.0,2.02102281107447
1384fa5a1bee2272f0272bc4,0,20195.5589592375,3.5452335,-0.5987047700000001,23.996866,0.0,2.02268386895435
1384fa5a1bee2272f0272bc4,0,20205.5589597125,3.5443273,-0.59693262,24.004759,0.0,2.02434496260211
1384fa5a1bee2272f0272bc4,0,20215.5589601875,3.5434213,-0.59850757,24.115255,0.0,2.02600611893007
1384fa5a1bee2272f0272bc4,0,20225.5589606625,3.5426729,-0.5975233200000001,24.138933,0.0,2.02766728936322
1384fa5a1bee2272f0272bc4,0,20235.5589611374,3.5419638,-0.5987045900000001,23.949512,0.0,2.02932839876026
1384fa5a1bee2272f0272bc4,0,20245.5589616124,3.5410972,-0.5987045900000001,24.044222,0.0,2.03098953132621
1384fa5a1bee2272f0272bc4,0,20255.5589620874,3.5402305,-0.5967357799999999,24.083685,0.0,2.03265073314197
1384fa5a1bee2272f0272bc4,0,20265.5589625624,3.5394032,-0.59811395,23.965296,0.0,2.03431188441103
1384fa5a1bee2272f0272bc4,0,20275.5589630373,3.5385365,-0.59850787,24.194181,0.0,2.03597310035687
1384fa5a1bee2272f0272bc4,0,20285.5589635123,3.537591,-0.59772015,23.894262,0.0,2.0376343438319
1384fa5a1bee2272f0272bc4,0,20295.5589639873,3.536685,-0.59811401,24.131041,0.0,2.03929556687451
1384fa5a1bee2272f0272bc4,0,20305.5589644622,3.5358183,-0.5981141400000001,23.831121,0.0,2.04095684393793
1384fa5a1bee2272f0272bc4,0,20315.5589649372,3.5351486,-0.59712946,23.941618,0.0,2.04261810339157
1384fa5a1bee2272f0272bc4,0,20325.5589654122,3.5343215,-0.5987044100000001,24.178396,0.0,2.04427940562122
1384fa5a1bee2272f0272bc4,0,20335.5589658872,3.5334153,-0.5989016699999999,24.131041,0.0,2.0459406231931703
1384fa5a1bee2272f0272bc4,0,20345.5589663622,3.5325487,-0.59850787,24.115255,0.0,2.04760195812061
1384fa5a1bee2272f0272bc4,0,20355.5589668371,3.5316427,-0.59929541,24.099472,0.0,2.0492632221808
1384fa5a1bee2272f0272bc4,0,20365.5589673121,3.5308154,-0.59909875,23.981081,0.0,2.05092459452611
1384fa5a1bee2272f0272bc4,0,20375.5589677871,3.5298307,-0.5987047700000001,24.178396,0.0,2.05258581878128
1384fa5a1bee2272f0272bc4,0,20385.558968262,3.5288851,-0.59811395,24.320465,0.0,2.0542470162361504
1384fa5a1bee2272f0272bc4,0,20395.558968737,3.5279791,-0.598508,24.028437,0.0,2.05590823447138
1384fa5a1bee2272f0272bc4,0,20405.558969212,3.5272307,-0.59850812,24.075794,0.0,2.05756943760781
1384fa5a1bee2272f0272bc4,0,20415.558969687,3.5264034,-0.5981141400000001,24.020544,0.0,2.0592305453712103
1384fa5a1bee2272f0272bc4,0,20425.558970162,3.5254972,-0.59772052,24.004759,0.0,2.0608917758578302
1384fa5a1bee2272f0272bc4,0,20435.5589706369,3.5245519,-0.59772034,24.194181,0.0,2.06255307897703
1384fa5a1bee2272f0272bc4,0,20445.5589711119,3.523567,-0.59772028,24.138933,0.0,2.06421435014351
1384fa5a1bee2272f0272bc4,0,20455.5589715869,3.5228579,-0.59732666,24.020544,0.0,2.06587557929818
1384fa5a1bee2272f0272bc4,0,20465.5589720618,3.5218337,-0.59831091,24.044222,0.0,2.06753679020723
1384fa5a1bee2272f0272bc4,0,20475.5589725368,3.5210459,-0.5979169900000001,24.052114,0.0,2.06919803883451
1384fa5a1bee2272f0272bc4,0,20485.5589730118,3.5202579,-0.59831091,24.178396,0.0,2.07085929032187
1384fa5a1bee2272f0272bc4,0,20495.5589734868,3.5194702,-0.5987044100000001,24.12315,0.0,2.0725203753192902
1384fa5a1bee2272f0272bc4,0,20505.5589739617,3.5186429,-0.59634186,23.981081,0.0,2.07418148668045
1384fa5a1bee2272f0272bc4,0,20515.5589744367,3.5178945,-0.59614539,24.091578,0.0,2.07584254947681
1384fa5a1bee2272f0272bc4,0,20525.5589749117,3.5170276,-0.59831085,24.012653,0.0,2.0775036252979997
1384fa5a1bee2272f0272bc4,0,20535.5589753867,3.5162792,-0.59752319,24.044222,0.0,2.07916478807035
1384fa5a1bee2272f0272bc4,0,20545.5589758616,3.5154519,-0.59909863,24.12315,0.0,2.08082589549715
1384fa5a1bee2272f0272bc4,0,20555.5589763366,3.5149398,-0.5967357799999999,23.815338,0.0,2.08248697373269
1384fa5a1bee2272f0272bc4,0,20565.5589768116,3.5141914,-0.59850781,23.941618,0.0,2.08414801228154
1384fa5a1bee2272f0272bc4,0,20575.5589772866,3.5134037,-0.59831104,23.862694,0.0,2.08580912124825
1384fa5a1bee2272f0272bc4,0,20585.5589777615,3.5129309,-0.59949231,24.060009,0.0,2.08747018253972
1384fa5a1bee2272f0272bc4,0,20595.5589782365,3.5122612,-0.59831091,23.97319,0.0,2.0891313386449
1384fa5a1bee2272f0272bc4,0,20605.5589787115,3.5116701,-0.59968915,24.012653,0.0,2.09079256705998
1384fa5a1bee2272f0272bc4,0,20615.5589791865,3.51104,-0.59752319,24.107363,0.0,2.0924537484345
1384fa5a1bee2272f0272bc4,0,20625.5589796614,3.5106461,-0.59831116,24.036331,0.0,2.09411487666946
1384fa5a1bee2272f0272bc4,0,20635.5589801364,3.5100157,-0.59772046,23.988976,0.0,2.09577599680838
1384fa5a1bee2272f0272bc4,0,20645.5589806114,3.5095036,-0.59890192,23.996866,0.0,2.09743712243043
1384fa5a1bee2272f0272bc4,0,20655.5589810864,3.5090308,-0.59732666,24.162611,0.0,2.09909825831833
1384fa5a1bee2272f0272bc4,0,20665.5589815613,3.5084007,-0.59772009,23.910049,0.0,2.10075947198186
1384fa5a1bee2272f0272bc4,0,20675.5589820363,3.5079672,-0.59811395,24.060009,0.0,2.10242062756827
1384fa5a1bee2272f0272bc4,0,20685.5589825113,3.5076914,-0.5979173600000001,24.138933,0.0,2.10408180621027
1384fa5a1bee2272f0272bc4,0,20695.5589829863,3.5071795,-0.59752344,24.107363,0.0,2.10574297161792
1384fa5a1bee2272f0272bc4,0,20705.5589834612,3.5066278,-0.59752344,23.941618,0.0,2.1074041482993997
1384fa5a1bee2272f0272bc4,0,20715.5589839362,3.5061946,-0.59850787,24.146828,0.0,2.10906537704879
1384fa5a1bee2272f0272bc4,0,20725.5589844112,3.5058794,-0.59772009,24.146828,0.0,2.1107266906917497
1384fa5a1bee2272f0272bc4,0,20735.5589848862,3.5053279,-0.5981141400000001,24.036331,0.0,2.11238791224214
1384fa5a1bee2272f0272bc4,0,20745.5589853611,3.5048945,-0.59850781,24.0679,0.0,2.1140491813672
1384fa5a1bee2272f0272bc4,0,20755.5589858361,3.50454,-0.59850781,24.052114,0.0,2.11571046634696
1384fa5a1bee2272f0272bc4,0,20765.5589863111,3.5041068,-0.59870435,23.933725,0.0,2.11737166011177
1384fa5a1bee2272f0272bc4,0,20775.5589867861,3.5035553,-0.5981141400000001,23.97319,0.0,2.1190328999097203
1384fa5a1bee2272f0272bc4,0,20785.558987261,3.5033188,-0.59850781,23.97319,0.0,2.12069407539698
1384fa5a1bee2272f0272bc4,0,20795.558987736,3.5028067,-0.59772052,24.044222,0.0,2.1223552722023
1384fa5a1bee2272f0272bc4,0,20805.558988211,3.5025311,-0.59909845,23.933725,0.0,2.12401647262273
1384fa5a1bee2272f0272bc4,0,20815.5589886859,3.5020583,-0.5981138300000001,24.0679,0.0,2.1256777304563896
1384fa5a1bee2272f0272bc4,0,20825.5589891609,3.5016644,-0.59575153,24.194181,0.0,2.12733793199386
1384fa5a1bee2272f0272bc4,0,20835.5589896359,3.5010734,-0.59811401,24.083685,0.0,2.1289959029576697
1384fa5a1bee2272f0272bc4,0,20845.5589901109,3.5007188,-0.59732648,24.020544,0.0,2.13065391746963
1384fa5a1bee2272f0272bc4,0,20855.5589905859,3.5003643,-0.59732648,23.902157,0.0,2.13231190137507
1384fa5a1bee2272f0272bc4,0,20865.5589910608,3.4999311,-0.59634192,24.225752,0.0,2.13396985609051
1384fa5a1bee2272f0272bc4,0,20875.5589915358,3.4994977,-0.5965389400000001,23.933725,0.0,2.1356278754318403
1384fa5a1bee2272f0272bc4,0,20885.5589920108,3.4990249,-0.5957518300000001,24.162611,0.0,2.1372857883544003
1384fa5a1bee2272f0272bc4,0,20895.5589924857,3.498631,-0.5971297600000001,23.752197,0.0,2.13894368509675
1384fa5a1bee2272f0272bc4,0,20905.5589929607,3.4982765,-0.5965389400000001,24.138933,0.0,2.14060158149802
1384fa5a1bee2272f0272bc4,0,20915.5589934357,3.4977643,-0.59673608,23.996866,0.0,2.1422595072182697
1384fa5a1bee2272f0272bc4,0,20925.5589939107,3.4973705,-0.59831091,23.886372,0.0,2.14391745928715
1384fa5a1bee2272f0272bc4,0,20935.5589943857,3.4969766,-0.59712958,23.957403,0.0,2.14557555585956
1384fa5a1bee2272f0272bc4,0,20945.5589948606,3.4965432,-0.5967359,23.728519,0.0,2.14723360903708
1384fa5a1bee2272f0272bc4,0,20955.5589953356,3.4961493,-0.59555438,24.020544,0.0,2.14889172806906
1384fa5a1bee2272f0272bc4,0,20965.5589958106,3.4956372,-0.59673608,24.075794,0.0,2.15054987454181
1384fa5a1bee2272f0272bc4,0,20975.5589962855,3.4952826,-0.59772015,24.052114,0.0,2.15220798448199
1384fa5a1bee2272f0272bc4,0,20985.5589967605,3.4948885,-0.5967357799999999,24.091578,0.0,2.1538659848181902
1384fa5a1bee2272f0272bc4,0,20995.5589972355,3.494416,-0.5969328,23.97319,0.0,2.15552399499082
1384fa5a1bee2272f0272bc4,0,21005.5589977105,3.4939432,-0.59614502,24.083685,0.0,2.1571819352777903
1384fa5a1bee2272f0272bc4,0,21015.5589981854,3.4935098,-0.59772028,23.870584,0.0,2.1588399522385098
1384fa5a1bee2272f0272bc4,0,21025.5589986604,3.4930766,-0.59575153,24.083685,0.0,2.16049791175497
1384fa5a1bee2272f0272bc4,0,21035.5589991354,3.4926827,-0.59653906,24.044222,0.0,2.16215584064932
1384fa5a1bee2272f0272bc4,0,21045.5589996104,3.4922493,-0.5967359,23.941618,0.0,2.1638138137154903
1384fa5a1bee2272f0272bc4,0,21055.5590000853,3.4916978,-0.59673596,24.060009,0.0,2.16547182508135
1384fa5a1bee2272f0272bc4,0,21065.5590005603,3.4913826,-0.59634204,23.957403,0.0,2.1671297627362502
1384fa5a1bee2272f0272bc4,0,21075.5590010353,3.4908705,-0.59791718,23.91794,0.0,2.16878763989462
1384fa5a1bee2272f0272bc4,0,21085.5590015103,3.4905159,-0.59712927,24.12315,0.0,2.17044566339506
1384fa5a1bee2272f0272bc4,0,21095.5590019852,3.4899645,-0.5967361499999999,23.799553,0.0,2.17210375865351
1384fa5a1bee2272f0272bc4,0,21105.5590024602,3.4893737,-0.5967357200000001,24.004759,0.0,2.17376191812219
1384fa5a1bee2272f0272bc4,0,21115.5590029352,3.4890978,-0.59653906,23.894262,0.0,2.17541998448874
1384fa5a1bee2272f0272bc4,0,21125.5590034102,3.4885857,-0.59772034,23.910049,0.0,2.17707808728886
1384fa5a1bee2272f0272bc4,0,21135.5590038851,3.4880736,-0.59634204,24.091578,0.0,2.17873611581642
1384fa5a1bee2272f0272bc4,0,21145.5590043601,3.4876401,-0.5957514,24.0679,0.0,2.1803942317323197
1384fa5a1bee2272f0272bc4,0,21155.5590048351,3.4872069,-0.59535767,23.941618,0.0,2.1820493714480698
1384fa5a1bee2272f0272bc4,0,21165.5590053101,3.4866555,-0.5963421,24.099472,0.0,2.1837045146762497
1384fa5a1bee2272f0272bc4,0,21175.559005785,3.4863009,-0.5951608300000001,23.949512,0.0,2.1853597189265
1384fa5a1bee2272f0272bc4,0,21185.55900626,3.4858282,-0.59457025,24.004759,0.0,2.1870148911317
1384fa5a1bee2272f0272bc4,0,21195.559006735,3.4852374,-0.59516101,24.060009,0.0,2.18867005383227
1384fa5a1bee2272f0272bc4,0,21205.55900721,3.4848039,-0.59476685,23.91794,0.0,2.1903250941224903
1384fa5a1bee2272f0272bc4,0,21215.5590076849,3.4843707,-0.5967361499999999,24.146828,0.0,2.19198022871081
1384fa5a1bee2272f0272bc4,0,21225.5590081599,3.4839373,-0.59555469,24.004759,0.0,2.1936353372656
1384fa5a1bee2272f0272bc4,0,21235.5590086349,3.4833858,-0.59614526,23.97319,0.0,2.1952904482267
1384fa5a1bee2272f0272bc4,0,21245.5590091099,3.4829919,-0.59575153,24.044222,0.0,2.19694555327295
1384fa5a1bee2272f0272bc4,0,21255.5590095848,3.4824009,-0.59594867,23.981081,0.0,2.19860070567303
1384fa5a1bee2272f0272bc4,0,21265.5590100598,3.482007,-0.59614539,24.107363,0.0,2.2002559161396
1384fa5a1bee2272f0272bc4,0,21275.5590105348,3.4814556,-0.59614508,24.115255,0.0,2.2019111430232203
1384fa5a1bee2272f0272bc4,0,21285.5590110098,3.4809828,-0.59575159,23.988976,0.0,2.20356637820581
1384fa5a1bee2272f0272bc4,0,21295.5590114847,3.48051,-0.5949642900000001,23.981081,0.0,2.20522157477259
1384fa5a1bee2272f0272bc4,0,21305.5590119597,3.4800375,-0.59693256,24.028437,0.0,2.20687679715886
1384fa5a1bee2272f0272bc4,0,21315.5590124347,3.4795253,-0.5955545,24.012653,0.0,2.20853207203686
1384fa5a1bee2272f0272bc4,0,21325.5590129096,3.4790132,-0.5951605200000001,24.099472,0.0,2.2101872902604
1384fa5a1bee2272f0272bc4,0,21335.5590133846,3.4785404,-0.5959484300000001,24.0679,0.0,2.21184244472484
1384fa5a1bee2272f0272bc4,0,21345.5590138596,3.4780283,-0.59575159,24.202074,0.0,2.2134975974373803
1384fa5a1bee2272f0272bc4,0,21355.5590143346,3.4775555,-0.59516071,24.028437,0.0,2.21515278141766
1384fa5a1bee2272f0272bc4,0,21365.5590148096,3.4770041,-0.59555457,24.020544,0.0,2.21680805333426
1384fa5a1bee2272f0272bc4,0,21375.5590152845,3.4764919,-0.59516101,24.060009,0.0,2.21846340257973
1384fa5a1bee2272f0272bc4,0,21385.5590157595,3.4760585,-0.59516071,24.083685,0.0,2.22011870916424
1384fa5a1bee2272f0272bc4,0,21395.5590162345,3.475507,-0.5953577299999999,24.004759,0.0,2.22177398272225
1384fa5a1bee2272f0272bc4,0,21405.5590167094,3.4750738,-0.5969328,24.138933,0.0,2.2234292676485303
1384fa5a1bee2272f0272bc4,0,21415.5590171844,3.4744828,-0.59516071,24.028437,0.0,2.2250846417327
1384fa5a1bee2272f0272bc4,0,21425.5590176594,3.4740496,-0.59555469,23.996866,0.0,2.2267399466777302
1384fa5a1bee2272f0272bc4,0,21435.5590181344,3.4734585,-0.59594824,23.941618,0.0,2.22839522339584
1384fa5a1bee2272f0272bc4,0,21445.5590186094,3.4728677,-0.59516071,24.020544,0.0,2.23005053085009
1384fa5a1bee2272f0272bc4,0,21455.5590190843,3.4723949,-0.59575122,23.91794,0.0,2.2317058162217
1384fa5a1bee2272f0272bc4,0,21465.5590195593,3.4718828,-0.5951608300000001,24.012653,0.0,2.23336103114822
1384fa5a1bee2272f0272bc4,0,21475.5590200343,3.4712527,-0.59496411,24.083685,0.0,2.23501626203987
1384fa5a1bee2272f0272bc4,0,21485.5590205092,3.4707799,-0.5957513400000001,24.194181,0.0,2.2366714819803604
1384fa5a1bee2272f0272bc4,0,21495.5590209842,3.4702284,-0.59476666,24.0679,0.0,2.2383267823297603
1384fa5a1bee2272f0272bc4,0,21505.5590214592,3.4695981,-0.5957514,24.036331,0.0,2.23998217957772
1384fa5a1bee2272f0272bc4,0,21515.5590219342,3.4692042,-0.59634222,24.107363,0.0,2.24163749566933
1384fa5a1bee2272f0272bc4,0,21525.5590224091,3.4686527,-0.59575171,24.036331,0.0,2.24329278890104
1384fa5a1bee2272f0272bc4,0,21535.5590228841,3.4680223,-0.59634241,24.036331,0.0,2.2449481135178697
1384fa5a1bee2272f0272bc4,0,21545.5590233591,3.4675102,-0.59555457,24.146828,0.0,2.24660344524998
1384fa5a1bee2272f0272bc4,0,21555.5590238341,3.4669588,-0.5953577299999999,24.12315,0.0,2.24825877468961
1384fa5a1bee2272f0272bc4,0,21565.559024309,3.4663677,-0.59575153,23.996866,0.0,2.24991414842744
1384fa5a1bee2272f0272bc4,0,21575.559024784,3.4658163,-0.5961452,24.004759,0.0,2.25156950542973
1384fa5a1bee2272f0272bc4,0,21585.559025259,3.4652648,-0.59594836,24.12315,0.0,2.25322483257525
1384fa5a1bee2272f0272bc4,0,21595.559025734,3.4647133,-0.59476697,23.933725,0.0,2.25488014548819
1384fa5a1bee2272f0272bc4,0,21605.5590262089,3.4640436,-0.59575153,23.981081,0.0,2.25653548072084
1384fa5a1bee2272f0272bc4,0,21615.5590266839,3.4634922,-0.5941762700000001,23.878479,0.0,2.25819078696511
1384fa5a1bee2272f0272bc4,0,21625.5590271589,3.4627831,-0.5967359,24.004759,0.0,2.25984608489134
1384fa5a1bee2272f0272bc4,0,21635.5590276339,3.4621921,-0.59476685,23.902157,0.0,2.2615013874234102
1384fa5a1bee2272f0272bc4,0,21645.5590281088,3.4616013,-0.59555469,23.799553,0.0,2.26315676411836
1384fa5a1bee2272f0272bc4,0,21655.5590285838,3.4609709,-0.59653906,24.060009,0.0,2.2648121019700302
1384fa5a1bee2272f0272bc4,0,21665.5590290588,3.4603407,-0.59594824,24.075794,0.0,2.26646746028583
1384fa5a1bee2272f0272bc4,0,21675.5590295338,3.4597104,-0.59535797,24.020544,0.0,2.2681228370837196
1384fa5a1bee2272f0272bc4,0,21685.5590300087,3.4590013,-0.59614526,24.044222,0.0,2.26977817648269
1384fa5a1bee2272f0272bc4,0,21695.5590304837,3.4584103,-0.5957514,24.004759,0.0,2.27143354847874
1384fa5a1bee2272f0272bc4,0,21705.5590309587,3.4577408,-0.5959484300000001,24.020544,0.0,2.27308890854205
1384fa5a1bee2272f0272bc4,0,21715.5590314337,3.4569135,-0.5943732300000001,23.97319,0.0,2.27474423668133
1384fa5a1bee2272f0272bc4,0,21725.5590319086,3.4562438,-0.5965391200000001,24.020544,0.0,2.2763996418146597
1384fa5a1bee2272f0272bc4,0,21735.5590323836,3.4556527,-0.5961452,23.925835,0.0,2.2780550615879402
1384fa5a1bee2272f0272bc4,0,21745.5590328586,3.4548256,-0.59476685,23.910049,0.0,2.27971030757397
1384fa5a1bee2272f0272bc4,0,21755.5590333336,3.4541559,-0.59634192,24.036331,0.0,2.2813654933001497
1384fa5a1bee2272f0272bc4,0,21765.5590338085,3.4532893,-0.59594836,23.910049,0.0,2.28302077867816
1384fa5a1bee2272f0272bc4,0,21775.5590342835,3.4525406,-0.59476697,23.996866,0.0,2.28467600673463
1384fa5a1bee2272f0272bc4,0,21785.5590347585,3.4517922,-0.5957513400000001,23.941618,0.0,2.2863312551504302
1384fa5a1bee2272f0272bc4,0,21795.5590352335,3.4508862,-0.59555457,24.146828,0.0,2.2879865870200002
1384fa5a1bee2272f0272bc4,0,21805.5590357084,3.4500983,-0.5959484300000001,23.902157,0.0,2.28964183729368
1384fa5a1bee2272f0272bc4,0,21815.5590361834,3.4491923,-0.5949638700000001,24.099472,0.0,2.29129704107209
1384fa5a1bee2272f0272bc4,0,21825.5590366584,3.448247,-0.59673627,23.988976,0.0,2.29295233477201
1384fa5a1bee2272f0272bc4,0,21835.5590371333,3.4473803,-0.5961452,23.957403,0.0,2.29460760889161
1384fa5a1bee2272f0272bc4,0,21845.5590376083,3.4463954,-0.5967356,24.012653,0.0,2.29626288378043
1384fa5a1bee2272f0272bc4,0,21855.5590380833,3.4452925,-0.5965391200000001,24.209969,0.0,2.2979181385475798
1384fa5a1bee2272f0272bc4,0,21865.5590385583,3.4442682,-0.59516101,24.075794,0.0,2.29957346253358
1384fa5a1bee2272f0272bc4,0,21875.5590390333,3.4430864,-0.59535767,24.083685,0.0,2.30122880108115
1384fa5a1bee2272f0272bc4,0,21885.5590395082,3.4420621,-0.59535754,24.036331,0.0,2.30288412487662
1384fa5a1bee2272f0272bc4,0,21895.5590399832,3.440841,-0.59594824,24.020544,0.0,2.3045394437424505
1384fa5a1bee2272f0272bc4,0,21905.5590404582,3.4395802,-0.59634222,24.012653,0.0,2.30619475780326
1384fa5a1bee2272f0272bc4,0,21915.5590409331,3.4382803,-0.59634204,24.138933,0.0,2.30785009745176
1384fa5a1bee2272f0272bc4,0,21925.5590414081,3.4370198,-0.59555457,23.933725,0.0,2.3095054841226004
1384fa5a1bee2272f0272bc4,0,21935.5590418831,3.4354835,-0.59555432,24.020544,0.0,2.31116087736706
1384fa5a1bee2272f0272bc4,0,21945.5590423581,3.4340653,-0.5967359,23.870584,0.0,2.3128162842809203
1384fa5a1bee2272f0272bc4,0,21955.5590428331,3.4324894,-0.59634241,23.965296,0.0,2.3144717236767702
1384fa5a1bee2272f0272bc4,0,21965.559043308,3.4310713,-0.5953577299999999,24.131041,0.0,2.31612708510798
1384fa5a1bee2272f0272bc4,0,21975.559043783,3.429338,-0.5957514,23.894262,0.0,2.31778255142281
1384fa5a1bee2272f0272bc4,0,21985.559044258,3.427644,-0.5959484300000001,23.996866,0.0,2.31943792849122
1384fa5a1bee2272f0272bc4,0,21995.5590447329,3.4258714,-0.59535785,24.091578,0.0,2.3210932904642902
1384fa5a1bee2272f0272bc4,0,22005.5590452079,3.4240198,-0.59634204,24.146828,0.0,2.3227487836905403
1384fa5a1bee2272f0272bc4,0,22015.5590456829,3.4221292,-0.5963421,23.878479,0.0,2.32440426836302
1384fa5a1bee2272f0272bc4,0,22025.5590461579,3.4203169,-0.59634222,24.083685,0.0,2.3260597713003
1384fa5a1bee2272f0272bc4,0,22035.5590466328,3.4183078,-0.59614526,24.052114,0.0,2.32771533921456
1384fa5a1bee2272f0272bc4,0,22045.5590471078,3.4163775,-0.5961449,24.0679,0.0,2.32937078976001
1384fa5a1bee2272f0272bc4,0,22055.5590475828,3.4143291,-0.5953577299999999,24.265215,0.0,2.33102628655651
1384fa5a1bee2272f0272bc4,0,22065.5590480578,3.4122412,-0.5959484300000001,24.044222,0.0,2.33268170197477
1384fa5a1bee2272f0272bc4,0,22075.5590485327,3.4102323,-0.5965392500000001,23.949512,0.0,2.33433704815411
1384fa5a1bee2272f0272bc4,0,22085.5590490077,3.4082232,-0.59634204,24.170504,0.0,2.33599239193106
1384fa5a1bee2272f0272bc4,0,22095.5590494827,3.4061747,-0.59535754,24.075794,0.0,2.33764774555642
1384fa5a1bee2272f0272bc4,0,22105.5590499577,3.4041657,-0.59693274,24.186291,0.0,2.33930312990517
1384fa5a1bee2272f0272bc4,0,22115.5590504326,3.4020779,-0.59516071,24.217859,0.0,2.34095861587129
1384fa5a1bee2272f0272bc4,0,22125.5590509076,3.4002264,-0.59516101,23.870584,0.0,2.34261406880647
1384fa5a1bee2272f0272bc4,0,22135.5590513826,3.3982172,-0.59634222,23.996866,0.0,2.34426953606358
1384fa5a1bee2272f0272bc4,0,22145.5590518576,3.3960111,-0.5965392500000001,24.052114,0.0,2.3459249790343404
1384fa5a1bee2272f0272bc4,0,22155.5590523325,3.3940809,-0.59712958,23.97319,0.0,2.3475804043927804
1384fa5a1bee2272f0272bc4,0,22165.5590528075,3.392072,-0.59634192,24.028437,0.0,2.34923585807015
1384fa5a1bee2272f0272bc4,0,22175.5590532825,3.3901021,-0.59673608,24.154718,0.0,2.35089126996905
1384fa5a1bee2272f0272bc4,0,22185.5590537575,3.3882902,-0.5959481799999999,24.186291,0.0,2.35254671775087
1384fa5a1bee2272f0272bc4,0,22195.5590542324,3.3863599,-0.59516095,24.138933,0.0,2.3542021297613003
1384fa5a1bee2272f0272bc4,0,22205.5590547074,3.3843901,-0.59752319,24.154718,0.0,2.35585762708718
1384fa5a1bee2272f0272bc4,0,22215.5590551824,3.3825781,-0.5957518300000001,24.281,0.0,2.3575130833897
1384fa5a1bee2272f0272bc4,0,22225.5590556574,3.3806479,-0.59535785,24.146828,0.0,2.35916853017447
1384fa5a1bee2272f0272bc4,0,22235.5590561323,3.3788357,-0.59535754,24.225752,0.0,2.36082400671585
1384fa5a1bee2272f0272bc4,0,22245.5590566073,3.377063,-0.59575171,24.075794,0.0,2.36247948861252
1384fa5a1bee2272f0272bc4,0,22255.5590570823,3.3752904,-0.59516071,24.273109,0.0,2.36413496613893
1384fa5a1bee2272f0272bc4,0,22265.5590575573,3.3735175,-0.59555438,24.202074,0.0,2.36579039542448
1384fa5a1bee2272f0272bc4,0,22275.5590580322,3.3717449,-0.59516071,24.233646,0.0,2.36744584494308
1384fa5a1bee2272f0272bc4,0,22285.5590585072,3.3699722,-0.5955545,24.107363,0.0,2.36910130166553
1384fa5a1bee2272f0272bc4,0,22295.5590589822,3.3683965,-0.59653888,24.091578,0.0,2.3707567124430797
1384fa5a1bee2272f0272bc4,0,22305.5590594572,3.3665843,-0.5967359,24.138933,0.0,2.37241210146245
1384fa5a1bee2272f0272bc4,0,22315.5590599321,3.3650086,-0.5959484300000001,24.107363,0.0,2.37406757076391
1384fa5a1bee2272f0272bc4,0,22325.5590604071,3.363236,-0.59634204,24.138933,0.0,2.3757230935614797
1384fa5a1bee2272f0272bc4,0,22335.5590608821,3.3616996,-0.5959484300000001,24.265215,0.0,2.37737870780855
1384fa5a1bee2272f0272bc4,0,22345.559061357,3.3600845,-0.59634204,24.296787,0.0,2.3790343476548803
1384fa5a1bee2272f0272bc4,0,22355.559061832,3.3584299,-0.5959481799999999,24.178396,0.0,2.38069003912345
1384fa5a1bee2272f0272bc4,0,22365.559062307,3.3568542,-0.5963421,24.257322,0.0,2.3823458286946804
1384fa5a1bee2272f0272bc4,0,22375.559062782,3.3553178,-0.59594836,24.352034,0.0,2.3840017051099798
1384fa5a1bee2272f0272bc4,0,22385.559063257,3.3538604,-0.59614526,24.288893,0.0,2.38565754116216
1384fa5a1bee2272f0272bc4,0,22395.5590637319,3.3524027,-0.5959484300000001,24.225752,0.0,2.38731345150016
1384fa5a1bee2272f0272bc4,0,22405.5590642069,3.3509452,-0.5965387600000001,24.209969,0.0,2.38896944924033
1384fa5a1bee2272f0272bc4,0,22415.5590646819,3.3494089,-0.59594824,24.296787,0.0,2.3906254451138103
1384fa5a1bee2272f0272bc4,0,22425.5590651568,3.3480301,-0.5963421,24.257322,0.0,2.3922814922818803
1384fa5a1bee2272f0272bc4,0,22435.5590656318,3.3466513,-0.59614526,24.328356,0.0,2.39393758110672
1384fa5a1bee2272f0272bc4,0,22445.5590661068,3.3452332,-0.5965387600000001,24.075794,0.0,2.3955937132459297
1384fa5a1bee2272f0272bc4,0,22455.5590665818,3.3438938,-0.5967356,24.138933,0.0,2.39724982887182
1384fa5a1bee2272f0272bc4,0,22465.5590670568,3.3425937,-0.5963421,24.24943,0.0,2.3989059988602497
1384fa5a1bee2272f0272bc4,0,22475.5590675317,3.3413725,-0.59614539,24.438852,0.0,2.4005621696019297
1384fa5a1bee2272f0272bc4,0,22485.5590680067,3.3400726,-0.59535767,24.12315,0.0,2.40221841222332
1384fa5a1bee2272f0272bc4,0,22495.5590684817,3.3388121,-0.59693262,24.12315,0.0,2.40387463875222
1384fa5a1bee2272f0272bc4,0,22505.5590689566,3.3376303,-0.59614508,24.146828,0.0,2.40553096514436
1384fa5a1bee2272f0272bc4,0,22515.5590694316,3.3364091,-0.59634204,24.170504,0.0,2.40718734010242
1384fa5a1bee2272f0272bc4,0,22525.5590699066,3.3352273,-0.5965389400000001,24.296787,0.0,2.40884372281855
1384fa5a1bee2272f0272bc4,0,22535.5590703816,3.3340454,-0.59594836,24.154718,0.0,2.41050017742263
1384fa5a1bee2272f0272bc4,0,22545.5590708565,3.3329818,-0.59594836,24.288893,0.0,2.41215666812898
1384fa5a1bee2272f0272bc4,0,22555.5590713315,3.3318393,-0.59575122,24.028437,0.0,2.41381308380064
1384fa5a1bee2272f0272bc4,0,22565.5590718065,3.3307364,-0.59555457,24.091578,0.0,2.41546956552709
1384fa5a1bee2272f0272bc4,0,22575.5590722815,3.3296728,-0.59673596,24.296787,0.0,2.41712604725414
1384fa5a1bee2272f0272bc4,0,22585.5590727564,3.3286092,-0.59594855,24.328356,0.0,2.41878251660785
1384fa5a1bee2272f0272bc4,0,22595.5590732314,3.3276243,-0.59614539,24.265215,0.0,2.42043908167336
1384fa5a1bee2272f0272bc4,0,22605.5590737064,3.3266788,-0.5965389400000001,24.265215,0.0,2.42209560067537
1384fa5a1bee2272f0272bc4,0,22615.5590741814,3.3256545,-0.59575153,24.170504,0.0,2.42375219133672
1384fa5a1bee2272f0272bc4,0,22625.5590746563,3.3247879,-0.5965389400000001,24.004759,0.0,2.42540885298141
1384fa5a1bee2272f0272bc4,0,22635.5590751313,3.3236456,-0.59614526,24.154718,0.0,2.4270654900252397
1384fa5a1bee2272f0272bc4,0,22645.5590756063,3.3227396,-0.5957514,24.320465,0.0,2.42872203169252
1384fa5a1bee2272f0272bc4,0,22655.5590760813,3.3218729,-0.59594836,24.344141,0.0,2.4303786341782403
1384fa5a1bee2272f0272bc4,0,22665.5590765562,3.3209667,-0.59653888,24.281,0.0,2.4320352283555597
1384fa5a1bee2272f0272bc4,0,22675.5590770312,3.3199821,-0.5975233200000001,24.225752,0.0,2.43369192217002
1384fa5a1bee2272f0272bc4,0,22685.5590775062,3.3190758,-0.59693274,24.194181,0.0,2.43534876430913
1384fa5a1bee2272f0272bc4,0,22695.5590779812,3.3181305,-0.5965389400000001,24.186291,0.0,2.4370056898932
1384fa5a1bee2272f0272bc4,0,22705.5590784561,3.3171456,-0.5965389400000001,24.288893,0.0,2.43866275537043
1384fa5a1bee2272f0272bc4,0,22715.5590789311,3.3163579,-0.5963421,24.288893,0.0,2.44031991041712
1384fa5a1bee2272f0272bc4,0,22725.5590794061,3.3154516,-0.59614502,24.154718,0.0,2.44197712595271
1384fa5a1bee2272f0272bc4,0,22735.5590798811,3.314585,-0.59614526,24.202074,0.0,2.44363431623299
1384fa5a1bee2272f0272bc4,0,22745.559080356,3.3137183,-0.5963421,24.257322,0.0,2.4452915662361803
1384fa5a1bee2272f0272bc4,0,22755.559080831,3.3128912,-0.59772052,24.273109,0.0,2.4469488561499504
1384fa5a1bee2272f0272bc4,0,22765.559081306,3.3119457,-0.59535767,24.241537,0.0,2.44860618566102
1384fa5a1bee2272f0272bc4,0,22775.559081781,3.3110397,-0.5965389400000001,24.209969,0.0,2.45026353650799
1384fa5a1bee2272f0272bc4,0,22785.5590822559,3.3100548,-0.59693262,24.486208,0.0,2.45192096436406
1384fa5a1bee2272f0272bc4,0,22795.5590827309,3.309267,-0.5965385700000001,24.178396,0.0,2.45357834464625
1384fa5a1bee2272f0272bc4,0,22805.5590832059,3.3083608,-0.5963421,24.107363,0.0,2.45523576583762
1384fa5a1bee2272f0272bc4,0,22815.5590836809,3.3074155,-0.59653906,24.099472,0.0,2.45689321624038
1384fa5a1bee2272f0272bc4,0,22825.5590841558,3.3065882,-0.59555469,24.186291,0.0,2.45855072220508
1384fa5a1bee2272f0272bc4,0,22835.5590846308,3.3057609,-0.59693262,24.194181,0.0,2.46020814690919
1384fa5a1bee2272f0272bc4,0,22845.5590851058,3.3048155,-0.5967359,24.138933,0.0,2.4618656513536
1384fa5a1bee2272f0272bc4,0,22855.5590855807,3.3040276,-0.59693256,24.202074,0.0,2.46352321988523
1384fa5a1bee2272f0272bc4,0,22865.5590860557,3.3030429,-0.5967357799999999,24.020544,0.0,2.46518085230233
1384fa5a1bee2272f0272bc4,0,22875.5590865307,3.3022549,-0.5967359,24.202074,0.0,2.46683850111306
1384fa5a1bee2272f0272bc4,0,22885.5590870057,3.3013096,-0.59732648,24.162611,0.0,2.4684961611844702
1384fa5a1bee2272f0272bc4,0,22895.5590874807,3.300364,-0.5965389400000001,24.407282,0.0,2.47015387399134
1384fa5a1bee2272f0272bc4,0,22905.5590879556,3.2995367,-0.5973266,24.265215,0.0,2.47181160867667
1384fa5a1bee2272f0272bc4,0,22915.5590884306,3.2985125,-0.5965389400000001,24.233646,0.0,2.4734692966619
1384fa5a1bee2272f0272bc4,0,22925.5590889056,3.2976854,-0.59772034,24.296787,0.0,2.47512708505949
1384fa5a1bee2272f0272bc4,0,22935.5590893805,3.2968581,-0.59732629,24.359926,0.0,2.47678484554519
1384fa5a1bee2272f0272bc4,0,22945.5590898555,3.2959521,-0.5961452,24.399389,0.0,2.47844265798097
1384fa5a1bee2272f0272bc4,0,22955.5590903305,3.2948885,-0.5975235,24.336248,0.0,2.48010044778291
1384fa5a1bee2272f0272bc4,0,22965.5590908055,3.2940216,-0.5971297600000001,24.24943,0.0,2.48175830473258
1384fa5a1bee2272f0272bc4,0,22975.5590912805,3.293155,-0.5969328,24.320465,0.0,2.4834161698814
1384fa5a1bee2272f0272bc4,0,22985.5590917554,3.2921309,-0.59791718,24.359926,0.0,2.48507400298189
1384fa5a1bee2272f0272bc4,0,22995.5590922304,3.2912643,-0.5967357200000001,24.344141,0.0,2.48673182699664
1384fa5a1bee2272f0272bc4,0,23005.5590927054,3.29024,-0.59693256,24.265215,0.0,2.4883896124192404
1384fa5a1bee2272f0272bc4,0,23015.5590931803,3.2893338,-0.5967359,24.383606,0.0,2.4900474382109
1384fa5a1bee2272f0272bc4,0,23025.5590936553,3.2884672,-0.59712958,24.320465,0.0,2.4917053918550103
1384fa5a1bee2272f0272bc4,0,23035.5590941303,3.2874825,-0.5975235,24.273109,0.0,2.4933633649743503
1384fa5a1bee2272f0272bc4,0,23045.5590946053,3.2864976,-0.5965392500000001,24.391497,0.0,2.49502135855009
1384fa5a1bee2272f0272bc4,0,23055.5590950802,3.2856309,-0.59653888,24.288893,0.0,2.49667935115009
1384fa5a1bee2272f0272bc4,0,23065.5590955552,3.2845674,-0.59653906,24.202074,0.0,2.49833725328038
1384fa5a1bee2272f0272bc4,0,23075.5590960302,3.2836218,-0.59634204,24.304678,0.0,2.49999529672154
1384fa5a1bee2272f0272bc4,0,23085.5590965052,3.2826765,-0.59614508,24.091578,0.0,2.50165328416492
1384fa5a1bee2272f0272bc4,0,23095.5590969801,3.2817309,-0.59634222,24.423067,0.0,2.5033112995094298
1384fa5a1bee2272f0272bc4,0,23105.5590974551,3.2806673,-0.59712933,24.099472,0.0,2.5049694055382803
1384fa5a1bee2272f0272bc4,0,23115.5590979301,3.2798007,-0.59772034,24.265215,0.0,2.50662745994458
1384fa5a1bee2272f0272bc4,0,23125.5590984051,3.2787764,-0.5965389400000001,24.328356,0.0,2.50828551478154
1384fa5a1bee2272f0272bc4,0,23135.55909888,3.2779098,-0.59693274,24.336248,0.0,2.50994354653637
1384fa5a1bee2272f0272bc4,0,23145.559099355,3.2768462,-0.5969328,24.423067,0.0,2.51160160683382
1384fa5a1bee2272f0272bc4,0,23155.55909983,3.2758219,-0.5957514,24.265215,0.0,2.5132596462461203
1384fa5a1bee2272f0272bc4,0,23165.559100305,3.2749553,-0.5967359,24.107363,0.0,2.51491768883343
1384fa5a1bee2272f0272bc4,0,23175.5591007799,3.2738523,-0.5967357200000001,24.107363,0.0,2.5165757211390303
1384fa5a1bee2272f0272bc4,0,23185.5591012549,3.2729464,-0.59712964,24.288893,0.0,2.51823373888178
1384fa5a1bee2272f0272bc4,0,23195.5591017299,3.2719615,-0.59732642,24.296787,0.0,2.51989188044683
1384fa5a1bee2272f0272bc4,0,23205.5591022049,3.2710159,-0.59693292,24.336248,0.0,2.5215499586957297
1384fa5a1bee2272f0272bc4,0,23215.5591026798,3.2699523,-0.59575153,24.304678,0.0,2.52320801057256
1384fa5a1bee2272f0272bc4,0,23225.5591031548,3.2690463,-0.59614508,24.288893,0.0,2.5248660996413
1384fa5a1bee2272f0272bc4,0,23235.5591036298,3.2679434,-0.5967357200000001,24.138933,0.0,2.5265242956772
1384fa5a1bee2272f0272bc4,0,23245.5591041048,3.2669191,-0.5965387600000001,24.233646,0.0,2.5281824980674403
1384fa5a1bee2272f0272bc4,0,23255.5591045797,3.2659736,-0.59772009,24.486208,0.0,2.52984071871377
1384fa5a1bee2272f0272bc4,0,23265.5591050547,3.2649889,-0.59634222,24.344141,0.0,2.5314989891228
1384fa5a1bee2272f0272bc4,0,23275.5591055297,3.2639251,-0.59712982,24.209969,0.0,2.5331572532047697
1384fa5a1bee2272f0272bc4,0,23285.5591060047,3.2629008,-0.59772046,24.344141,0.0,2.5348155509776604
1384fa5a1bee2272f0272bc4,0,23295.5591064796,3.2618768,-0.5963421,24.265215,0.0,2.53647383628765
1384fa5a1bee2272f0272bc4,0,23305.5591069546,3.2607343,-0.59732648,24.336248,0.0,2.5381321421529304
1384fa5a1bee2272f0272bc4,0,23315.5591074296,3.2597888,-0.59772034,24.304678,0.0,2.5397903880805304
1384fa5a1bee2272f0272bc4,0,23325.5591079046,3.2587647,-0.5979170500000001,24.304678,0.0,2.54144867075695
1384fa5a1bee2272f0272bc4,0,23335.5591083795,3.2576616,-0.59712946,24.454638,0.0,2.54310696491592
1384fa5a1bee2272f0272bc4,0,23345.5591088545,3.2566767,-0.59712958,24.162611,0.0,2.54476531124211
1384fa5a1bee2272f0272bc4,0,23355.5591093295,3.255692,-0.5965389400000001,24.304678,0.0,2.54642369060612
1384fa5a1bee2272f0272bc4,0,23365.5591098044,3.2546284,-0.59831085,24.336248,0.0,2.5480820011666703
1384fa5a1bee2272f0272bc4,0,23375.5591102794,3.2535646,-0.5959484300000001,24.265215,0.0,2.5497402413883603
1384fa5a1bee2272f0272bc4,0,23385.5591107544,3.2526193,-0.5975233200000001,24.115255,0.0,2.5513985635503302
1384fa5a1bee2272f0272bc4,0,23395.5591112294,3.2515163,-0.59693262,24.328356,0.0,2.55305689632539
1384fa5a1bee2272f0272bc4,0,23405.5591117044,3.2505708,-0.59712958,24.281,0.0,2.55471513668716
1384fa5a1bee2272f0272bc4,0,23415.5591121793,3.2493496,-0.5965387,24.344141,0.0,2.5563734449784503
1384fa5a1bee2272f0272bc4,0,23425.5591126543,3.2482071,-0.5973266,24.478315,0.0,2.55803175972597
1384fa5a1bee2272f0272bc4,0,23435.5591131293,3.2472618,-0.59653888,24.312571,0.0,2.55969016021896
1384fa5a1bee2272f0272bc4,0,23445.5591136042,3.2460799,-0.5965387600000001,24.43096,0.0,2.56134860426122
1384fa5a1bee2272f0272bc4,0,23455.5591140792,3.2452526,-0.59693274,24.423067,0.0,2.56300705900785
1384fa5a1bee2272f0272bc4,0,23465.5591145542,3.244071,-0.59712964,24.438852,0.0,2.56466555400785
1384fa5a1bee2272f0272bc4,0,23475.5591150292,3.2430072,-0.59752319,24.549349,0.0,2.56632398316289
1384fa5a1bee2272f0272bc4,0,23485.5591155042,3.2420619,-0.5967359,24.470425,0.0,2.5679823457950604
1384fa5a1bee2272f0272bc4,0,23495.5591159791,3.2409194,-0.5969328,24.43096,0.0,2.56964069038691
1384fa5a1bee2272f0272bc4,0,23505.5591164541,3.2398951,-0.59791718,24.304678,0.0,2.57129897832463
1384fa5a1bee2272f0272bc4,0,23515.5591169291,3.2388709,-0.59772052,24.43096,0.0,2.5729573633897997
1384fa5a1bee2272f0272bc4,0,23525.559117404,3.2377286,-0.59752344,24.509886,0.0,2.5746157450619997
1384fa5a1bee2272f0272bc4,0,23535.559117879,3.236665,-0.5967357799999999,24.604597,0.0,2.57627409096318
1384fa5a1bee2272f0272bc4,0,23545.559118354,3.2356014,-0.59712982,24.501993,0.0,2.5779324197178597
1384fa5a1bee2272f0272bc4,0,23555.559118829,3.2344589,-0.59712982,24.494101,0.0,2.5795908232761398
1384fa5a1bee2272f0272bc4,0,23565.5591193039,3.2333953,-0.5969328,24.446745,0.0,2.58124926773378
1384fa5a1bee2272f0272bc4,0,23575.5591197789,3.2324498,-0.5965392500000001,24.486208,0.0,2.58290773058663
1384fa5a1bee2272f0272bc4,0,23585.5591202539,3.2312679,-0.5965389400000001,24.494101,0.0,2.58456622046066
1384fa5a1bee2272f0272bc4,0,23595.5591207289,3.2302043,-0.5967357200000001,24.454638,0.0,2.58622469907615
1384fa5a1bee2272f0272bc4,0,23605.5591212038,3.2290225,-0.5965389400000001,24.438852,0.0,2.58788314948742
1384fa5a1bee2272f0272bc4,0,23615.5591216788,3.2279196,-0.5979169900000001,24.501993,0.0,2.58954169243071
1384fa5a1bee2272f0272bc4,0,23625.5591221538,3.2268167,-0.59772046,24.628275,0.0,2.59120029476811
1384fa5a1bee2272f0272bc4,0,23635.5591226288,3.2257531,-0.59634186,24.375711,0.0,2.59285886483864
1384fa5a1bee2272f0272bc4,0,23645.5591231037,3.2246892,-0.5965392500000001,24.446745,0.0,2.59451743557646
1384fa5a1bee2272f0272bc4,0,23655.5591235787,3.2235076,-0.59594855,24.588812,0.0,2.59617595925918
1384fa5a1bee2272f0272bc4,0,23665.5591240537,3.2224834,-0.59575122,24.651953,0.0,2.59783444598278
1384fa5a1bee2272f0272bc4,0,23675.5591245287,3.2213409,-0.59752319,24.478315,0.0,2.5994929439715104
1384fa5a1bee2272f0272bc4,0,23685.5591250036,3.2201984,-0.59732666,24.470425,0.0,2.60115146077116
1384fa5a1bee2272f0272bc4,0,23695.5591254786,3.2190955,-0.59634229,24.454638,0.0,2.6028100062302504
1384fa5a1bee2272f0272bc4,0,23705.5591259536,3.2179136,-0.5957514,24.470425,0.0,2.6044684734756003
1384fa5a1bee2272f0272bc4,0,23715.5591264286,3.216929,-0.59712958,24.494101,0.0,2.60612692453737
1384fa5a1bee2272f0272bc4,0,23725.5591269035,3.2157865,-0.59732629,24.478315,0.0,2.60778537492481
1384fa5a1bee2272f0272bc4,0,23735.5591273785,3.214644,-0.5967357799999999,24.352034,0.0,2.60944385680442
1384fa5a1bee2272f0272bc4,0,23745.5591278535,3.2136197,-0.59732648,24.651953,0.0,2.61110241919846
1384fa5a1bee2272f0272bc4,0,23755.5591283285,3.2124381,-0.59653906,24.423067,0.0,2.61276097040885
1384fa5a1bee2272f0272bc4,0,23765.5591288034,3.2111773,-0.59772028,24.336248,0.0,2.6144194540445103
1384fa5a1bee2272f0272bc4,0,23775.5591292784,3.2101531,-0.5961452,24.486208,0.0,2.61607780916166
1384fa5a1bee2272f0272bc4,0,23785.5591297534,3.2090502,-0.5965391200000001,24.344141,0.0,2.6177362417295797
1384fa5a1bee2272f0272bc4,0,23795.5591302284,3.2079077,-0.59772034,24.620382,0.0,2.6193947091965204
1384fa5a1bee2272f0272bc4,0,23805.5591307033,3.2066865,-0.59693274,24.596704,0.0,2.6210533087887105
1384fa5a1bee2272f0272bc4,0,23815.5591311783,3.2056229,-0.59634204,24.667738,0.0,2.6227118546697503
1384fa5a1bee2272f0272bc4,0,23825.5591316533,3.2044806,-0.59732648,24.454638,0.0,2.62437044354436
1384fa5a1bee2272f0272bc4,0,23835.5591321283,3.2033381,-0.5965391200000001,24.651953,0.0,2.6260289433795703
1384fa5a1bee2272f0272bc4,0,23845.5591326032,3.2021563,-0.5967357799999999,24.573027,0.0,2.62768740722444
1384fa5a1bee2272f0272bc4,0,23855.5591330782,3.2009351,-0.59712964,24.501993,0.0,2.62934590616979
1384fa5a1bee2272f0272bc4,0,23865.5591335532,3.1998715,-0.59614526,24.312571,0.0,2.63100445061908
1384fa5a1bee2272f0272bc4,0,23875.5591340281,3.1986897,-0.5967357799999999,24.588812,0.0,2.6326629639050103
1384fa5a1bee2272f0272bc4,0,23885.5591345031,3.1974685,-0.59653906,24.470425,0.0,2.63432160253253
1384fa5a1bee2272f0272bc4,0,23895.5591349781,3.1963656,-0.59634222,24.549349,0.0,2.63598022507702
1384fa5a1bee2272f0272bc4,0,23905.5591354531,3.1951838,-0.5979173,24.667738,0.0,2.63763885277803
1384fa5a1bee2272f0272bc4,0,23915.5591359281,3.1939626,-0.5965391200000001,24.501993,0.0,2.6392973752527302
1384fa5a1bee2272f0272bc4,0,23925.559136403,3.192899,-0.5973266,24.541456,0.0,2.64095596051542
1384fa5a1bee2272f0272bc4,0,23935.559136878,3.1916382,-0.5973266,24.517778,0.0,2.6426144909762
1384fa5a1bee2272f0272bc4,0,23945.559137353,3.190496,-0.59712982,24.367819,0.0,2.6442730655301103
1384fa5a1bee2272f0272bc4,0,23955.5591378279,3.1893535,-0.59712933,24.64406,0.0,2.64593168479995
1384fa5a1bee2272f0272bc4,0,23965.5591383029,3.1880536,-0.59693274,24.628275,0.0,2.64759018179306
1384fa5a1bee2272f0272bc4,0,23975.5591387779,3.1869111,-0.59712946,24.588812,0.0,2.6492487947136603
1384fa5a1bee2272f0272bc4,0,23985.5591392529,3.1857293,-0.59732678,24.501993,0.0,2.6509073621496
1384fa5a1bee2272f0272bc4,0,23995.5591397279,3.1845868,-0.59634229,24.636168,0.0,2.65256590094287
1384fa5a1bee2272f0272bc4,0,24005.5591402028,3.1832869,-0.59653906,24.367819,0.0,2.6542244619254705
1384fa5a1bee2272f0272bc4,0,24015.5591406778,3.182184,-0.59811401,24.446745,0.0,2.6558829943546
1384fa5a1bee2272f0272bc4,0,24025.5591411528,3.1808052,-0.59772028,24.573027,0.0,2.6575415949325705
1384fa5a1bee2272f0272bc4,0,24035.5591416277,3.1796627,-0.5967359,24.549349,0.0,2.65920029023164
1384fa5a1bee2272f0272bc4,0,24045.5591421027,3.1784022,-0.59712946,24.46253,0.0,2.66085891662796
1384fa5a1bee2272f0272bc4,0,24055.5591425777,3.177181,-0.5975233200000001,24.43096,0.0,2.6625175498072498
1384fa5a1bee2272f0272bc4,0,24065.5591430527,3.1759202,-0.5981142,24.588812,0.0,2.66417620310331
1384fa5a1bee2272f0272bc4,0,24075.5591435276,3.1746597,-0.59772015,24.596704,0.0,2.66583485225933
1384fa5a1bee2272f0272bc4,0,24085.5591440026,3.1734779,-0.5965389400000001,24.61249,0.0,2.66749352229629
1384fa5a1bee2272f0272bc4,0,24095.5591444776,3.1722174,-0.5969328,24.699308,0.0,2.66915215612323
1384fa5a1bee2272f0272bc4,0,24105.5591449526,3.1710355,-0.59712958,24.43096,0.0,2.6708107724760097
1384fa5a1bee2272f0272bc4,0,24115.5591454275,3.1696961,-0.5973266,24.470425,0.0,2.6724693932061903
1384fa5a1bee2272f0272bc4,0,24125.5591459025,3.1683962,-0.59693262,24.525671,0.0,2.6741280841559703
1384fa5a1bee2272f0272bc4,0,24135.5591463775,3.1672931,-0.5975235,24.517778,0.0,2.6757867800139503
1384fa5a1bee2272f0272bc4,0,24145.5591468525,3.165875,-0.5969329800000001,24.64406,0.0,2.6774454284103197
1384fa5a1bee2272f0272bc4,0,24155.5591473274,3.1646931,-0.5973266,24.580919,0.0,2.6791040703377798
1384fa5a1bee2272f0272bc4,0,24165.5591478024,3.1634326,-0.59712958,24.573027,0.0,2.6807627857779397
1384fa5a1bee2272f0272bc4,0,24175.5591482774,3.1620538,-0.5981142,24.707201,0.0,2.6824215076585403
1384fa5a1bee2272f0272bc4,0,24185.5591487524,3.1609509,-0.59811401,24.651953,0.0,2.68408020383645
1384fa5a1bee2272f0272bc4,0,24195.5591492273,3.1596115,-0.5967357200000001,24.61249,0.0,2.6857388539640104
1384fa5a1bee2272f0272bc4,0,24205.5591497023,3.1583903,-0.5967357200000001,24.722986,0.0,2.6873975449966903
1384fa5a1bee2272f0272bc4,0,24215.5591501773,3.1570115,-0.5975235,24.770342,0.0,2.68905622835871
1384fa5a1bee2272f0272bc4,0,24225.5591506523,3.1556327,-0.5957513400000001,24.573027,0.0,2.6907149697025003
1384fa5a1bee2272f0272bc4,0,24235.5591511272,3.1544509,-0.59732642,24.454638,0.0,2.69237365024134
1384fa5a1bee2272f0272bc4,0,24245.5591516022,3.1531115,-0.59693292,24.675631,0.0,2.69403234752026
1384fa5a1bee2272f0272bc4,0,24255.5591520772,3.1518903,-0.5967357200000001,24.691416,0.0,2.69569114148775
1384fa5a1bee2272f0272bc4,0,24265.5591525522,3.1504328,-0.59791718,24.565134,0.0,2.6973499154491702
1384fa5a1bee2272f0272bc4,0,24275.5591530271,3.1492116,-0.59693256,24.604597,0.0,2.6990086655749304
1384fa5a1bee2272f0272bc4,0,24285.5591535021,3.1478329,-0.59811395,24.533564,0.0,2.70066751392654
1384fa5a1bee2272f0272bc4,0,24295.5591539771,3.1464934,-0.5967357799999999,24.478315,0.0,2.70232637148433
1384fa5a1bee2272f0272bc4,0,24305.5591544521,3.1453116,-0.5975233200000001,24.61249,0.0,2.7039851729162803
1384fa5a1bee2272f0272bc4,0,24315.559154927,3.1438541,-0.59693262,24.470425,0.0,2.7056439809034702
1384fa5a1bee2272f0272bc4,0,24325.559155402,3.1425936,-0.59772028,24.549349,0.0,2.7073028131595
1384fa5a1bee2272f0272bc4,0,24335.559155877,3.1412542,-0.5973266,24.501993,0.0,2.7089615756296297
1384fa5a1bee2272f0272bc4,0,24345.559156352,3.1399148,-0.5965389400000001,24.557241,0.0,2.71062040634744
1384fa5a1bee2272f0272bc4,0,24355.5591568269,3.1385753,-0.5967357200000001,24.659845,0.0,2.7122793054214
1384fa5a1bee2272f0272bc4,0,24365.5591573019,3.1371965,-0.59712958,24.509886,0.0,2.71393812170707
1384fa5a1bee2272f0272bc4,0,24375.5591577769,3.1357784,-0.59811401,24.588812,0.0,2.71559685201486
1384fa5a1bee2272f0272bc4,0,24385.5591582519,3.134439,-0.5975235,24.754557,0.0,2.71725562071437
1384fa5a1bee2272f0272bc4,0,24395.5591587268,3.1330602,-0.59653906,24.588812,0.0,2.71891438470631
1384fa5a1bee2272f0272bc4,0,24405.5591592018,3.1316814,-0.59712933,24.636168,0.0,2.72057314356569
1384fa5a1bee2272f0272bc4,0,24415.5591596768,3.1303027,-0.59791718,24.675631,0.0,2.7222319760364297
1384fa5a1bee2272f0272bc4,0,24425.5591601518,3.1288846,-0.59772015,24.786127,0.0,2.72389075873178
1384fa5a1bee2272f0272bc4,0,24435.5591606267,3.1275847,-0.59772028,24.801912,0.0,2.7255495115589903
1384fa5a1bee2272f0272bc4,0,24445.5591611017,3.1262059,-0.5967357200000001,24.691416,0.0,2.72720829491956
1384fa5a1bee2272f0272bc4,0,24455.5591615767,3.1246696,-0.59594836,24.849268,0.0,2.72886705301838
1384fa5a1bee2272f0272bc4,0,24465.5591620516,3.1233301,-0.59712964,24.64406,0.0,2.73052576134934
1384fa5a1bee2272f0272bc4,0,24475.5591625266,3.1219513,-0.59712958,24.754557,0.0,2.73218445764976
1384fa5a1bee2272f0272bc4,0,24485.5591630016,3.1206119,-0.59712958,24.691416,0.0,2.7338432191441697
1384fa5a1bee2272f0272bc4,0,24495.5591634766,3.1191151,-0.59712964,24.509886,0.0,2.73550206694447
1384fa5a1bee2272f0272bc4,0,24505.5591639516,3.1177757,-0.5979170500000001,24.699308,0.0,2.73716083685851
1384fa5a1bee2272f0272bc4,0,24515.5591644265,3.1163182,-0.59712946,24.628275,0.0,2.7388196104845104
1384fa5a1bee2272f0272bc4,0,24525.5591649015,3.1148605,-0.5967356,24.573027,0.0,2.74047847850063
1384fa5a1bee2272f0272bc4,0,24535.5591653765,3.1134424,-0.5979173,24.580919,0.0,2.74213731665828
1384fa5a1bee2272f0272bc4,0,24545.5591658514,3.1119847,-0.59712946,24.786127,0.0,2.7437960841527502
1384fa5a1bee2272f0272bc4,0,24555.5591663264,3.1105273,-0.5975235,24.849268,0.0,2.74545488600279
1384fa5a1bee2272f0272bc4,0,24565.5591668014,3.1091485,-0.5973262300000001,24.817698,0.0,2.74711371310912
1384fa5a1bee2272f0272bc4,0,24575.5591672764,3.107691,-0.5971297600000001,24.573027,0.0,2.74877255026536
1384fa5a1bee2272f0272bc4,0,24585.5591677513,3.1062334,-0.5975233200000001,24.636168,0.0,2.7504315003123203
1384fa5a1bee2272f0272bc4,0,24595.5591682263,3.104697,-0.5975233200000001,24.651953,0.0,2.75209042039278
1384fa5a1bee2272f0272bc4,0,24605.5591687013,3.1031606,-0.59772028,24.786127,0.0,2.75374938477009
1384fa5a1bee2272f0272bc4,0,24615.5591691763,3.1017425,-0.5975235,24.809805,0.0,2.7554084222155604
1384fa5a1bee2272f0272bc4,0,24625.5591696512,3.1003637,-0.5975233200000001,24.786127,0.0,2.75706739503797
1384fa5a1bee2272f0272bc4,0,24635.5591701262,3.0986698,-0.59772046,24.770342,0.0,2.7587263307580803
1384fa5a1bee2272f0272bc4,0,24645.5591706012,3.0974092,-0.5971297600000001,24.754557,0.0,2.7603852624296303
1384fa5a1bee2272f0272bc4,0,24655.5591710762,3.0958335,-0.59712958,24.959764,0.0,2.76204415330609
1384fa5a1bee2272f0272bc4,0,24665.5591715511,3.0943365,-0.59673596,24.920301,0.0,2.7637030537967098
1384fa5a1bee2272f0272bc4,0,24675.5591720261,3.0928397,-0.5973266,24.786127,0.0,2.7653620484661103
1384fa5a1bee2272f0272bc4,0,24685.5591725011,3.091382,-0.59752344,24.786127,0.0,2.7670209555331997
1384fa5a1bee2272f0272bc4,0,24695.5591729761,3.0898852,-0.5981142,24.888731,0.0,2.7686798133838804
1384fa5a1bee2272f0272bc4,0,24705.559173451,3.0883489,-0.59752362,24.967657,0.0,2.7703387164149897
1384fa5a1bee2272f0272bc4,0,24715.559173926,3.0868912,-0.59791718,24.912409,0.0,2.7719976018242303
1384fa5a1bee2272f0272bc4,0,24725.559174401,3.0853548,-0.59831122,24.588812,0.0,2.77365705337421
1384fa5a1bee2272f0272bc4,0,24735.559174876,3.0837004,-0.59772046,24.872946,0.0,2.77531760068738
1384fa5a1bee2272f0272bc4,0,24745.5591753509,3.0822823,-0.5981142,24.675631,0.0,2.77697809813482
1384fa5a1bee2272f0272bc4,0,24755.5591758259,3.0807459,-0.5971297600000001,24.904516,0.0,2.77863859207996
1384fa5a1bee2272f0272bc4,0,24765.5591763009,3.0791702,-0.5979170500000001,24.872946,0.0,2.78029895105501
1384fa5a1bee2272f0272bc4,0,24775.5591767759,3.0776339,-0.5975233200000001,24.865053,0.0,2.78195933309813
1384fa5a1bee2272f0272bc4,0,24785.5591772508,3.0761368,-0.5979169900000001,24.754557,0.0,2.78361967480267
1384fa5a1bee2272f0272bc4,0,24795.5591777258,3.0745218,-0.59772046,24.604597,0.0,2.7852800669188302
1384fa5a1bee2272f0272bc4,0,24805.5591782008,3.0729461,-0.5979169900000001,24.691416,0.0,2.7869404304795897
1384fa5a1bee2272f0272bc4,0,24815.5591786758,3.0714097,-0.59653906,24.857161,0.0,2.78860068345295
1384fa5a1bee2272f0272bc4,0,24825.5591791507,3.0697551,-0.59732642,24.912409,0.0,2.7902610024042303
1384fa5a1bee2272f0272bc4,0,24835.5591796257,3.0682583,-0.5973266,24.699308,0.0,2.79192128349316
1384fa5a1bee2272f0272bc4,0,24845.5591801007,3.0666037,-0.5975235,24.762449,0.0,2.7935815127544004
1384fa5a1bee2272f0272bc4,0,24855.5591805757,3.0650673,-0.59772064,24.778234,0.0,2.79524174235306
1384fa5a1bee2272f0272bc4,0,24865.5591810506,3.0634522,-0.5989014300000001,24.82559,0.0,2.7969019441585803
1384fa5a1bee2272f0272bc4,0,24875.5591815256,3.061837,-0.59870471,24.841375,0.0,2.79856216630346
1384fa5a1bee2272f0272bc4,0,24885.5591820006,3.0603008,-0.5981143200000001,24.872946,0.0,2.80022233585197
1384fa5a1bee2272f0272bc4,0,24895.5591824756,3.0585279,-0.5975233200000001,24.880838,0.0,2.8018825162174
1384fa5a1bee2272f0272bc4,0,24905.5591829505,3.0570312,-0.59850787,24.920301,0.0,2.80354270743047
1384fa5a1bee2272f0272bc4,0,24915.5591834255,3.0552583,-0.5975235,24.817698,0.0,2.80520277852941
1384fa5a1bee2272f0272bc4,0,24925.5591839005,3.0536826,-0.59712964,24.675631,0.0,2.80686290432612
1384fa5a1bee2272f0272bc4,0,24935.5591843754,3.0519493,-0.5979173,25.015011,0.0,2.8085229883517
1384fa5a1bee2272f0272bc4,0,24945.5591848504,3.0503342,-0.5987049600000001,24.79402,0.0,2.8101830246915904
1384fa5a1bee2272f0272bc4,0,24955.5591853254,3.0486009,-0.59772052,24.801912,0.0,2.81184302066669
1384fa5a1bee2272f0272bc4,0,24965.5591858004,3.0469069,-0.59752344,24.79402,0.0,2.81350296086828
1384fa5a1bee2272f0272bc4,0,24975.5591862753,3.0452523,-0.59712958,24.920301,0.0,2.81516299481112
1384fa5a1bee2272f0272bc4,0,24985.5591867503,3.0434403,-0.5965389400000001,25.046583,0.0,2.8168229988931097
1384fa5a1bee2272f0272bc4,0,24995.5591872253,3.0418253,-0.59772034,24.841375,0.0,2.81848300077961
1384fa5a1bee2272f0272bc4,0,25005.5591877003,3.0399344,-0.59712964,24.991335,0.0,2.82014299411657
1384fa5a1bee2272f0272bc4,0,25015.5591881753,3.0381615,-0.59712958,24.896624,0.0,2.8218029879929802
1384fa5a1bee2272f0272bc4,0,25025.5591886502,3.0364678,-0.59831116,25.015011,0.0,2.82346297072905
1384fa5a1bee2272f0272bc4,0,25035.5591891252,3.0348132,-0.59850769,24.865053,0.0,2.8251228631099004
1384fa5a1bee2272f0272bc4,0,25045.5591896002,3.0328436,-0.59988599,24.97555,0.0,2.8267827767139204
1384fa5a1bee2272f0272bc4,0,25055.5591900751,3.0310707,-0.59772028,25.141293,0.0,2.82844420093874
1384fa5a1bee2272f0272bc4,0,25065.5591905501,3.0292587,-0.59772034,24.872946,0.0,2.83010563805493
1384fa5a1bee2272f0272bc4,0,25075.5591910251,3.0273285,-0.59831055,24.738771,0.0,2.83176690171633
1384fa5a1bee2272f0272bc4,0,25085.5591915001,3.0256345,-0.59693262,25.015011,0.0,2.83342827726239
1384fa5a1bee2272f0272bc4,0,25095.559191975,3.0237043,-0.59831091,25.030796,0.0,2.83508960861777
1384fa5a1bee2272f0272bc4,0,25105.55919245,3.0219316,-0.59831091,24.746664,0.0,2.83675095255641
1384fa5a1bee2272f0272bc4,0,25115.559192925,3.0198832,-0.5979170500000001,24.888731,0.0,2.83841230973563
1384fa5a1bee2272f0272bc4,0,25125.5591934,3.0180316,-0.5979173,24.991335,0.0,2.84007364896866
1384fa5a1bee2272f0272bc4,0,25135.5591938749,3.01618,-0.59712964,24.928194,0.0,2.84173512086665
1384fa5a1bee2272f0272bc4,0,25145.5591943499,3.0142498,-0.59634192,24.896624,0.0,2.84339651575387
1384fa5a1bee2272f0272bc4,0,25155.5591948249,3.0122802,-0.59831116,24.880838,0.0,2.84505785365209
1384fa5a1bee2272f0272bc4,0,25165.5591952999,3.0102711,-0.59831085,25.007118,0.0,2.84671928354691
1384fa5a1bee2272f0272bc4,0,25175.5591957748,3.0082619,-0.59831073,24.896624,0.0,2.84838065140915
1384fa5a1bee2272f0272bc4,0,25185.5591962498,3.0063317,-0.59831104,24.967657,0.0,2.85004208162501
1384fa5a1bee2272f0272bc4,0,25195.5591967248,3.0042832,-0.5996887799999999,24.833483,0.0,2.85170350407001
1384fa5a1bee2272f0272bc4,0,25205.5591971998,3.0022349,-0.5971297600000001,25.022905,0.0,2.85336488452388
1384fa5a1bee2272f0272bc4,0,25215.5591976747,3.0000682,-0.59732648,24.928194,0.0,2.85502624485198
1384fa5a1bee2272f0272bc4,0,25225.5591981497,2.998059,-0.5975233200000001,24.97555,0.0,2.85668771073848
1384fa5a1bee2272f0272bc4,0,25235.5591986247,2.9959319,-0.5987049600000001,24.833483,0.0,2.8583491435913304
1384fa5a1bee2272f0272bc4,0,25245.5591990997,2.9938047,-0.59712933,25.149187,0.0,2.8600106478684
1384fa5a1bee2272f0272bc4,0,25255.5591995746,2.9916775,-0.5979170500000001,24.928194,0.0,2.86167218888989
1384fa5a1bee2272f0272bc4,0,25265.5592000496,2.9895895,-0.59831122,24.920301,0.0,2.8633336903049598
1384fa5a1bee2272f0272bc4,0,25275.5592005246,2.9873047,-0.59712958,25.070261,0.0,2.86499520113768
1384fa5a1bee2272f0272bc4,0,25285.5592009996,2.9850986,-0.59968939,24.715094,0.0,2.8666566381479104
1384fa5a1bee2272f0272bc4,0,25295.5592014745,2.9830108,-0.59870471,25.109722,0.0,2.86831811540719
1384fa5a1bee2272f0272bc4,0,25305.5592019495,2.9806867,-0.59831073,25.022905,0.0,2.86997954399409
1384fa5a1bee2272f0272bc4,0,25315.5592024245,2.9783626,-0.5979173,24.904516,0.0,2.87164093034901
1384fa5a1bee2272f0272bc4,0,25325.5592028995,2.9759595,-0.59831073,25.054474,0.0,2.8733022511763
1384fa5a1bee2272f0272bc4,0,25335.5592033744,2.9738717,-0.59850787,25.086044,0.0,2.87496365984841
1384fa5a1bee2272f0272bc4,0,25345.5592038494,2.9715867,-0.5981142,25.086044,0.0,2.87662510669205
1384fa5a1bee2272f0272bc4,0,25355.5592043244,2.9691837,-0.59732666,25.015011,0.0,2.87828651209163
1384fa5a1bee2272f0272bc4,0,25365.5592047994,2.966702,-0.59870453,24.936087,0.0,2.87994789450441
1384fa5a1bee2272f0272bc4,0,25375.5592052743,2.9644172,-0.59732629,25.007118,0.0,2.8816093449578
1384fa5a1bee2272f0272bc4,0,25385.5592057493,2.9619355,-0.59772009,24.983442,0.0,2.8832706369040104
1384fa5a1bee2272f0272bc4,0,25395.5592062243,2.9595718,-0.59831104,25.093939,0.0,2.8849319519399503
1384fa5a1bee2272f0272bc4,0,25405.5592066993,2.956893,-0.5987045900000001,24.959764,0.0,2.8865932609579
1384fa5a1bee2272f0272bc4,0,25415.5592071742,2.9544506,-0.59909857,25.212326,0.0,2.8882546097940898
1384fa5a1bee2272f0272bc4,0,25425.5592076492,2.95189,-0.59850769,24.983442,0.0,2.88991600905102
1384fa5a1bee2272f0272bc4,0,25435.5592081242,2.9492114,-0.59870471,25.022905,0.0,2.89157734717558
1384fa5a1bee2272f0272bc4,0,25445.5592085991,2.9466507,-0.59929547,25.030796,0.0,2.89323861572912
1384fa5a1bee2272f0272bc4,0,25455.5592090741,2.9440901,-0.59811438,25.070261,0.0,2.89489983704283
1384fa5a1bee2272f0272bc4,0,25465.5592095491,2.9414115,-0.59791718,25.046583,0.0,2.89656107384059
1384fa5a1bee2272f0272bc4,0,25475.5592100241,2.9387326,-0.5969328,25.172865,0.0,2.89822232181914
1384fa5a1bee2272f0272bc4,0,25485.5592104991,2.9360147,-0.59732642,25.054474,0.0,2.8998835880652702
1384fa5a1bee2272f0272bc4,0,25495.559210974,2.9333358,-0.59850757,25.1334,0.0,2.90154481558813
1384fa5a1bee2272f0272bc4,0,25505.559211449,2.9304996,-0.5979170500000001,25.062366,0.0,2.90320600418188
1384fa5a1bee2272f0272bc4,0,25515.559211924,2.9278207,-0.59831091,25.078154,0.0,2.90486720294507
1384fa5a1bee2272f0272bc4,0,25525.559212399,2.9249845,-0.5994924300000001,24.967657,0.0,2.9065284332006
1384fa5a1bee2272f0272bc4,0,25535.5592128739,2.9219904,-0.59890155,25.101831,0.0,2.90818971783354
1384fa5a1bee2272f0272bc4,0,25545.5592133489,2.9191542,-0.59811438,24.920301,0.0,2.90985107715646
1384fa5a1bee2272f0272bc4,0,25555.5592138239,2.9161603,-0.5981142,24.833483,0.0,2.91151236846926
1384fa5a1bee2272f0272bc4,0,25565.5592142988,2.9132452,-0.59831073,25.204433,0.0,2.91317364641702
1384fa5a1bee2272f0272bc4,0,25575.5592147738,2.9102907,-0.59850781,25.204433,0.0,2.9148349079611697
1384fa5a1bee2272f0272bc4,0,25585.5592152488,2.907021,-0.59909888,25.007118,0.0,2.91649618514288
1384fa5a1bee2272f0272bc4,0,25595.5592157238,2.9041452,-0.59752319,25.236004,0.0,2.9181574449270804
1384fa5a1bee2272f0272bc4,0,25605.5592161987,2.9010725,-0.59909845,25.046583,0.0,2.91981878202584
1384fa5a1bee2272f0272bc4,0,25615.5592166737,2.8978031,-0.5981141400000001,25.157078,0.0,2.92148008501284
1384fa5a1bee2272f0272bc4,0,25625.5592171487,2.8944545,-0.59929504,25.007118,0.0,2.9231412384822804
1384fa5a1bee2272f0272bc4,0,25635.5592176237,2.8913424,-0.5973266,24.991335,0.0,2.9248024606490297
1384fa5a1bee2272f0272bc4,0,25645.5592180986,2.8879547,-0.5975233200000001,25.236004,0.0,2.92646362659656
1384fa5a1bee2272f0272bc4,0,25655.5592185736,2.884685,-0.5979175400000001,25.125509,0.0,2.92812481354491
1384fa5a1bee2272f0272bc4,0,25665.5592190486,2.8813365,-0.59772015,25.1334,0.0,2.92978601688896
1384fa5a1bee2272f0272bc4,0,25675.5592195236,2.8778698,-0.59772015,25.259682,0.0,2.9314472194998005
1384fa5a1bee2272f0272bc4,0,25685.5592199985,2.874285,-0.59850787,25.1334,0.0,2.93310848029058
1384fa5a1bee2272f0272bc4,0,25695.5592204735,2.8709366,-0.5971297600000001,25.243898,0.0,2.9347697404036
1384fa5a1bee2272f0272bc4,0,25705.5592209485,2.8672731,-0.59909839,25.180756,0.0,2.93643093697831
1384fa5a1bee2272f0272bc4,0,25715.5592214235,2.8636096,-0.5979170500000001,25.149187,0.0,2.9380921394799002
1384fa5a1bee2272f0272bc4,0,25725.5592218984,2.8598671,-0.59968939,25.212326,0.0,2.9397533640438
1384fa5a1bee2272f0272bc4,0,25735.5592223734,2.8561246,-0.5979173600000001,25.275469,0.0,2.94141451631716
1384fa5a1bee2272f0272bc4,0,25745.5592228484,2.8521459,-0.59732642,25.030796,0.0,2.94307572898426
1384fa5a1bee2272f0272bc4,0,25755.5592233234,2.8483248,-0.59831116,25.251789,0.0,2.9447369572548303
1384fa5a1bee2272f0272bc4,0,25765.5592237983,2.8442674,-0.59850781,25.385963,0.0,2.94639821825618
1384fa5a1bee2272f0272bc4,0,25775.5592242733,2.8402097,-0.59732666,25.251789,0.0,2.948059410223
1384fa5a1bee2272f0272bc4,0,25785.5592247483,2.836113,-0.59811371,25.267576,0.0,2.9497206525102304
1384fa5a1bee2272f0272bc4,0,25795.5592252233,2.8318977,-0.59909821,25.196543,0.0,2.95138194490108
1384fa5a1bee2272f0272bc4,0,25805.5592256982,2.8274465,-0.59909875,25.180756,0.0,2.9530432090496004
1384fa5a1bee2272f0272bc4,0,25815.5592261732,2.8231919,-0.59831104,25.204433,0.0,2.9547044186445
1384fa5a1bee2272f0272bc4,0,25825.5592266482,2.818701,-0.59870471,25.101831,0.0,2.95636567700628
1384fa5a1bee2272f0272bc4,0,25835.5592271232,2.8140919,-0.59831122,25.212326,0.0,2.95802705033914
1384fa5a1bee2272f0272bc4,0,25845.5592275981,2.8093648,-0.5969322499999999,25.37018,0.0,2.95968839269665
1384fa5a1bee2272f0272bc4,0,25855.5592280731,2.8048346,-0.59929523,25.31493,0.0,2.96134965882106
1384fa5a1bee2272f0272bc4,0,25865.5592285481,2.7999892,-0.59850751,25.307037,0.0,2.9630109377468696
1384fa5a1bee2272f0272bc4,0,25875.5592290231,2.7951832,-0.59870453,25.401749,0.0,2.9646722371155003
1384fa5a1bee2272f0272bc4,0,25885.559229498,2.7901409,-0.59949231,25.378071,0.0,2.96633354569212
1384fa5a1bee2272f0272bc4,0,25895.559229973,2.7852166,-0.59831104,25.464888,0.0,2.9679948612754203
1384fa5a1bee2272f0272bc4,0,25905.559230448,2.779938,-0.59929529,25.243898,0.0,2.96965617390383
1384fa5a1bee2272f0272bc4,0,25915.559230923,2.7746985,-0.59791687,25.307037,0.0,2.97131744486445
1384fa5a1bee2272f0272bc4,0,25925.5592313979,2.7694592,-0.5975235,25.31493,0.0,2.9729788058539004
1384fa5a1bee2272f0272bc4,0,25935.5592318729,2.7640624,-0.59771997,25.354393,0.0,2.9746401074455298
1384fa5a1bee2272f0272bc4,0,25945.5592323479,2.7585866,-0.59870453,25.504353,0.0,2.97630140116172
1384fa5a1bee2272f0272bc4,0,25955.5592328228,2.752914,-0.59909863,25.16497,0.0,2.97796260539108
1384fa5a1bee2272f0272bc4,0,25965.5592332978,2.7472808,-0.5981141400000001,25.37018,0.0,2.9796238684708802
1384fa5a1bee2272f0272bc4,0,25975.5592337728,2.7414505,-0.59732666,25.449104,0.0,2.98128528993766
1384fa5a1bee2272f0272bc4,0,25985.5592342478,2.7355809,-0.5983106699999999,25.196543,0.0,2.98294668843426
1384fa5a1bee2272f0272bc4,0,25995.5592347228,2.729672,-0.5990982699999999,25.354393,0.0,2.98460807029651
1384fa5a1bee2272f0272bc4,0,26005.5592351977,2.7234871,-0.59890173,25.512245,0.0,2.98626938817971
1384fa5a1bee2272f0272bc4,0,26015.5592356727,2.7174206,-0.59909888,25.543818,0.0,2.98793075057134
1384fa5a1bee2272f0272bc4,0,26025.5592361477,2.7110782,-0.5981143200000001,25.551708,0.0,2.98959211065899
1384fa5a1bee2272f0272bc4,0,26035.5592366226,2.7047753,-0.5987047700000001,25.606956,0.0,2.99125342754657
1384fa5a1bee2272f0272bc4,0,26045.5592370976,2.698236,-0.59870471,25.401749,0.0,2.9929148007629602
1384fa5a1bee2272f0272bc4,0,26055.5592375726,2.6917362,-0.59870471,25.243898,0.0,2.9945761856748
1384fa5a1bee2272f0272bc4,0,26065.5592380476,2.684921,-0.598508,25.780594,0.0,2.9962375763872804
1384fa5a1bee2272f0272bc4,0,26075.5592385226,2.6780665,-0.59890155,25.338608,0.0,2.99789893024789
1384fa5a1bee2272f0272bc4,0,26085.5592389975,2.6711729,-0.5975233200000001,25.401749,0.0,2.99956034602466
1384fa5a1bee2272f0272bc4,0,26095.5592394725,2.6641607,-0.59712927,25.512245,0.0,3.00122174549793
1384fa5a1bee2272f0272bc4,0,26105.5592399475,2.6569123,-0.59850769,25.338608,0.0,3.0028829858441
1384fa5a1bee2272f0272bc4,0,26115.5592404224,2.6495852,-0.5969328,25.575386,0.0,3.0045443369841003
1384fa5a1bee2272f0272bc4,0,26125.5592408974,2.6420217,-0.59831122,25.575386,0.0,3.00620549211601
1384fa5a1bee2272f0272bc4,0,26135.5592413724,2.6344974,-0.59712933,25.64642,0.0,3.00786673322766
1384fa5a1bee2272f0272bc4,0,26145.5592418474,2.6266582,-0.59909839,25.52014,0.0,3.00952808512592
1384fa5a1bee2272f0272bc4,0,26155.5592423223,2.6187401,-0.5979175400000001,25.551708,0.0,3.01118941983861
1384fa5a1bee2272f0272bc4,0,26165.5592427973,2.6107039,-0.59811365,25.409641,0.0,3.01285073410921
1384fa5a1bee2272f0272bc4,0,26175.5592432723,2.6026282,-0.59870435,25.583279,0.0,3.01451203569375
1384fa5a1bee2272f0272bc4,0,26185.5592437473,2.5942376,-0.5996890899999999,25.591173,0.0,3.01617331496021
1384fa5a1bee2272f0272bc4,0,26195.5592442222,2.585768,-0.5981138300000001,25.583279,0.0,3.01783458744861
1384fa5a1bee2272f0272bc4,0,26205.5592446972,2.5769436,-0.59890179,25.804272,0.0,3.0194959285103202
1384fa5a1bee2272f0272bc4,0,26215.5592451722,2.5683167,-0.59772009,25.756916,0.0,3.0211572806096303
1384fa5a1bee2272f0272bc4,0,26225.5592456472,2.5594926,-0.5979169900000001,25.575386,0.0,3.02281860930212
1384fa5a1bee2272f0272bc4,0,26235.5592461221,2.5503926,-0.59909845,25.449104,0.0,3.0244799078175704
1384fa5a1bee2272f0272bc4,0,26245.5592465971,2.5411351,-0.59791687,25.796379,0.0,3.02614116870777
1384fa5a1bee2272f0272bc4,0,26255.5592470721,2.5316412,-0.59850806,25.599064,0.0,3.02780243485316
1384fa5a1bee2272f0272bc4,0,26265.5592475471,2.5221081,-0.5979170500000001,25.733238,0.0,3.0294637299908302
1384fa5a1bee2272f0272bc4,0,26275.559248022,2.5125749,-0.5989014300000001,25.820057,0.0,3.0311250252436497
1384fa5a1bee2272f0272bc4,0,26285.559248497,2.5027659,-0.59831091,25.898983,0.0,3.0327862725927597
1384fa5a1bee2272f0272bc4,0,26358.1912519468,2.6774757,0.0,25.125509,0.0,3.03322348113219
1384fa5a1bee2272f0272bc4,0,26458.1912566966,2.7177358,0.0,24.659845,0.0,3.03322348113219
1384fa5a1bee2272f0272bc4,0,26558.1912614463,2.7382598,0.0,24.336248,0.0,3.03322348113219
1384fa5a1bee2272f0272bc4,0,26658.1912661961,2.7524018,0.0,24.194181,0.0,3.03322348113219
1384fa5a1bee2272f0272bc4,0,26758.1912709458,2.7631168,0.0,23.933725,0.0,3.03322348113219
1384fa5a1bee2272f0272bc4,0,26858.1912756956,2.7719409,0.0,23.870584,0.0,3.03322348113219
1384fa5a1bee2272f0272bc4,0,26958.1912804453,2.7793469,0.0,23.760088,0.0,3.03322348113219
1384fa5a1bee2272f0272bc4,0,27058.1912851951,2.7858863,0.0,23.839016,0.0,3.03322348113219
1384fa5a1bee2272f0272bc4,0,27158.1912899448,2.7916377,0.0,23.618023,0.0,3.03322348113219
1384fa5a1bee2272f0272bc4,0,27368.1872999191,3.4615223,3.0040417,24.833483,0.125128788299425,0.0
1384fa5a1bee2272f0272bc4,0,27668.1873141683,3.5535848,3.0028601,26.92502,0.375389837490234,0.0
1384fa5a1bee2272f0272bc4,0,27968.1873284175,3.623311,3.0032537,28.029985,0.625654447069363,0.0
1384fa5a1bee2272f0272bc4,0,28268.1873426668,3.6983554,3.0024663,27.990522,0.875916351735704,0.0
1384fa5a1bee2272f0272bc4,0,28568.187356916,3.7619364,3.0032541999999998,28.361475,1.1261693525257699,0.0
1384fa5a1bee2272f0272bc4,0,28868.1873711653,3.8340657,3.0028601,28.874493,1.37639065408257,0.0
1384fa5a1bee2272f0272bc4,0,29168.1873854145,3.9124587,3.0018757000000003,28.992882,1.62657901944377,0.0
1384fa5a1bee2272f0272bc4,0,29468.1873996637,3.9813972,3.0016787,29.300695,1.87675164009901,0.0
1384fa5a1bee2272f0272bc4,0,29768.187413913,4.0496264,3.0026631000000004,29.482224,2.12691888318753,0.0
1384fa5a1bee2272f0272bc4,0,30068.1874281622,4.1447616,3.0018757000000003,29.703217,2.3770826086858503,0.0
1384fa5a1bee2272f0272bc4,0,30341.8774411618,4.1997938,2.6951287,29.521685,2.60235373537014,0.0
1384fa5a1bee2272f0272bc4,0,30641.877455411,4.1998725,1.8816125,28.882387,2.7906012892678502,0.0
1384fa5a1bee2272f0272bc4,0,30941.8774696602,4.1997938,1.2104425,27.83267,2.91911676568339,0.0
1384fa5a1bee2272f0272bc4,0,31241.8774839095,4.1998334,0.6609444,26.7356,2.99558643445455,0.0
1384fa5a1bee2272f0272bc4,0,31541.8774981587,4.1998725,0.33963336,26.056833,3.0358059752995,0.0
1384fa5a1bee2272f0272bc4,0,31841.877512408,4.1996756,0.18212764,25.212326,3.05680564584308,0.0
1384fa5a1bee2272f0272bc4,0,32141.8775266572,4.1997938,0.10810015,25.086044,3.06859939113313,0.0
1384fa5a1bee2272f0272bc4,0,32415.2295396407,4.190773,0.0,23.981081,3.0695793972888,0.0
1384fa5a1bee2272f0272bc4,0,32715.2295538899,4.1877394,0.0,23.515419,3.0695793972888,0.0
1384fa5a1bee2272f0272bc4,0,33015.2295681392,4.185967,0.0,23.570665,3.0695793972888,0.0
1384fa5a1bee2272f0272bc4,0,33150.2295745513,3.7212038,-13.054456,29.316479,0.0,0.268620343612739
1384fa5a1bee2272f0272bc4,0,33240.2315788262,3.9443672,-3.6482126,30.089952,0.0,0.359918250608317
1384fa5a1bee2272f0272bc4,0,33340.231583576,3.9255767,-3.6637660999999997,29.324373,0.0,0.461451571644152
1384fa5a1bee2272f0272bc4,0,33440.2315883257,3.9020982,-3.6862109000000003,29.166519,0.0,0.5635310520380321
1384fa5a1bee2272f0272bc4,0,33540.2315930754,3.868732,-3.7188933000000004,28.795567,0.0,0.666345709643826
1384fa5a1bee2272f0272bc4,0,33640.2315978252,3.8269749,-3.7574822,28.771889,0.0,0.7701836772003849
1384fa5a1bee2272f0272bc4,0,33740.2316025749,3.7875028,-3.7982370999999997,28.637714,0.0,0.875151847560086
1384fa5a1bee2272f0272bc4,0,33840.2316073247,3.7542155,-3.8313127000000002,28.535112,0.0,0.981133261491564
1384fa5a1bee2272f0272bc4,0,33940.2316120744,3.72404,-3.8636013,28.70875,0.0,1.08800436499335
1384fa5a1bee2272f0272bc4,0,34030.2296163491,3.3364091,-14.560998,35.014935,0.0,1.4141788546657998
1384fa5a1bee2272f0272bc4,0,34265.2276275109,3.7450762,0.0,32.978642,0.0,1.51590554814453
1384fa5a1bee2272f0272bc4,0,34565.2276417601,3.7552395,0.0,28.503542,0.0,1.51590554814453
2dd3083ce08ecb620a633b37,0,0.0,3.5418677,1.4902007000000002,23.471842,0.0,0.0
2dd3083ce08ecb620a633b37,0,300.000014249235,3.5929849,1.4894125,24.800236,0.12412666741061701,0.0
2dd3083ce08ecb620a633b37,0,600.000028498471,3.6485522,1.4870485000000002,24.903027,0.248246376345893,0.0
2dd3083ce08ecb620a633b37,0,900.000042747706,3.7012837,1.4888215,24.681629,0.37235486854058203,0.0
2dd3083ce08ecb620a633b37,0,1200.00005699694,3.7352307,1.4884275,24.974192,0.49644592349595806,0.0
2dd3083ce08ecb620a633b37,0,1500.00007124618,3.7712252,1.4866544,25.298384,0.62052778987949,0.0
2dd3083ce08ecb620a633b37,0,1800.00008549541,3.8121819,1.4896096,25.598852,0.744625398234117,0.0
2dd3083ce08ecb620a633b37,0,2100.00009974465,3.8538082,1.4898065999999999,25.749086,0.868755403937853,0.0
2dd3083ce08ecb620a633b37,0,2400.00011399388,3.8915749,1.4888215,25.828157,0.9928861406035699,0.0
2dd3083ce08ecb620a633b37,0,2700.00012824312,3.9255216,1.4903978,25.986301,1.117002285452,0.0
2dd3083ce08ecb620a633b37,0,3000.00014249235,3.9575386,1.4894126,25.978394,1.2411040105207,0.0
2dd3083ce08ecb620a633b37,0,3300.00015674159,3.9900677,1.4888214,25.780716,1.36520192358405,0.0
2dd3083ce08ecb620a633b37,0,3600.00017099083,4.029449,1.4892156,25.583036,1.48929747876641,0.0
2dd3083ce08ecb620a633b37,0,3900.00018524006,4.0787153,1.4886245,25.74118,1.61339393171638,0.0
2dd3083ce08ecb620a633b37,0,4200.00019948929,4.1267605,1.4894125,25.74118,1.73748692887214,0.0
2dd3083ce08ecb620a633b37,0,4500.00021373853,4.1582656,1.4892156,25.804436,1.86157930694628,0.0
2dd3083ce08ecb620a633b37,0,4800.00022798777,4.1797681,1.4884275,25.978394,1.98567579945306,0.0
2dd3083ce08ecb620a633b37,0,5071.24224087107,4.1997342,1.4031198,25.923042,2.09746057118917,0.0
2dd3083ce08ecb620a633b37,0,5371.24225512031,4.1997738,0.92555078,25.812346,2.19366306317841,0.0
2dd3083ce08ecb620a633b37,0,5671.24226936954,4.1997738,0.5610697,25.496059,2.2547783120713003,0.0
2dd3083ce08ecb620a633b37,0,5971.24228361878,4.1997342,0.32740775000000005,25.005819,2.29098144819336,0.0
2dd3083ce08ecb620a633b37,0,6271.24229786801,4.1996951,0.19284515,24.713257,2.31216017319306,0.0
2dd3083ce08ecb620a633b37,0,6571.24231211725,4.1998525,0.11916083999999999,24.325808,2.3249154243867802,0.0
2dd3083ce08ecb620a633b37,0,6871.24232636648,4.1998129,0.077393288,24.025337,2.3329429907740002,0.0
2dd3083ce08ecb620a633b37,0,7167.0123404148,4.1934333,0.0,22.720667,2.33578060089039,0.0
2dd3083ce08ecb620a633b37,0,7467.01235466404,4.1901646,0.0,22.269962,2.33578060089039,0.0
2dd3083ce08ecb620a633b37,0,7767.01236891327,4.1882348,0.0,21.94577,2.33578060089039,0.0
2dd3083ce08ecb620a633b37,0,7922.06637627794,4.1666145,-0.6074364600000001,22.096006,0.0,0.0008488476306491431
2dd3083ce08ecb620a633b37,0,7932.06637675292,4.1615739,-0.6096037599999999,22.33322,0.0,0.0025456517812093103
2dd3083ce08ecb620a633b37,0,7942.06637722789,4.15799,-0.6099977400000001,22.103912,0.0,0.00424221315768771
2dd3083ce08ecb620a633b37,0,7952.06637770287,4.1551938,-0.61058868,22.356939,0.0,0.00593864865556505
2dd3083ce08ecb620a633b37,0,7962.06637817784,4.1526737,-0.61157397,22.388567,0.0,0.00763515912967258
2dd3083ce08ecb620a633b37,0,7972.06637865282,4.1504683,-0.6107856399999999,22.49136,0.0,0.00933162243387858
2dd3083ce08ecb620a633b37,0,7982.06637912779,4.1485777,-0.60999762,22.689037,0.0,0.0110280998545668
2dd3083ce08ecb620a633b37,0,7992.06637960277,4.1467271,-0.6119678300000001,22.807646,0.0,0.012724617777235199
2dd3083ce08ecb620a633b37,0,8002.06638007774,4.1449943,-0.61374103,22.934158,0.0,0.0144211950164117
2dd3083ce08ecb620a633b37,0,8012.06638055271,4.1433005,-0.61058881,22.965786,0.0,0.0161176751744927
2dd3083ce08ecb620a633b37,0,8022.06638102769,4.1417255,-0.6121649200000001,23.044857,0.0,0.0178141834625922
2dd3083ce08ecb620a633b37,0,8032.06638150266,4.1401896,-0.61078571,23.052765,0.0,0.0195106608782281
2dd3083ce08ecb620a633b37,0,8042.06638197764,4.138772,-0.61058893,23.274162,0.0,0.0212071443148804
2dd3083ce08ecb620a633b37,0,8052.06638245261,4.1374331,-0.6107856399999999,23.479748,0.0,0.0229038064963786
2dd3083ce08ecb620a633b37,0,8062.06638292759,4.1360941,-0.6099977400000001,23.416491,0.0,0.024600329557461203
2dd3083ce08ecb620a633b37,0,8072.06638340256,4.1348729,-0.61058868,23.329514,0.0,0.0262967705226983
2dd3083ce08ecb620a633b37,0,8082.06638387754,4.133534,-0.60980066,23.408585,0.0,0.0279933507155016
2dd3083ce08ecb620a633b37,0,8092.06638435251,4.1323919,-0.61058868,23.471842,0.0,0.029689682229682098
2dd3083ce08ecb620a633b37,0,8102.06638482749,4.1312108,-0.60763348,23.392771,0.0,0.031386093099127904
2dd3083ce08ecb620a633b37,0,8112.06638530246,4.1300688,-0.6105888700000001,23.471842,0.0,0.033082519400533104
2dd3083ce08ecb620a633b37,0,8122.06638577743,4.1289659,-0.61019476,23.487656,0.0,0.0347790033806695
2dd3083ce08ecb620a633b37,0,8132.06638625241,4.1277056,-0.61098267,23.661613,0.0,0.0364754695256551
2dd3083ce08ecb620a633b37,0,8142.06638672738,4.1266422,-0.60842151,23.392771,0.0,0.0381719064398194
2dd3083ce08ecb620a633b37,0,8152.06638720236,4.1257367,-0.61236182,23.543005,0.0,0.0398683456556193
2dd3083ce08ecb620a633b37,0,8162.06638767733,4.1245947,-0.60842157,23.574633,0.0,0.0415649134776815
2dd3083ce08ecb620a633b37,0,8172.06638815231,4.1236887,-0.6088155500000001,23.543005,0.0,0.0432615640482585
2dd3083ce08ecb620a633b37,0,8182.06638862728,4.1226649,-0.61334692,23.503469,0.0,0.0449582492073229
2dd3083ce08ecb620a633b37,0,8192.06638910226,4.1215229,-0.6115739099999999,23.408585,0.0,0.046654956252170206
2dd3083ce08ecb620a633b37,0,8202.06638957723,4.1207352,-0.6115737299999999,23.432306,0.0,0.0483515386342028
2dd3083ce08ecb620a633b37,0,8212.0663900522,4.1198297,-0.61117963,23.511377,0.0,0.0500481773820665
2dd3083ce08ecb620a633b37,0,8222.06639052718,4.1189237,-0.6098006,23.424398,0.0,0.0517450459779528
2dd3083ce08ecb620a633b37,0,8232.06639100215,4.117939,-0.60920978,23.582541,0.0,0.0534417739210002
2dd3083ce08ecb620a633b37,0,8242.06639147713,4.1171517,-0.60940662,23.661613,0.0,0.0551386246729194
2dd3083ce08ecb620a633b37,0,8252.0663919521,4.1163244,-0.6107856399999999,23.463934,0.0,0.05683543405056431
2dd3083ce08ecb620a633b37,0,8262.06639242708,4.1154976,-0.6080274,23.566727,0.0,0.058532258530544806
2dd3083ce08ecb620a633b37,0,8272.06639290205,4.1149068,-0.61039209,23.685333,0.0,0.0602298762256199
2dd3083ce08ecb620a633b37,0,8282.06639337703,4.1141977,-0.60507245,23.535099,0.0,0.0619277597835965
2dd3083ce08ecb620a633b37,0,8292.066393852,4.1134892,-0.6121644300000001,23.63789,0.0,0.0636256766049195
2dd3083ce08ecb620a633b37,0,8302.06639432698,4.1127014,-0.6068454000000001,23.305792,0.0,0.0653232465792847
2dd3083ce08ecb620a633b37,0,8312.06639480195,4.1117954,-0.61965131,23.503469,0.0,0.0670213400827705
2dd3083ce08ecb620a633b37,0,8322.06639527692,4.1112442,-0.6111800500000001,23.440212,0.0,0.0687191869666884
2dd3083ce08ecb620a633b37,0,8332.0663957519,4.1104174,-0.60743689,23.44812,0.0,0.0704171125213284
2dd3083ce08ecb620a633b37,0,8342.06639622687,4.1097479,-0.61078607,23.345327,0.0,0.072115082438931
2dd3083ce08ecb620a633b37,0,8352.06639670185,4.1091175,-0.6058605300000001,23.558821,0.0,0.0738127578214179
2dd3083ce08ecb620a633b37,0,8362.06639717682,4.1084089,-0.61236163,23.543005,0.0,0.0755102344407823
2dd3083ce08ecb620a633b37,0,8372.0663976518,4.1071882,-0.61039178,23.44812,0.0,0.0772071483657837
2dd3083ce08ecb620a633b37,0,8382.06639812677,4.1064396,-0.61117981,23.519283,0.0,0.0789034867927721
2dd3083ce08ecb620a633b37,0,8392.06639860175,4.1056914,-0.61039172,23.503469,0.0,0.0805998489761014
2dd3083ce08ecb620a633b37,0,8402.06639907672,4.1049037,-0.6107858300000001,23.543005,0.0,0.08229618872066921
2dd3083ce08ecb620a633b37,0,8412.0663995517,4.1042342,-0.6121649200000001,23.408585,0.0,0.0839925547335815
2dd3083ce08ecb620a633b37,0,8422.06640002667,4.1035647,-0.61039166,23.527191,0.0,0.0856890007623969
2dd3083ce08ecb620a633b37,0,8432.06640050164,4.1029348,-0.61098279,23.321608,0.0,0.0873854566335381
2dd3083ce08ecb620a633b37,0,8442.06640097662,4.1022654,-0.61117975,23.376955,0.0,0.089081930351393
2dd3083ce08ecb620a633b37,0,8452.06640145159,4.1016355,-0.6119679,23.226721,0.0,0.09077838513244631
2dd3083ce08ecb620a633b37,0,8462.06640192657,4.1010051,-0.61039178,23.329514,0.0,0.092474766358473
2dd3083ce08ecb620a633b37,0,8472.06640240154,4.1003752,-0.61157379,23.598356,0.0,0.0941711293088447
2dd3083ce08ecb620a633b37,0,8482.06640287652,4.0997448,-0.61039178,23.487656,0.0,0.0958675809150526
2dd3083ce08ecb620a633b37,0,8492.06640335149,4.0991149,-0.61058881,23.376955,0.0,0.0975640465297445
2dd3083ce08ecb620a633b37,0,8502.06640382647,4.0984454,-0.61177087,23.384863,0.0,0.0992604098101129
2dd3083ce08ecb620a633b37,0,8512.06640430144,4.0979729,-0.61039172,23.677425,0.0,0.100956765428195
2dd3083ce08ecb620a633b37,0,8522.06640477641,4.0973034,-0.61098279,23.503469,0.0,0.10265319437591601
2dd3083ce08ecb620a633b37,0,8532.06640525139,4.0968308,-0.61058875,23.384863,0.0,0.104349541234877
2dd3083ce08ecb620a633b37,0,8542.06640572636,4.0963187,-0.6094067400000001,23.361143,0.0,0.10604587540134
2dd3083ce08ecb620a633b37,0,8552.06640620134,4.0957279,-0.6107858300000001,23.519283,0.0,0.107742228060743
2dd3083ce08ecb620a633b37,0,8562.06640667631,4.0951767,-0.61177087,23.274162,0.0,0.109438620013767
2dd3083ce08ecb620a633b37,0,8572.06640715129,4.0945859,-0.61177081,23.361143,0.0,0.11113499117441801
2dd3083ce08ecb620a633b37,0,8582.06640762626,4.0939951,-0.61058881,23.424398,0.0,0.112831318878682
2dd3083ce08ecb620a633b37,0,8592.06640810124,4.0935621,-0.61157385,23.511377,0.0,0.114527646367357
2dd3083ce08ecb620a633b37,0,8602.06640857621,4.0930896,-0.61019464,23.456028,0.0,0.116223930729438
2dd3083ce08ecb620a633b37,0,8612.06640905119,4.0923414,-0.6099977400000001,23.424398,0.0,0.117920138256802
2dd3083ce08ecb620a633b37,0,8622.06640952616,4.091908,-0.60980072,23.471842,0.0,0.119616412551202
2dd3083ce08ecb620a633b37,0,8632.06641000113,4.0915141,-0.61058881,23.661613,0.0,0.121312720884128
2dd3083ce08ecb620a633b37,0,8642.06641047611,4.0910025,-0.61157379,23.329514,0.0,0.123008939141168
2dd3083ce08ecb620a633b37,0,8652.06641095108,4.090569,-0.6099977400000001,23.376955,0.0,0.124705082089878
2dd3083ce08ecb620a633b37,0,8662.06641142606,4.0898995,-0.6107858300000001,23.369049,0.0,0.12640113780727802
2dd3083ce08ecb620a633b37,0,8672.06641190103,4.089427,-0.61078571,23.495564,0.0,0.12809714317440501
2dd3083ce08ecb620a633b37,0,8682.06641237601,4.0888362,-0.60881561,23.440212,0.0,0.129793138143073
2dd3083ce08ecb620a633b37,0,8692.06641285098,4.0885606,-0.61019476,23.297886,0.0,0.13148916365332702
2dd3083ce08ecb620a633b37,0,8702.06641332596,4.088088,-0.61157385,23.44812,0.0,0.133185199343024
2dd3083ce08ecb620a633b37,0,8712.06641380093,4.0876155,-0.61058868,23.432306,0.0,0.134881209528537
2dd3083ce08ecb620a633b37,0,8722.06641427591,4.0871034,-0.60960364,23.289978,0.0,0.136577356861538
2dd3083ce08ecb620a633b37,0,8732.06641475088,4.0866704,-0.61039178,23.329514,0.0,0.138273461618584
2dd3083ce08ecb620a633b37,0,8742.06641522585,4.0862765,-0.61098285,23.329514,0.0,0.139969584660746
2dd3083ce08ecb620a633b37,0,8752.06641570083,4.0858431,-0.60980072,23.218815,0.0,0.141665498208042
2dd3083ce08ecb620a633b37,0,8762.0664161758,4.0853314,-0.61019476,23.440212,0.0,0.14336152525434698
2dd3083ce08ecb620a633b37,0,8772.06641665078,4.0850163,-0.6105888700000001,23.44812,0.0,0.14505761381568102
2dd3083ce08ecb620a633b37,0,8782.06641712575,4.0845437,-0.61078571,23.590448,0.0,0.14675366056115002
2dd3083ce08ecb620a633b37,0,8792.06641760073,4.0841103,-0.61117975,23.519283,0.0,0.148449651050686
2dd3083ce08ecb620a633b37,0,8802.0664180757,4.0835986,-0.6115739099999999,23.693241,0.0,0.15014573512468102
2dd3083ce08ecb620a633b37,0,8812.06641855068,4.0834017,-0.61117975,23.661613,0.0,0.151841781875169
2dd3083ce08ecb620a633b37,0,8822.06641902565,4.0829291,-0.6094067400000001,23.519283,0.0,0.153537857958069
2dd3083ce08ecb620a633b37,0,8832.06641950062,4.0824566,-0.61078577,23.558821,0.0,0.15523395954087998
2dd3083ce08ecb620a633b37,0,8842.0664199756,4.0821414,-0.61117981,23.558821,0.0,0.15693005707492402
2dd3083ce08ecb620a633b37,0,8852.06642045057,4.0816293,-0.61058875,23.843475,0.0,0.158626215577494
2dd3083ce08ecb620a633b37,0,8862.06642092555,4.081275,-0.61058868,23.495564,0.0,0.160322393229641
2dd3083ce08ecb620a633b37,0,8872.06642140052,4.0809994,-0.6111798700000001,23.511377,0.0,0.162018402434421
2dd3083ce08ecb620a633b37,0,8882.0664218755,4.0805659,-0.61039178,23.527191,0.0,0.16371449142985
2dd3083ce08ecb620a633b37,0,8892.06642235047,4.0802116,-0.61039166,23.566727,0.0,0.165410598924154
2dd3083ce08ecb620a633b37,0,8902.06642282545,4.0797391,-0.6113768300000001,23.376955,0.0,0.16710663166107198
2dd3083ce08ecb620a633b37,0,8912.06642330042,4.0794635,-0.61137677,23.511377,0.0,0.16880274725474
2dd3083ce08ecb620a633b37,0,8922.0664237754,4.0789909,-0.6107858300000001,23.550911,0.0,0.170498779990879
2dd3083ce08ecb620a633b37,0,8932.06642425037,4.0786366,-0.61039178,23.764404,0.0,0.172194970010003
2dd3083ce08ecb620a633b37,0,8942.06642472534,4.0783215,-0.61117981,23.827662,0.0,0.17389115466105098
2dd3083ce08ecb620a633b37,0,8952.06642520032,4.0779672,-0.60999762,23.74859,0.0,0.175587316988356
2dd3083ce08ecb620a633b37,0,8962.06642567529,4.0776916,-0.61039178,23.716961,0.0,0.177283451292894
2dd3083ce08ecb620a633b37,0,8972.06642615027,4.0772581,-0.60842157,23.463934,0.0,0.17897957279046
2dd3083ce08ecb620a633b37,0,8982.06642662524,4.0770216,-0.6111798700000001,23.843475,0.0,0.180675678858982
2dd3083ce08ecb620a633b37,0,8992.06642710022,4.0766282,-0.6107858300000001,23.772312,0.0,0.182371837795885
2dd3083ce08ecb620a633b37,0,9002.06642757519,4.0761948,-0.60980078,23.867197,0.0,0.184067961381565
2dd3083ce08ecb620a633b37,0,9012.06642805017,4.0758796,-0.61117981,23.606262,0.0,0.185764161914062
2dd3083ce08ecb620a633b37,0,9022.06642852514,4.0755649,-0.60920953,23.80394,0.0,0.187460383128628
2dd3083ce08ecb620a633b37,0,9032.06642900012,4.0752101,-0.6107858300000001,23.740683,0.0,0.189156574242757
2dd3083ce08ecb620a633b37,0,9042.06642947509,4.0749345,-0.61177081,23.463934,0.0,0.19085268513309
2dd3083ce08ecb620a633b37,0,9052.06642995006,4.0745406,-0.61078577,23.574633,0.0,0.192548865962355
2dd3083ce08ecb620a633b37,0,9062.06643042504,4.0742259,-0.60980066,23.732777,0.0,0.194244987247484
2dd3083ce08ecb620a633b37,0,9072.06643090001,4.0738711,-0.60980072,23.709055,0.0,0.195941134147102
2dd3083ce08ecb620a633b37,0,9082.06643137499,4.0735955,-0.61117981,23.788124,0.0,0.197637337302585
2dd3083ce08ecb620a633b37,0,9092.06643184996,4.0733199,-0.61058881,23.74859,0.0,0.199333521304253
2dd3083ce08ecb620a633b37,0,9102.06643232494,4.072926,-0.6107858300000001,23.724869,0.0,0.201029700269911
2dd3083ce08ecb620a633b37,0,9112.06643279991,4.0726504,-0.6113768900000001,23.677425,0.0,0.202725820787421
2dd3083ce08ecb620a633b37,0,9122.06643327489,4.0724144,-0.6099978,23.788124,0.0,0.204422023720771
2dd3083ce08ecb620a633b37,0,9132.06643374986,4.0720992,-0.61098285,23.772312,0.0,0.20611820049533403
2dd3083ce08ecb620a633b37,0,9142.06643422483,4.0718627,-0.61098279,23.543005,0.0,0.207814334033813
2dd3083ce08ecb620a633b37,0,9152.06643469981,4.0714688,-0.60980078,23.432306,0.0,0.209510422368808
2dd3083ce08ecb620a633b37,0,9162.06643517478,4.0711932,-0.61196777,23.74859,0.0,0.21120656827470602
2dd3083ce08ecb620a633b37,0,9172.06643564976,4.0708389,-0.61058875,23.669519,0.0,0.212902741760966
2dd3083ce08ecb620a633b37,0,9182.06643612473,4.0707207,-0.6115739099999999,23.440212,0.0,0.21459890452535002
2dd3083ce08ecb620a633b37,0,9192.06643659971,4.0703664,-0.61019476,23.629984,0.0,0.216295000415717
2dd3083ce08ecb620a633b37,0,9202.06643707468,4.0700512,-0.6119678300000001,23.487656,0.0,0.21799103325642902
2dd3083ce08ecb620a633b37,0,9212.06643754966,4.0698543,-0.61157385,23.511377,0.0,0.21968703216627303
2dd3083ce08ecb620a633b37,0,9222.06643802463,4.0695,-0.6099977400000001,23.63789,0.0,0.221383130788574
2dd3083ce08ecb620a633b37,0,9232.06643849961,4.0692635,-0.61117981,23.740683,0.0,0.223079223825683
2dd3083ce08ecb620a633b37,0,9242.06643897458,4.0689092,-0.6099978,23.63789,0.0,0.224775316869744
2dd3083ce08ecb620a633b37,0,9252.06643944955,4.0686731,-0.60980066,23.80394,0.0,0.22647205425174302
2dd3083ce08ecb620a633b37,0,9262.06643992453,4.0683184,-0.60960364,23.685333,0.0,0.22816870812181303
2dd3083ce08ecb620a633b37,0,9272.0664403995,4.068161,-0.6113768300000001,23.645798,0.0,0.229865356523234
2dd3083ce08ecb620a633b37,0,9282.06644087448,4.0678067,-0.6113768300000001,23.535099,0.0,0.23156191418958902
2dd3083ce08ecb620a633b37,0,9292.06644134945,4.0675702,-0.61255896,23.701147,0.0,0.23325850140536802
2dd3083ce08ecb620a633b37,0,9302.06644182443,4.067255,-0.60960364,23.598356,0.0,0.23495504943749299
2dd3083ce08ecb620a633b37,0,9312.0664422994,4.0670586,-0.61137677,23.598356,0.0,0.236651592538622
2dd3083ce08ecb620a633b37,0,9322.06644277438,4.0668221,-0.6099977400000001,23.384863,0.0,0.238348139914517
2dd3083ce08ecb620a633b37,0,9332.06644324935,4.0666251,-0.60960364,23.629984,0.0,0.240044741142069
2dd3083ce08ecb620a633b37,0,9342.06644372432,4.0663099,-0.61039185,23.369049,0.0,0.24174136808787
2dd3083ce08ecb620a633b37,0,9352.0664441993,4.0660739,-0.61039172,23.558821,0.0,0.24343797577182302
2dd3083ce08ecb620a633b37,0,9362.06644467427,4.0657587,-0.61117975,23.456028,0.0,0.24513472213229698
2dd3083ce08ecb620a633b37,0,9372.06644514925,4.0655227,-0.61019476,23.709055,0.0,0.246831298071764
2dd3083ce08ecb620a633b37,0,9382.06644562422,4.0651288,-0.61058875,23.701147,0.0,0.248527903234558
2dd3083ce08ecb620a633b37,0,9392.0664460992,4.0649319,-0.61039172,23.732777,0.0,0.25022460624783
2dd3083ce08ecb620a633b37,0,9402.06644657417,4.0648136,-0.6107858300000001,23.701147,0.0,0.251921280369839
2dd3083ce08ecb620a633b37,0,9412.06644704915,4.0644984,-0.61039172,23.669519,0.0,0.253617993130968
2dd3083ce08ecb620a633b37,0,9422.06644752412,4.0642228,-0.61039172,23.780218,0.0,0.255314776274244
2dd3083ce08ecb620a633b37,0,9432.0664479991,4.0639868,-0.6125589,23.661613,0.0,0.25701150107326903
2dd3083ce08ecb620a633b37,0,9442.06644847407,4.0638289,-0.6099978,23.661613,0.0,0.258708242513156
2dd3083ce08ecb620a633b37,0,9452.06644894904,4.0635929,-0.61039178,23.511377,0.0,0.26040496907229904
2dd3083ce08ecb620a633b37,0,9462.06644942402,4.0634351,-0.61157385,23.353235,0.0,0.262101683036906
2dd3083ce08ecb620a633b37,0,9472.06644989899,4.0630021,-0.61039178,23.598356,0.0,0.263798539618259
2dd3083ce08ecb620a633b37,0,9482.06645037397,4.0629234,-0.61019476,23.716961,0.0,0.265495315313551
2dd3083ce08ecb620a633b37,0,9492.06645084894,4.0626082,-0.6113768300000001,23.487656,0.0,0.26719202172607404
2dd3083ce08ecb620a633b37,0,9502.06645132392,4.06249,-0.61177081,23.669519,0.0,0.26888860630978
2dd3083ce08ecb620a633b37,0,9512.06645179889,4.062057,-0.61117975,23.543005,0.0,0.270585233805847
2dd3083ce08ecb620a633b37,0,9522.06645227387,4.0620174,-0.61058881,23.614168,0.0,0.27228187673475496
2dd3083ce08ecb620a633b37,0,9532.06645274884,4.0616236,-0.6107858300000001,23.503469,0.0,0.273978512546929
2dd3083ce08ecb620a633b37,0,9542.06645322382,4.0614662,-0.61039178,23.566727,0.0,0.275675203086039
2dd3083ce08ecb620a633b37,0,9552.06645369879,4.0611906,-0.61137677,23.63789,0.0,0.27737193357974504
2dd3083ce08ecb620a633b37,0,9562.06645417376,4.0609541,-0.61078571,23.574633,0.0,0.279068600700683
2dd3083ce08ecb620a633b37,0,9572.06645464874,4.0607572,-0.61098267,23.724869,0.0,0.280765316200358
2dd3083ce08ecb620a633b37,0,9582.06645512371,4.0606394,-0.6107858300000001,23.661613,0.0,0.282462057530653
2dd3083ce08ecb620a633b37,0,9592.06645559869,4.0603242,-0.61157379,23.574633,0.0,0.284158744681769
2dd3083ce08ecb620a633b37,0,9602.06645607366,4.0601664,-0.6121649200000001,23.677425,0.0,0.28585542833356997
2dd3083ce08ecb620a633b37,0,9612.06645654864,4.0598907,-0.6099977400000001,23.614168,0.0,0.28755196882036
2dd3083ce08ecb620a633b37,0,9622.06645702361,4.0596151,-0.6107858300000001,23.424398,0.0,0.289248627405361
2dd3083ce08ecb620a633b37,0,9632.06645749859,4.0595365,-0.61058862,23.590448,0.0,0.29094525698618495
2dd3083ce08ecb620a633b37,0,9642.06645797356,4.0591822,-0.61098279,23.724869,0.0,0.292641757737731
2dd3083ce08ecb620a633b37,0,9652.06645844853,4.0590243,-0.6096037,23.629984,0.0,0.294338513074001
2dd3083ce08ecb620a633b37,0,9662.06645892351,4.0587096,-0.61098285,23.677425,0.0,0.29603515272165903
2dd3083ce08ecb620a633b37,0,9672.06645939848,4.0585518,-0.6099978,23.614168,0.0,0.297731664635213
2dd3083ce08ecb620a633b37,0,9682.06645987346,4.0583549,-0.61019476,23.701147,0.0,0.299428197561374
2dd3083ce08ecb620a633b37,0,9692.06646034843,4.0582371,-0.61058868,23.677425,0.0,0.301124743290981
2dd3083ce08ecb620a633b37,0,9702.06646082341,4.0579219,-0.61039178,23.732777,0.0,0.302821317264472
2dd3083ce08ecb620a633b37,0,9712.06646129838,4.0576463,-0.6107858300000001,23.693241,0.0,0.304517979128248
2dd3083ce08ecb620a633b37,0,9722.06646177336,4.057528,-0.61098285,23.80394,0.0,0.306214639462314
2dd3083ce08ecb620a633b37,0,9732.06646224833,4.0572524,-0.61117981,23.661613,0.0,0.307911360759616
2dd3083ce08ecb620a633b37,0,9742.06646272331,4.0570951,-0.6107858300000001,23.732777,0.0,0.30960797118537
2dd3083ce08ecb620a633b37,0,9752.06646319828,4.0569768,-0.61137677,23.590448,0.0,0.31130457274220696
2dd3083ce08ecb620a633b37,0,9762.06646367325,4.056622,-0.61098279,23.74859,0.0,0.31300122497856897
2dd3083ce08ecb620a633b37,0,9772.06646414823,4.0564256,-0.61078571,23.503469,0.0,0.314697839117635
2dd3083ce08ecb620a633b37,0,9782.0664646232,4.0563464,-0.60980072,23.669519,0.0,0.316394489044799
2dd3083ce08ecb620a633b37,0,9792.06646509818,4.0561104,-0.61078577,23.63789,0.0,0.318091146967027
2dd3083ce08ecb620a633b37,0,9802.06646557315,4.0558739,-0.61157379,23.566727,0.0,0.31978775651682506
2dd3083ce08ecb620a633b37,0,9812.06646604813,4.0555983,-0.61039166,23.796034,0.0,0.32148443687839
2dd3083ce08ecb620a633b37,0,9822.0664665231,4.0554409,-0.61019464,23.716961,0.0,0.323181155330301
2dd3083ce08ecb620a633b37,0,9832.06646699808,4.055244,-0.61117981,23.622076,0.0,0.324877815222608
2dd3083ce08ecb620a633b37,0,9842.06646747305,4.0549684,-0.61236188,23.693241,0.0,0.326574487925042
2dd3083ce08ecb620a633b37,0,9852.06646794803,4.0548897,-0.61058875,23.709055,0.0,0.32827109166476703
2dd3083ce08ecb620a633b37,0,9862.066468423,4.0545745,-0.60999768,23.645798,0.0,0.32996768161295503
2dd3083ce08ecb620a633b37,0,9872.06646889797,4.0544562,-0.60999762,23.645798,0.0,0.33166426390669
2dd3083ce08ecb620a633b37,0,9882.06646937295,4.0541806,-0.6099978,23.709055,0.0,0.333360928068847
2dd3083ce08ecb620a633b37,0,9892.06646984792,4.0539441,-0.61117981,23.701147,0.0,0.335057456070115
2dd3083ce08ecb620a633b37,0,9902.0664703229,4.0537868,-0.6119678300000001,23.614168,0.0,0.336754024240824
2dd3083ce08ecb620a633b37,0,9912.06647079787,4.0536294,-0.61098285,23.44812,0.0,0.33845058004357204
2dd3083ce08ecb620a633b37,0,9922.06647127285,4.0534325,-0.60980066,23.511377,0.0,0.340147192764315
2dd3083ce08ecb620a633b37,0,9932.06647174782,4.0532355,-0.6119679,23.614168,0.0,0.341843855612216
2dd3083ce08ecb620a633b37,0,9942.0664722228,4.052999,-0.6113768900000001,23.440212,0.0,0.343540427395595
2dd3083ce08ecb620a633b37,0,9952.06647269777,4.0528417,-0.61039178,23.519283,0.0,0.34523710611402697
2dd3083ce08ecb620a633b37,0,9962.06647317274,4.0525661,-0.6107858300000001,23.598356,0.0,0.346933896259494
2dd3083ce08ecb620a633b37,0,9972.06647364772,4.0523295,-0.6094066800000001,23.440212,0.0,0.348630656413845
2dd3083ce08ecb620a633b37,0,9982.06647412269,4.0522509,-0.60940662,23.479748,0.0,0.35032745290557804
2dd3083ce08ecb620a633b37,0,9992.06647459767,4.0520935,-0.60980072,23.629984,0.0,0.352024214262762
2dd3083ce08ecb620a633b37,0,10002.0664750726,4.0517783,-0.61334705,23.693241,0.0,0.353721040090976
2dd3083ce08ecb620a633b37,0,10012.0664755476,4.0516601,-0.61098279,23.709055,0.0,0.35541789372002397
2dd3083ce08ecb620a633b37,0,10022.0664760226,4.051424,-0.6121649200000001,23.740683,0.0,0.357114709257608
2dd3083ce08ecb620a633b37,0,10032.0664764976,4.0511875,-0.6113768900000001,23.44812,0.0,0.35881141523125504
2dd3083ce08ecb620a633b37,0,10042.0664769725,4.0509906,-0.61039172,23.661613,0.0,0.36050813828135103
2dd3083ce08ecb620a633b37,0,10052.0664774475,4.0508728,-0.6113768300000001,23.811848,0.0,0.362204753739352
2dd3083ce08ecb620a633b37,0,10062.0664779225,4.0505967,-0.61098285,23.669519,0.0,0.36390138112759
2dd3083ce08ecb620a633b37,0,10072.0664783975,4.0503998,-0.60920972,23.558821,0.0,0.365598159673326
2dd3083ce08ecb620a633b37,0,10082.0664788724,4.0501637,-0.61177081,23.693241,0.0,0.367294898482496
2dd3083ce08ecb620a633b37,0,10092.0664793474,4.0500455,-0.6111798700000001,23.685333,0.0,0.36899149675927
2dd3083ce08ecb620a633b37,0,10102.0664798224,4.0497699,-0.6119680200000001,23.732777,0.0,0.370688161799587
2dd3083ce08ecb620a633b37,0,10112.0664802974,4.0496516,-0.61058868,23.709055,0.0,0.372384855842726
2dd3083ce08ecb620a633b37,0,10122.0664807723,4.0492973,-0.61058875,23.606262,0.0,0.374081504136657
2dd3083ce08ecb620a633b37,0,10132.0664812473,4.0492187,-0.61137695,23.550911,0.0,0.375778164794447
2dd3083ce08ecb620a633b37,0,10142.0664817223,4.0489821,-0.61157385,23.851381,0.0,0.377474773900892
2dd3083ce08ecb620a633b37,0,10152.0664821973,4.0488248,-0.61019476,23.463934,0.0,0.379171426790127
2dd3083ce08ecb620a633b37,0,10162.0664826722,4.0485883,-0.61019476,23.558821,0.0,0.380868050349189
2dd3083ce08ecb620a633b37,0,10172.0664831472,4.0484705,-0.61058881,23.80394,0.0,0.382564699518059
2dd3083ce08ecb620a633b37,0,10182.0664836222,4.0480371,-0.61157385,23.851381,0.0,0.384261357990044
2dd3083ce08ecb620a633b37,0,10192.0664840972,4.0479584,-0.61078577,23.456028,0.0,0.385957976071031
2dd3083ce08ecb620a633b37,0,10202.0664845721,4.0477219,-0.6109827299999999,23.669519,0.0,0.38765460783345496
2dd3083ce08ecb620a633b37,0,10212.0664850471,4.0476432,-0.61117981,23.424398,0.0,0.389351265540669
2dd3083ce08ecb620a633b37,0,10222.0664855221,4.0472889,-0.61137677,23.732777,0.0,0.391047995048387
2dd3083ce08ecb620a633b37,0,10232.0664859971,4.0472102,-0.61177087,23.645798,0.0,0.392744653740675
2dd3083ce08ecb620a633b37,0,10242.066486472,4.0470133,-0.61177087,23.582541,0.0,0.39444139933953104
2dd3083ce08ecb620a633b37,0,10252.066486947,4.0466981,-0.6109827299999999,23.408585,0.0,0.396138769485134
2dd3083ce08ecb620a633b37,0,10262.066487422,4.0465798,-0.61117981,23.590448,0.0,0.39783615221733903
2dd3083ce08ecb620a633b37,0,10272.0664878969,4.0462255,-0.61058881,23.645798,0.0,0.39953354632934496
2dd3083ce08ecb620a633b37,0,10282.0664883719,4.0459499,-0.61117975,23.511377,0.0,0.40123095587015806
2dd3083ce08ecb620a633b37,0,10292.0664888469,4.0459499,-0.61098279,23.653704,0.0,0.402928301823493
2dd3083ce08ecb620a633b37,0,10302.0664893219,4.0456743,-0.61177087,23.598356,0.0,0.404625594801466
2dd3083ce08ecb620a633b37,0,10312.0664897969,4.0453987,-0.61098285,23.622076,0.0,0.406322923572048
2dd3083ce08ecb620a633b37,0,10322.0664902718,4.0452409,-0.61078577,23.835569,0.0,0.408020290213114
2dd3083ce08ecb620a633b37,0,10332.0664907468,4.0451231,-0.60940662,23.471842,0.0,0.409717595777113
2dd3083ce08ecb620a633b37,0,10342.0664912218,4.0447683,-0.61058875,23.574633,0.0,0.411414850883077
2dd3083ce08ecb620a633b37,0,10352.0664916968,4.0445323,-0.61177081,23.558821,0.0,0.41311210862111397
2dd3083ce08ecb620a633b37,0,10362.0664921717,4.0443745,-0.61275592,23.543005,0.0,0.414809356942138
2dd3083ce08ecb620a633b37,0,10372.0664926467,4.0442171,-0.60940662,23.527191,0.0,0.416506659443529
2dd3083ce08ecb620a633b37,0,10382.0664931217,4.0439415,-0.61275592,23.44812,0.0,0.418203990840725
2dd3083ce08ecb620a633b37,0,10392.0664935967,4.0436659,-0.61098279,23.550911,0.0,0.419901277579447
2dd3083ce08ecb620a633b37,0,10402.0664940716,4.0435872,-0.6113768300000001,23.622076,0.0,0.421598528747694
2dd3083ce08ecb620a633b37,0,10412.0664945466,4.0431933,-0.61098279,23.558821,0.0,0.423295776957872
2dd3083ce08ecb620a633b37,0,10422.0664950216,4.0431147,-0.6119679,23.606262,0.0,0.42499298751756404
2dd3083ce08ecb620a633b37,0,10432.0664954966,4.0429177,-0.61157385,23.503469,0.0,0.42669022324683303
2dd3083ce08ecb620a633b37,0,10442.0664959715,4.042563,-0.61255896,23.716961,0.0,0.42838740206285303
2dd3083ce08ecb620a633b37,0,10452.0664964465,4.0424056,-0.61058875,23.503469,0.0,0.43008463987209805
2dd3083ce08ecb620a633b37,0,10462.0664969215,4.0422087,-0.61117981,23.527191,0.0,0.431781849994981
2dd3083ce08ecb620a633b37,0,10472.0664973964,4.0418935,-0.61137677,23.622076,0.0,0.433479031767578
2dd3083ce08ecb620a633b37,0,10482.0664978714,4.0416965,-0.61177081,23.63789,0.0,0.43517612334876205
2dd3083ce08ecb620a633b37,0,10492.0664983464,4.0414996,-0.61137677,23.645798,0.0,0.43687327468767
2dd3083ce08ecb620a633b37,0,10502.0664988214,4.0411453,-0.61039172,23.519283,0.0,0.43857051830034
2dd3083ce08ecb620a633b37,0,10512.0664992963,4.0410666,-0.61039178,23.582541,0.0,0.440267842689955
2dd3083ce08ecb620a633b37,0,10522.0664997713,4.040791,-0.6111798700000001,23.550911,0.0,0.44196507568437404
2dd3083ce08ecb620a633b37,0,10532.0665002463,4.0404758,-0.61117981,23.503469,0.0,0.443662321266378
2dd3083ce08ecb620a633b37,0,10542.0665007213,4.0403576,-0.61177081,23.867197,0.0,0.445359537076586
2dd3083ce08ecb620a633b37,0,10552.0665011962,4.0400429,-0.61078577,23.645798,0.0,0.447056813300205
2dd3083ce08ecb620a633b37,0,10562.0665016712,4.039885,-0.6107858300000001,23.629984,0.0,0.448754131667142
2dd3083ce08ecb620a633b37,0,10572.0665021462,4.0394912,-0.6099977400000001,23.685333,0.0,0.45045145102044
2dd3083ce08ecb620a633b37,0,10582.0665026212,4.0392942,-0.6119678300000001,23.574633,0.0,0.452148702621257
2dd3083ce08ecb620a633b37,0,10592.0665030961,4.0390973,-0.6113768300000001,23.44812,0.0,0.453845891723667
2dd3083ce08ecb620a633b37,0,10602.0665035711,4.0388217,-0.6099977400000001,23.574633,0.0,0.455543222350362
2dd3083ce08ecb620a633b37,0,10612.0665040461,4.0386248,-0.61117981,23.33742,0.0,0.45724053130740705
2dd3083ce08ecb620a633b37,0,10622.0665045211,4.0383887,-0.61019476,23.495564,0.0,0.4589379419497
2dd3083ce08ecb620a633b37,0,10632.066504996,4.0379949,-0.61117981,23.669519,0.0,0.46063528571621404
2dd3083ce08ecb620a633b37,0,10642.066505471,4.0377979,-0.6096037,23.463934,0.0,0.462332675778775
2dd3083ce08ecb620a633b37,0,10652.066505946,4.0375223,-0.60999768,23.519283,0.0,0.46402994259616404
2dd3083ce08ecb620a633b37,0,10662.066506421,4.0372858,-0.61177087,23.614168,0.0,0.46572727147386306
2dd3083ce08ecb620a633b37,0,10672.0665068959,4.0369315,-0.61039166,23.74859,0.0,0.46742455799113
2dd3083ce08ecb620a633b37,0,10682.0665073709,4.0366163,-0.61275592,23.867197,0.0,0.46912173417626296
2dd3083ce08ecb620a633b37,0,10692.0665078459,4.0363407,-0.61177081,23.614168,0.0,0.470819088662889
2dd3083ce08ecb620a633b37,0,10702.0665083209,4.0361834,-0.61236194,23.471842,0.0,0.472516454094882
2dd3083ce08ecb620a633b37,0,10712.0665087958,4.0357895,-0.61058875,23.661613,0.0,0.474213859370999
2dd3083ce08ecb620a633b37,0,10722.0665092708,4.0355926,-0.6107858300000001,23.685333,0.0,0.475911166244337
2dd3083ce08ecb620a633b37,0,10732.0665097458,4.0353565,-0.6099978,23.598356,0.0,0.477608539557766
2dd3083ce08ecb620a633b37,0,10742.0665102208,4.0350413,-0.61098267,23.63789,0.0,0.47930593979478603
2dd3083ce08ecb620a633b37,0,10752.0665106957,4.0347261,-0.60999768,23.716961,0.0,0.48100337615105504
2dd3083ce08ecb620a633b37,0,10762.0665111707,4.0343719,-0.6119679,23.622076,0.0,0.482700791161635
2dd3083ce08ecb620a633b37,0,10772.0665116457,4.034214,-0.61236188,23.558821,0.0,0.484398220729845
2dd3083ce08ecb620a633b37,0,10782.0665121206,4.0338993,-0.6111798700000001,23.582541,0.0,0.48609548666693797
2dd3083ce08ecb620a633b37,0,10792.0665125956,4.0334659,-0.61039178,23.661613,0.0,0.487792792555
2dd3083ce08ecb620a633b37,0,10802.0665130706,4.0331116,-0.61058881,23.543005,0.0,0.48949009417667005
2dd3083ce08ecb620a633b37,0,10812.0665135456,4.0329933,-0.61117981,23.511377,0.0,0.491187336253527
2dd3083ce08ecb620a633b37,0,10822.0665140205,4.0325603,-0.6107858300000001,23.598356,0.0,0.492884700152588
2dd3083ce08ecb620a633b37,0,10832.0665144955,4.0322452,-0.61098279,23.724869,0.0,0.494581893092312
2dd3083ce08ecb620a633b37,0,10842.0665149705,4.0319695,-0.61236188,23.543005,0.0,0.496279158812392
2dd3083ce08ecb620a633b37,0,10852.0665154455,4.0315757,-0.61098279,23.661613,0.0,0.497976365757243
2dd3083ce08ecb620a633b37,0,10862.0665159204,4.0312605,-0.60999762,23.511377,0.0,0.49967358112871
2dd3083ce08ecb620a633b37,0,10872.0665163954,4.0309458,-0.61117975,23.590448,0.0,0.5013706786183
2dd3083ce08ecb620a633b37,0,10882.0665168704,4.0306697,-0.61255884,23.543005,0.0,0.503067855575019
2dd3083ce08ecb620a633b37,0,10892.0665173454,4.0303154,-0.61157385,23.495564,0.0,0.504764997723423
2dd3083ce08ecb620a633b37,0,10902.0665178204,4.0298429,-0.6113768300000001,23.724869,0.0,0.506462240023634
2dd3083ce08ecb620a633b37,0,10912.0665182953,4.0295672,-0.6096037,23.511377,0.0,0.508159381297167
2dd3083ce08ecb620a633b37,0,10922.0665187703,4.0291734,-0.61236188,23.677425,0.0,0.509856506920505
2dd3083ce08ecb620a633b37,0,10932.0665192453,4.0287795,-0.61078577,23.677425,0.0,0.511553690770942
2dd3083ce08ecb620a633b37,0,10942.0665197203,4.0284643,-0.6115739099999999,23.796034,0.0,0.51325081179501
2dd3083ce08ecb620a633b37,0,10952.0665201952,4.0280709,-0.61177087,23.456028,0.0,0.514947985464817
2dd3083ce08ecb620a633b37,0,10962.0665206702,4.0277557,-0.6113768300000001,23.645798,0.0,0.516645144247572
2dd3083ce08ecb620a633b37,0,10972.0665211452,4.0272832,-0.6113768300000001,23.693241,0.0,0.518342357650893
2dd3083ce08ecb620a633b37,0,10982.0665216202,4.0268893,-0.6119678300000001,23.550911,0.0,0.520039575652669
2dd3083ce08ecb620a633b37,0,10992.0665220951,4.026535,-0.61019476,23.408585,0.0,0.52173673706326
2dd3083ce08ecb620a633b37,0,11002.0665225701,4.0261412,-0.61117981,23.511377,0.0,0.523433836197273
2dd3083ce08ecb620a633b37,0,11012.0665230451,4.025826,-0.61117975,23.614168,0.0,0.525130933579916
2dd3083ce08ecb620a633b37,0,11022.06652352,4.025393,-0.61117981,23.582541,0.0,0.5268280370963541
2dd3083ce08ecb620a633b37,0,11032.066523995,4.02492,-0.61019476,23.685333,0.0,0.5285251716952519
2dd3083ce08ecb620a633b37,0,11042.06652447,4.0244474,-0.6096035799999999,23.740683,0.0,0.530222407099305
2dd3083ce08ecb620a633b37,0,11052.066524945,4.0241327,-0.6121650399999999,23.582541,0.0,0.531919509523316
2dd3083ce08ecb620a633b37,0,11062.0665254199,4.0236602,-0.6113768300000001,23.574633,0.0,0.533616657697551
2dd3083ce08ecb620a633b37,0,11072.0665258949,4.0231876,-0.61019464,23.622076,0.0,0.535313694230652
2dd3083ce08ecb620a633b37,0,11082.0665263699,4.0227542,-0.61058881,23.764404,0.0,0.537010788989021
2dd3083ce08ecb620a633b37,0,11092.0665268449,4.0223212,-0.61058875,23.590448,0.0,0.538707949530538
2dd3083ce08ecb620a633b37,0,11102.0665273198,4.0218091,-0.61058881,23.677425,0.0,0.54040501276452
2dd3083ce08ecb620a633b37,0,11112.0665277948,4.0215335,-0.6099978,23.479748,0.0,0.5421020931866121
2dd3083ce08ecb620a633b37,0,11122.0665282698,4.0209823,-0.61039178,23.63789,0.0,0.5437992278933039
2dd3083ce08ecb620a633b37,0,11132.0665287448,4.0205097,-0.61177081,23.590448,0.0,0.5454964091203479
2dd3083ce08ecb620a633b37,0,11142.0665292197,4.0203128,-0.60645154,23.495564,0.0,0.547193505189616
2dd3083ce08ecb620a633b37,0,11152.0665296947,4.019958,-0.6098009600000001,23.456028,0.0,0.548890481366645
2dd3083ce08ecb620a633b37,0,11162.0665301697,4.0195251,-0.6068454000000001,23.574633,0.0,0.5505876220655991
2dd3083ce08ecb620a633b37,0,11172.0665306447,4.0190525,-0.6029050300000001,23.566727,0.0,0.552284651449449
2dd3083ce08ecb620a633b37,0,11182.0665311196,4.0186977,-0.6086187700000001,23.629984,0.0,0.553981834950392
2dd3083ce08ecb620a633b37,0,11192.0665315946,4.0181861,-0.61334692,23.590448,0.0,0.555679188097296
2dd3083ce08ecb620a633b37,0,11202.0665320696,4.0177922,-0.6127554900000001,23.471842,0.0,0.557376139236314
2dd3083ce08ecb620a633b37,0,11212.0665325446,4.0173588,-0.6042843,23.408585,0.0,0.5590732188605071
2dd3083ce08ecb620a633b37,0,11222.0665330195,4.0165319,-0.6090126299999999,23.503469,0.0,0.560770081866929
2dd3083ce08ecb620a633b37,0,11232.0665334945,4.0159411,-0.60920972,23.558821,0.0,0.5624666034971451
2dd3083ce08ecb620a633b37,0,11242.0665339695,4.0152326,-0.61157397,23.883011,0.0,0.564163225709941
2dd3083ce08ecb620a633b37,0,11252.0665344445,4.0148387,-0.61177081,23.550911,0.0,0.565859904625142
2dd3083ce08ecb620a633b37,0,11262.0665349194,4.0143661,-0.6107858300000001,23.384863,0.0,0.5675565320888271
2dd3083ce08ecb620a633b37,0,11272.0665353944,4.0136967,-0.6099977400000001,23.519283,0.0,0.569253276005249
2dd3083ce08ecb620a633b37,0,11282.0665358694,4.0131845,-0.60920953,23.495564,0.0,0.57094997035163
2dd3083ce08ecb620a633b37,0,11292.0665363444,4.0126333,-0.61157397,23.487656,0.0,0.572646580740662
2dd3083ce08ecb620a633b37,0,11302.0665368193,4.0120425,-0.61196777,23.622076,0.0,0.5743433706376481
2dd3083ce08ecb620a633b37,0,11312.0665372943,4.0115304,-0.61255884,23.709055,0.0,0.576039989352146
2dd3083ce08ecb620a633b37,0,11322.0665377693,4.0110974,-0.61078571,23.590448,0.0,0.5777367265988501
2dd3083ce08ecb620a633b37,0,11332.0665382442,4.010428,-0.61058875,23.479748,0.0,0.579433423358392
2dd3083ce08ecb620a633b37,0,11342.0665387192,4.0098767,-0.6113768300000001,23.535099,0.0,0.581129993689609
2dd3083ce08ecb620a633b37,0,11352.0665391942,4.0093646,-0.61137677,23.645798,0.0,0.5828267016024781
2dd3083ce08ecb620a633b37,0,11362.0665396692,4.0087342,-0.6107858300000001,23.811848,0.0,0.5845233639839
2dd3083ce08ecb620a633b37,0,11372.0665401441,4.0081439,-0.60999786,23.495564,0.0,0.58622019098582
2dd3083ce08ecb620a633b37,0,11382.0665406191,4.0075531,-0.60980072,23.574633,0.0,0.587917037357144
2dd3083ce08ecb620a633b37,0,11392.0665410941,4.0071197,-0.6099977400000001,23.471842,0.0,0.5896138414807811
2dd3083ce08ecb620a633b37,0,11402.0665415691,4.0064502,-0.61098297,23.566727,0.0,0.591310571171265
2dd3083ce08ecb620a633b37,0,11412.066542044,4.005899,-0.6109827299999999,23.740683,0.0,0.593007377813009
2dd3083ce08ecb620a633b37,0,11422.066542519,4.0054264,-0.6109829099999999,23.709055,0.0,0.594704225824212
2dd3083ce08ecb620a633b37,0,11432.066542994,4.0048356,-0.61177087,23.622076,0.0,0.596400973904216
2dd3083ce08ecb620a633b37,0,11442.066543469,4.0042448,-0.61078595,23.622076,0.0,0.598097776609735
2dd3083ce08ecb620a633b37,0,11452.066543944,4.0035753,-0.60920972,23.645798,0.0,0.5997946026297679
2dd3083ce08ecb620a633b37,0,11462.0665444189,4.0029058,-0.6086185900000001,23.558821,0.0,0.601491443643359
2dd3083ce08ecb620a633b37,0,11472.0665448939,4.0023942,-0.6099978,23.677425,0.0,0.603188398156976
2dd3083ce08ecb620a633b37,0,11482.0665453689,4.0018425,-0.61295294,23.709055,0.0,0.6048852813105271
2dd3083ce08ecb620a633b37,0,11492.0665458439,4.0012126,-0.61157379,23.558821,0.0,0.606582196420899
2dd3083ce08ecb620a633b37,0,11502.0665463188,4.0005431,-0.61117993,23.527191,0.0,0.608279067641162
2dd3083ce08ecb620a633b37,0,11512.0665467938,4.0000706,-0.6131500200000001,23.495564,0.0,0.6099760380157481
2dd3083ce08ecb620a633b37,0,11521.0125472187,4.0136967,-0.071747826,23.709055,0.0,0.610894311013706
2dd3083ce08ecb620a633b37,0,11531.0125476937,4.0181465,-0.070959663,23.598356,0.0,0.611092150008503
2dd3083ce08ecb620a633b37,0,11541.0125481687,4.0212183,-0.072535919,23.63789,0.0,0.611290068362232
2dd3083ce08ecb620a633b37,0,11550.0125485961,4.0097189,-0.6090126299999999,23.384863,0.0,0.6119180520782691
2dd3083ce08ecb620a633b37,0,11560.0125490711,4.0060563,-0.61078589,23.701147,0.0,0.6136149189161391
2dd3083ce08ecb620a633b37,0,11570.0125495461,4.0037332,-0.61177081,23.535099,0.0,0.6153119109640041
2dd3083ce08ecb620a633b37,0,11580.0125500211,4.0018425,-0.61117975,23.463934,0.0,0.617009010718406
2dd3083ce08ecb620a633b37,0,11590.012550496,4.0001888,-0.61039166,23.463934,0.0,0.618705785172277
2dd3083ce08ecb620a633b37,0,11600.012550971,3.9989679,-0.61078571,23.424398,0.0,0.620402766711312
2dd3083ce08ecb620a633b37,0,11610.012551446,3.9977865,-0.61058875,23.677425,0.0,0.622099565464805
2dd3083ce08ecb620a633b37,0,11620.012551921,3.9966838,-0.61117981,23.574633,0.0,0.623796599329381
2dd3083ce08ecb620a633b37,0,11630.0125523959,3.9957387,-0.61058862,23.487656,0.0,0.62549364337313
2dd3083ce08ecb620a633b37,0,11640.0125528709,3.9947541,-0.61137671,23.598356,0.0,0.627190629524524
2dd3083ce08ecb620a633b37,0,11650.0125533459,3.9939272,-0.61117981,23.535099,0.0,0.628887644676298
2dd3083ce08ecb620a633b37,0,11660.0125538209,3.9933364,-0.6101945799999999,23.574633,0.0,0.6305847071075661
2dd3083ce08ecb620a633b37,0,11670.0125542958,3.9925487,-0.60999762,23.709055,0.0,0.632281943691496
2dd3083ce08ecb620a633b37,0,11680.0125547708,3.9918005,-0.61098279,23.479748,0.0,0.633979106822905
2dd3083ce08ecb620a633b37,0,11690.0125552458,3.9910524,-0.61334692,23.606262,0.0,0.635676457550444
2dd3083ce08ecb620a633b37,0,11700.0125557208,3.9902647,-0.61177087,23.456028,0.0,0.6373737416386129
2dd3083ce08ecb620a633b37,0,11710.0125561957,3.9896345,-0.61334705,23.716961,0.0,0.639071010399803
2dd3083ce08ecb620a633b37,0,11720.0125566707,3.988965,-0.6094067400000001,23.535099,0.0,0.640768288134449
2dd3083ce08ecb620a633b37,0,11730.0125571457,3.9882169,-0.6119678300000001,23.645798,0.0,0.6424654952705781
2dd3083ce08ecb620a633b37,0,11740.0125576207,3.9875867,-0.61117975,23.432306,0.0,0.644162733258486
2dd3083ce08ecb620a633b37,0,11750.0125580956,3.9869173,-0.61039178,23.74859,0.0,0.645859916528411
2dd3083ce08ecb620a633b37,0,11760.0125585706,3.9861295,-0.6113768300000001,23.645798,0.0,0.647557175545541
2dd3083ce08ecb620a633b37,0,11770.0125590456,3.9854996,-0.6131499,23.479748,0.0,0.6492543925348121
2dd3083ce08ecb620a633b37,0,11780.0125595205,3.9849875,-0.6131498400000001,23.74859,0.0,0.6509514539876521
2dd3083ce08ecb620a633b37,0,11790.0125599955,3.9841211,-0.6119679,23.519283,0.0,0.6526487267908281
2dd3083ce08ecb620a633b37,0,11800.0125604705,3.9833729,-0.61039178,23.495564,0.0,0.65434601458634
2dd3083ce08ecb620a633b37,0,11810.0125609455,3.9827821,-0.61255908,23.471842,0.0,0.656043239555686
2dd3083ce08ecb620a633b37,0,11820.0125614204,3.9821126,-0.61334686,23.479748,0.0,0.657740492551801
2dd3083ce08ecb620a633b37,0,11830.0125618954,3.9812462,-0.61157355,23.693241,0.0,0.659437646600941
2dd3083ce08ecb620a633b37,0,11840.0125623704,3.9806557,-0.61039191,23.487656,0.0,0.661134868065106
2dd3083ce08ecb620a633b37,0,11850.0125628454,3.9799073,-0.6098006,23.614168,0.0,0.6628319132028759
2dd3083ce08ecb620a633b37,0,11860.0125633203,3.9792774,-0.611771,23.33742,0.0,0.664528955170378
2dd3083ce08ecb620a633b37,0,11870.0125637953,3.9785683,-0.6121647299999999,23.535099,0.0,0.666226164493634
2dd3083ce08ecb620a633b37,0,11880.0125642703,3.9778988,-0.61354382,23.535099,0.0,0.667923252874134
2dd3083ce08ecb620a633b37,0,11890.0125647453,3.9771113,-0.60999786,23.685333,0.0,0.6696204160077129
2dd3083ce08ecb620a633b37,0,11900.0125652202,3.9765205,-0.61295288,23.550911,0.0,0.671317504822173
2dd3083ce08ecb620a633b37,0,11910.0125656952,3.9756935,-0.61334692,23.701147,0.0,0.673014670794294
2dd3083ce08ecb620a633b37,0,11920.0125661702,3.9750636,-0.6090127599999999,23.709055,0.0,0.6747117973611
2dd3083ce08ecb620a633b37,0,11930.0125666452,3.9743545,-0.6086185900000001,23.732777,0.0,0.676408898874704
2dd3083ce08ecb620a633b37,0,11940.0125671201,3.9735277,-0.61216486,23.614168,0.0,0.67810624468247
2dd3083ce08ecb620a633b37,0,11950.0125675951,3.9729369,-0.61137653,23.471842,0.0,0.679803474805761
2dd3083ce08ecb620a633b37,0,11960.0125680701,3.9721887,-0.60999786,23.606262,0.0,0.681500644720922
2dd3083ce08ecb620a633b37,0,11970.0125685451,3.9713616,-0.60763348,23.511377,0.0,0.683198010123856
2dd3083ce08ecb620a633b37,0,11980.01256902,3.9708498,-0.60940656,23.796034,0.0,0.684895375856854
2dd3083ce08ecb620a633b37,0,11990.012569495,3.9699438,-0.60999786,23.653704,0.0,0.686592593276593
2dd3083ce08ecb620a633b37,0,12000.01256997,3.9693532,-0.61078589,23.716961,0.0,0.6882898292931
2dd3083ce08ecb620a633b37,0,12010.012570445,3.9684868,-0.6096035200000001,23.606262,0.0,0.689986833612761
2dd3083ce08ecb620a633b37,0,12020.0125709199,3.9682505,-0.60684528,23.622076,0.0,0.6916842436678621
2dd3083ce08ecb620a633b37,0,12030.0125713949,3.9675417,-0.60664838,23.44812,0.0,0.6933819616267111
2dd3083ce08ecb620a633b37,0,12040.0125718699,3.9669509,-0.6074367700000001,23.550911,0.0,0.695079989667448
2dd3083ce08ecb620a633b37,0,12050.0125723449,3.9662027,-0.60566339,23.724869,0.0,0.696778111296511
2dd3083ce08ecb620a633b37,0,12060.0125728198,3.9656119,-0.61433167,23.574633,0.0,0.698476151810155
2dd3083ce08ecb620a633b37,0,12070.0125732948,3.9649818,-0.61058911,23.511377,0.0,0.7001741229377461
2dd3083ce08ecb620a633b37,0,12080.0125737698,3.9641941,-0.61019489,23.392771,0.0,0.701872105113717
2dd3083ce08ecb620a633b37,0,12090.0125742448,3.9634852,-0.6166956800000001,23.44812,0.0,0.703570229582406
2dd3083ce08ecb620a633b37,0,12100.0125747197,3.9627764,-0.62024225,23.598356,0.0,0.705267905523636
2dd3083ce08ecb620a633b37,0,12110.0125751947,3.9622645,-0.60920947,23.432306,0.0,0.706965957078879
2dd3083ce08ecb620a633b37,0,12120.0125756697,3.9614375,-0.61157385,23.400677,0.0,0.708663722987286
2dd3083ce08ecb620a633b37,0,12130.0125761447,3.9602561,-0.61157367,23.471842,0.0,0.710361559395096
2dd3083ce08ecb620a633b37,0,12140.0125766196,3.9593897,-0.6125589,23.353235,0.0,0.712059321594498
2dd3083ce08ecb620a633b37,0,12150.0125770946,3.9586809,-0.6113768300000001,23.479748,0.0,0.7137570348690679
2dd3083ce08ecb620a633b37,0,12160.0125775696,3.9577751,-0.61039172,23.376955,0.0,0.715454703051102
2dd3083ce08ecb620a633b37,0,12170.0125780446,3.9570267,-0.61098285,23.566727,0.0,0.717152482326547
2dd3083ce08ecb620a633b37,0,12180.0125785195,3.9561603,-0.6111798700000001,23.289978,0.0,0.718850195384577
2dd3083ce08ecb620a633b37,0,12190.0125789945,3.9554515,-0.6113768900000001,23.400677,0.0,0.72054800585899
2dd3083ce08ecb620a633b37,0,12200.0125794695,3.9546244,-0.61019482,23.408585,0.0,0.722245836689136
2dd3083ce08ecb620a633b37,0,12210.0125799445,3.9538763,-0.61157397,23.416491,0.0,0.723943576561708
2dd3083ce08ecb620a633b37,0,12220.0125804194,3.9531674,-0.612953,23.463934,0.0,0.725641227126554
2dd3083ce08ecb620a633b37,0,12230.0125808944,3.9523797,-0.61117999,23.424398,0.0,0.727338942268393
2dd3083ce08ecb620a633b37,0,12240.0125813694,3.9515526,-0.60980072,23.321608,0.0,0.7290366527028961
2dd3083ce08ecb620a633b37,0,12250.0125818444,3.9507651,-0.61039172,23.440212,0.0,0.730734337520842
2dd3083ce08ecb620a633b37,0,12260.0125823193,3.9500563,-0.6099978,23.487656,0.0,0.732431975596471
2dd3083ce08ecb620a633b37,0,12270.0125827943,3.9493475,-0.6115737299999999,23.289978,0.0,0.734129668518699
2dd3083ce08ecb620a633b37,0,12280.0125832693,3.9485991,-0.6115739099999999,23.28207,0.0,0.735827410034405
2dd3083ce08ecb620a633b37,0,12290.0125837443,3.947772,-0.61295288,23.511377,0.0,0.7375250407853411
2dd3083ce08ecb620a633b37,0,12300.0125842192,3.9470239,-0.60960364,23.376955,0.0,0.739222743344172
2dd3083ce08ecb620a633b37,0,12310.0125846942,3.9462757,-0.61295288,23.519283,0.0,0.740920352969349
2dd3083ce08ecb620a633b37,0,12320.0125851692,3.9455667,-0.61078571,23.353235,0.0,0.742617958877687
2dd3083ce08ecb620a633b37,0,12330.0125856441,3.9448185,-0.61334692,23.693241,0.0,0.7443155582169141
2dd3083ce08ecb620a633b37,0,12340.0125861191,3.944031,-0.61177081,23.274162,0.0,0.746013126368566
2dd3083ce08ecb620a633b37,0,12350.0125865941,3.9433219,-0.6125589,23.28207,0.0,0.747710541725486
2dd3083ce08ecb620a633b37,0,12360.0125870691,3.9426131,-0.6094067400000001,23.289978,0.0,0.749408050110869
2dd3083ce08ecb620a633b37,0,12370.012587544,3.9417467,-0.6113768900000001,23.25835,0.0,0.7511055479909821
2dd3083ce08ecb620a633b37,0,12380.012588019,3.9410379,-0.61374103,23.305792,0.0,0.752803109016542
2dd3083ce08ecb620a633b37,0,12390.012588494,3.9402108,-0.61039166,23.606262,0.0,0.7545007488547311
2dd3083ce08ecb620a633b37,0,12400.012588969,3.939502,-0.6119678300000001,23.582541,0.0,0.756198208980464
2dd3083ce08ecb620a633b37,0,12410.0125894439,3.9388325,-0.61117981,23.550911,0.0,0.757895734439889
2dd3083ce08ecb620a633b37,0,12420.0125899189,3.9380054,-0.61255884,23.487656,0.0,0.759593166975154
2dd3083ce08ecb620a633b37,0,12430.0125903939,3.9372966,-0.61334692,23.511377,0.0,0.7612906939660531
2dd3083ce08ecb620a633b37,0,12440.0125908689,3.9364302,-0.61177087,23.369049,0.0,0.7629883052432471
2dd3083ce08ecb620a633b37,0,12450.0125913438,3.9358397,-0.61078589,23.463934,0.0,0.764685820517533
2dd3083ce08ecb620a633b37,0,12460.0125918188,3.9350126,-0.6111798700000001,23.677425,0.0,0.766383273519886
2dd3083ce08ecb620a633b37,0,12470.0125922938,3.9343038,-0.61019464,23.598356,0.0,0.7680809007748971
2dd3083ce08ecb620a633b37,0,12480.0125927688,3.9334767,-0.61039172,23.432306,0.0,0.7697784383900841
2dd3083ce08ecb620a633b37,0,12490.0125932437,3.9327285,-0.6125590200000001,23.566727,0.0,0.77147604363809
2dd3083ce08ecb620a633b37,0,12500.0125937187,3.9320195,-0.6113766500000001,23.511377,0.0,0.773173624812813
2dd3083ce08ecb620a633b37,0,12510.0125941937,3.9313896,-0.61039178,23.543005,0.0,0.7748712423115931
2dd3083ce08ecb620a633b37,0,12520.0125946687,3.9305232,-0.61236194,23.590448,0.0,0.7765688142873011
2dd3083ce08ecb620a633b37,0,12530.0125951436,3.929893,-0.60920972,23.519283,0.0,0.77826647831969
2dd3083ce08ecb620a633b37,0,12540.0125956186,3.9291842,-0.6107858300000001,23.463934,0.0,0.779963989442635
2dd3083ce08ecb620a633b37,0,12550.0125960936,3.9283178,-0.60940662,23.416491,0.0,0.78166152737768
2dd3083ce08ecb620a633b37,0,12560.0125965686,3.9275694,-0.61177081,23.819754,0.0,0.7833590584217199
2dd3083ce08ecb620a633b37,0,12570.0125970435,3.9268606,-0.61236194,23.645798,0.0,0.785056648133533
2dd3083ce08ecb620a633b37,0,12580.0125975185,3.9261911,-0.61019482,23.669519,0.0,0.78675426728606
2dd3083ce08ecb620a633b37,0,12590.0125979935,3.9254823,-0.6086185900000001,23.471842,0.0,0.788451817697809
2dd3083ce08ecb620a633b37,0,12600.0125984685,3.9247339,-0.61019482,23.598356,0.0,0.7901493716150461
2dd3083ce08ecb620a633b37,0,12610.0125989434,3.9240251,-0.611771,23.645798,0.0,0.7918470314803621
2dd3083ce08ecb620a633b37,0,12620.0125994184,3.9232376,-0.6113768900000001,23.614168,0.0,0.7935446592774
2dd3083ce08ecb620a633b37,0,12630.0125998934,3.9226468,-0.61058875,23.321608,0.0,0.79524231738887
2dd3083ce08ecb620a633b37,0,12640.0126003684,3.9218197,-0.6113766500000001,23.503469,0.0,0.796939943216575
2dd3083ce08ecb620a633b37,0,12650.0126008433,3.9210715,-0.60901257,23.558821,0.0,0.7986375902775961
2dd3083ce08ecb620a633b37,0,12660.0126013183,3.9203627,-0.6107858300000001,23.558821,0.0,0.800335330803414
2dd3083ce08ecb620a633b37,0,12670.0126017933,3.9196932,-0.61039185,23.796034,0.0,0.802033148277576
2dd3083ce08ecb620a633b37,0,12680.0126022683,3.9190238,-0.6103916,23.582541,0.0,0.803730852574451
2dd3083ce08ecb620a633b37,0,12690.0126027432,3.9183149,-0.61196777,23.716961,0.0,0.8054285879620581
2dd3083ce08ecb620a633b37,0,12700.0126032182,3.9176059,-0.61255896,23.63789,0.0,0.807126317764406
2dd3083ce08ecb620a633b37,0,12710.0126036932,3.9168577,-0.6099978,23.677425,0.0,0.808824125272748
2dd3083ce08ecb620a633b37,0,12720.0126041682,3.9161489,-0.6121649800000001,23.479748,0.0,0.810521854964283
2dd3083ce08ecb620a633b37,0,12730.0126046431,3.9155188,-0.6125589,23.416491,0.0,0.8122195112092641
2dd3083ce08ecb620a633b37,0,12740.0126051181,3.9148493,-0.61177075,23.574633,0.0,0.813917223166797
2dd3083ce08ecb620a633b37,0,12750.0126055931,3.9141798,-0.6121649800000001,23.566727,0.0,0.8156148777701371
2dd3083ce08ecb620a633b37,0,12760.0126060681,3.9134314,-0.61078589,23.440212,0.0,0.817312650694975
2dd3083ce08ecb620a633b37,0,12770.012606543,3.9126046,-0.6111798700000001,23.614168,0.0,0.819010231089059
2dd3083ce08ecb620a633b37,0,12780.012607018,3.9120924,-0.6088155500000001,23.693241,0.0,0.8207078906212241
2dd3083ce08ecb620a633b37,0,12790.012607493,3.9112656,-0.6131500200000001,23.598356,0.0,0.822405561642648
2dd3083ce08ecb620a633b37,0,12800.012607968,3.9107141,-0.6131499,23.716961,0.0,0.8241033772562211
2dd3083ce08ecb620a633b37,0,12810.0126084429,3.9100053,-0.612362,23.677425,0.0,0.825801060316116
2dd3083ce08ecb620a633b37,0,12820.0126089179,3.9093359,-0.6099978,23.416491,0.0,0.827498722470928
2dd3083ce08ecb620a633b37,0,12830.0126093929,3.9086664,-0.61157385,23.345327,0.0,0.82919652308501
2dd3083ce08ecb620a633b37,0,12840.0126098678,3.9079969,-0.61058881,23.788124,0.0,0.8308943181217331
2dd3083ce08ecb620a633b37,0,12850.0126103428,3.9073274,-0.611771,23.677425,0.0,0.832592012453669
2dd3083ce08ecb620a633b37,0,12860.0126108178,3.9066973,-0.6119678300000001,23.535099,0.0,0.8342897159840781
2dd3083ce08ecb620a633b37,0,12870.0126112928,3.9060671,-0.6119678300000001,23.566727,0.0,0.8359874914230571
2dd3083ce08ecb620a633b37,0,12880.0126117677,3.905319,-0.6105888700000001,23.582541,0.0,0.837685233139772
2dd3083ce08ecb620a633b37,0,12890.0126122427,3.9046495,-0.61078589,23.519283,0.0,0.8393830500678731
2dd3083ce08ecb620a633b37,0,12900.0126127177,3.9040194,-0.61058875,23.685333,0.0,0.8410808901993699
2dd3083ce08ecb620a633b37,0,12910.0126131927,3.9033499,-0.61295294,23.471842,0.0,0.842778832994034
2dd3083ce08ecb620a633b37,0,12920.0126136676,3.9026411,-0.6096037599999999,23.661613,0.0,0.844476502269581
2dd3083ce08ecb620a633b37,0,12930.0126141426,3.9021685,-0.6113768300000001,23.582541,0.0,0.8461743253269329
2dd3083ce08ecb620a633b37,0,12940.0126146176,3.9013808,-0.6105888700000001,23.622076,0.0,0.84787205644018
2dd3083ce08ecb620a633b37,0,12950.0126150926,3.9007506,-0.6094068,23.661613,0.0,0.849569911005542
2dd3083ce08ecb620a633b37,0,12960.0126155675,3.9001205,-0.61177075,23.63789,0.0,0.851267767870437
2dd3083ce08ecb620a633b37,0,12970.0126160425,3.8994117,-0.6109827299999999,23.709055,0.0,0.852965094544767
2dd3083ce08ecb620a633b37,0,12980.0126165175,3.8988605,-0.61019482,23.527191,0.0,0.854661240539912
2dd3083ce08ecb620a633b37,0,12990.0126169925,3.898309,-0.6096037,23.463934,0.0,0.856357510447206
2dd3083ce08ecb620a633b37,0,13000.0126174674,3.8976395,-0.61295288,23.724869,0.0,0.858053737444581
2dd3083ce08ecb620a633b37,0,13010.0126179424,3.89697,-0.6096037,23.606262,0.0,0.859749899971946
2dd3083ce08ecb620a633b37,0,13020.0126184174,3.8963795,-0.61058881,23.503469,0.0,0.861446101578187
2dd3083ce08ecb620a633b37,0,13030.0126188924,3.89571,-0.6094068,23.614168,0.0,0.863142294753813
2dd3083ce08ecb620a633b37,0,13040.0126193673,3.8950799,-0.61117999,23.463934,0.0,0.864838326045316
2dd3083ce08ecb620a633b37,0,13050.0126198423,3.8945677,-0.612362,23.645798,0.0,0.8665345033520719
2dd3083ce08ecb620a633b37,0,13060.0126203173,3.8938982,-0.6113766500000001,23.590448,0.0,0.868230557523656
2dd3083ce08ecb620a633b37,0,13070.0126207923,3.8933077,-0.6099978,23.780218,0.0,0.8699268457026721
2dd3083ce08ecb620a633b37,0,13080.0126212672,3.8925989,-0.60999799,23.756496,0.0,0.8716229791150459
2dd3083ce08ecb620a633b37,0,13090.0126217422,3.8921261,-0.60881561,23.543005,0.0,0.873319186304886
2dd3083ce08ecb620a633b37,0,13100.0126222172,3.8915749,-0.60960364,23.519283,0.0,0.8750154881679161
2dd3083ce08ecb620a633b37,0,13110.0126226922,3.890866,-0.6125589,23.74859,0.0,0.876711729284758
2dd3083ce08ecb620a633b37,0,13120.0126231671,3.8902752,-0.6099978,23.463934,0.0,0.878408049210295
2dd3083ce08ecb620a633b37,0,13130.0126236421,3.8896844,-0.6096037,23.764404,0.0,0.880104223780505
2dd3083ce08ecb620a633b37,0,13140.0126241171,3.8889756,-0.61039166,23.558821,0.0,0.8818005072475741
2dd3083ce08ecb620a633b37,0,13150.012624592,3.8885031,-0.60763348,23.558821,0.0,0.8834967531754091
2dd3083ce08ecb620a633b37,0,13160.012625067,3.8879912,-0.60940662,23.622076,0.0,0.885192837334718
2dd3083ce08ecb620a633b37,0,13170.012625542,3.8873217,-0.61177087,23.606262,0.0,0.886888968666369
2dd3083ce08ecb620a633b37,0,13180.012626017,3.8867309,-0.60960364,23.645798,0.0,0.888585073840218
2dd3083ce08ecb620a633b37,0,13190.012626492,3.886219,-0.6096037,23.653704,0.0,0.890281216447334
2dd3083ce08ecb620a633b37,0,13200.0126269669,3.8855889,-0.61098279,23.558821,0.0,0.8919773984581381
2dd3083ce08ecb620a633b37,0,13210.0126274419,3.8851163,-0.61058868,23.543005,0.0,0.893673608378283
2dd3083ce08ecb620a633b37,0,13220.0126279169,3.8844469,-0.6082246099999999,23.669519,0.0,0.895369744086122
2dd3083ce08ecb620a633b37,0,13230.0126283919,3.8839743,-0.6121649200000001,23.677425,0.0,0.897066020226157
2dd3083ce08ecb620a633b37,0,13240.0126288668,3.8833835,-0.60920966,23.550911,0.0,0.898762207273174
2dd3083ce08ecb620a633b37,0,13250.0126293418,3.8828321,-0.61039166,23.669519,0.0,0.900458465242975
2dd3083ce08ecb620a633b37,0,13260.0126298168,3.8822415,-0.61295288,23.732777,0.0,0.902154769954109
2dd3083ce08ecb620a633b37,0,13270.0126302918,3.8817689,-0.6107858300000001,23.614168,0.0,0.903850929749167
2dd3083ce08ecb620a633b37,0,13280.0126307667,3.8812175,-0.6135439500000001,23.527191,0.0,0.905547145149049
2dd3083ce08ecb620a633b37,0,13290.0126312417,3.8805873,-0.6088158,23.424398,0.0,0.9072433371263849
2dd3083ce08ecb620a633b37,0,13300.0126317167,3.8799968,-0.61039166,23.63789,0.0,0.9089395794537231
2dd3083ce08ecb620a633b37,0,13310.0126321917,3.8795242,-0.61058881,23.550911,0.0,0.910635733774876
2dd3083ce08ecb620a633b37,0,13320.0126326666,3.879209,-0.61058875,23.511377,0.0,0.9123318378575521
2dd3083ce08ecb620a633b37,0,13330.0126331416,3.8785789,-0.6090127,23.598356,0.0,0.914028083905559
2dd3083ce08ecb620a633b37,0,13340.0126336166,3.8779883,-0.6113768300000001,23.535099,0.0,0.915724211406678
2dd3083ce08ecb620a633b37,0,13350.0126340915,3.8774369,-0.61177075,23.558821,0.0,0.917420321619589
2dd3083ce08ecb620a633b37,0,13360.0126345665,3.8768461,-0.61058862,23.543005,0.0,0.919116513923904
2dd3083ce08ecb620a633b37,0,13370.0126350415,3.8762949,-0.61255884,23.622076,0.0,0.920812734249289
2dd3083ce08ecb620a633b37,0,13380.0126355165,3.8758223,-0.611771,23.574633,0.0,0.922508909478714
2dd3083ce08ecb620a633b37,0,13390.0126359914,3.8751922,-0.6109829099999999,23.582541,0.0,0.924205073435555
2dd3083ce08ecb620a633b37,0,13400.0126364664,3.8747196,-0.6088156699999999,23.558821,0.0,0.925901225569276
2dd3083ce08ecb620a633b37,0,13410.0126369414,3.8742471,-0.60901257,23.724869,0.0,0.927597479603259
2dd3083ce08ecb620a633b37,0,13420.0126374164,3.8736956,-0.61216486,23.511377,0.0,0.9292936937967481
2dd3083ce08ecb620a633b37,0,13430.0126378913,3.8732624,-0.61019464,23.590448,0.0,0.930989875593216
2dd3083ce08ecb620a633b37,0,13440.0126383663,3.8726718,-0.60999762,23.685333,0.0,0.932686144947837
2dd3083ce08ecb620a633b37,0,13450.0126388413,3.8723173,-0.61019464,23.400677,0.0,0.93438236078958
2dd3083ce08ecb620a633b37,0,13460.0126393163,3.8716478,-0.61058875,23.353235,0.0,0.9360785679810469
2dd3083ce08ecb620a633b37,0,13470.0126397912,3.871136,-0.6113768900000001,23.566727,0.0,0.9377745622880951
2dd3083ce08ecb620a633b37,0,13480.0126402662,3.8706634,-0.61078577,23.179277,0.0,0.9394706158057541
2dd3083ce08ecb620a633b37,0,13490.0126407412,3.8702302,-0.61078577,23.756496,0.0,0.941166624344708
2dd3083ce08ecb620a633b37,0,13500.0126412162,3.8697181,-0.61117975,23.566727,0.0,0.942862800233007
2dd3083ce08ecb620a633b37,0,13510.0126416911,3.8692455,-0.61078577,23.566727,0.0,0.944558926975493
2dd3083ce08ecb620a633b37,0,13520.0126421661,3.8686943,-0.60980072,23.495564,0.0,0.946255049452299
2dd3083ce08ecb620a633b37,0,13530.0126426411,3.8681822,-0.61019464,23.780218,0.0,0.947951120155797
2dd3083ce08ecb620a633b37,0,13540.0126431161,3.867631,-0.61098279,23.440212,0.0,0.949647138868193
2dd3083ce08ecb620a633b37,0,13550.012643591,3.8671191,-0.61039178,23.550911,0.0,0.951343232447701
2dd3083ce08ecb620a633b37,0,13560.012644066,3.8667645,-0.61019476,23.471842,0.0,0.953039388639039
2dd3083ce08ecb620a633b37,0,13570.012644541,3.8662131,-0.61117981,23.543005,0.0,0.954735363460003
2dd3083ce08ecb620a633b37,0,13580.012645016,3.8658195,-0.6107858300000001,23.606262,0.0,0.956431458240548
2dd3083ce08ecb620a633b37,0,13590.0126454909,3.8653073,-0.6107858300000001,23.661613,0.0,0.95812755149145
2dd3083ce08ecb620a633b37,0,13600.0126459659,3.8647954,-0.61039172,23.653704,0.0,0.9598237246439499
2dd3083ce08ecb620a633b37,0,13610.0126464409,3.8643229,-0.6113768900000001,23.543005,0.0,0.9615198895854911
2dd3083ce08ecb620a633b37,0,13620.0126469159,3.8638897,-0.61098279,23.527191,0.0,0.963216156537565
2dd3083ce08ecb620a633b37,0,13630.0126473908,3.8634565,-0.61039178,23.487656,0.0,0.9649124346523931
2dd3083ce08ecb620a633b37,0,13640.0126478658,3.8629839,-0.60960364,23.709055,0.0,0.9666087051083251
2dd3083ce08ecb620a633b37,0,13650.0126483408,3.8625114,-0.61157385,23.503469,0.0,0.968304849912063
2dd3083ce08ecb620a633b37,0,13660.0126488157,3.8620782,-0.60980066,23.463934,0.0,0.9700010814029151
2dd3083ce08ecb620a633b37,0,13670.0126492907,3.8615267,-0.61039178,23.629984,0.0,0.9716973142067
2dd3083ce08ecb620a633b37,0,13680.0126497657,3.8611331,-0.60980072,23.424398,0.0,0.973393533880026
2dd3083ce08ecb620a633b37,0,13690.0126502407,3.8606999,-0.6113768300000001,23.519283,0.0,0.97508966390756
2dd3083ce08ecb620a633b37,0,13700.0126507156,3.8601878,-0.61098279,23.645798,0.0,0.9767857024311191
2dd3083ce08ecb620a633b37,0,13710.0126511906,3.8597941,-0.6119678300000001,23.416491,0.0,0.978481799625265
2dd3083ce08ecb620a633b37,0,13720.0126516656,3.8593214,-0.6101947,23.835569,0.0,0.980177976719382
2dd3083ce08ecb620a633b37,0,13730.0126521406,3.8588095,-0.61078577,23.519283,0.0,0.981874156769295
2dd3083ce08ecb620a633b37,0,13740.0126526156,3.8584945,-0.61078577,23.503469,0.0,0.983570388371196
2dd3083ce08ecb620a633b37,0,13750.0126530905,3.8579824,-0.61157397,23.606262,0.0,0.985266482391989
2dd3083ce08ecb620a633b37,0,13760.0126535655,3.8575888,-0.60980066,23.558821,0.0,0.986962645037863
2dd3083ce08ecb620a633b37,0,13770.0126540405,3.857116,-0.6107856399999999,23.487656,0.0,0.988658840408991
2dd3083ce08ecb620a633b37,0,13780.0126545155,3.8567224,-0.61137677,23.590448,0.0,0.990354950514548
2dd3083ce08ecb620a633b37,0,13790.0126549904,3.8562891,-0.60980066,23.463934,0.0,0.992051205101916
2dd3083ce08ecb620a633b37,0,13800.0126554654,3.8556983,-0.61117981,23.463934,0.0,0.993747390074281
2dd3083ce08ecb620a633b37,0,13810.0126559404,3.8553438,-0.61058881,23.558821,0.0,0.995443641594971
2dd3083ce08ecb620a633b37,0,13820.0126564154,3.8549502,-0.61078577,23.503469,0.0,0.997139852836393
2dd3083ce08ecb620a633b37,0,13830.0126568903,3.8544381,-0.6107858300000001,23.511377,0.0,0.99883601504478
2dd3083ce08ecb620a633b37,0,13840.0126573653,3.8541231,-0.60999762,23.503469,0.0,1.00053215415516
2dd3083ce08ecb620a633b37,0,13850.0126578403,3.8535717,-0.61157385,23.463934,0.0,1.00222830891302
2dd3083ce08ecb620a633b37,0,13860.0126583153,3.8532174,-0.60960364,23.63789,0.0,1.0039244571041102
2dd3083ce08ecb620a633b37,0,13870.0126587902,3.8530991,-0.61039215,23.606262,0.0,1.00562093102609
2dd3083ce08ecb620a633b37,0,13880.0126592652,3.8527055,-0.61413464,23.503469,0.0,1.00731841309556
2dd3083ce08ecb620a633b37,0,13890.0126597402,3.8523903,-0.6084219399999999,23.701147,0.0,1.00901589078429
2dd3083ce08ecb620a633b37,0,13900.0126602151,3.852036,-0.611771,23.574633,0.0,1.01071325224279
2dd3083ce08ecb620a633b37,0,13910.0126606901,3.8515239,-0.6040873400000001,23.582541,0.0,1.01241084957956
2dd3083ce08ecb620a633b37,0,13920.0126611651,3.8510907,-0.61255884,23.558821,0.0,1.01410830243058
2dd3083ce08ecb620a633b37,0,13930.0126616401,3.8506968,-0.6056630900000001,23.661613,0.0,1.0158056848960602
2dd3083ce08ecb620a633b37,0,13940.012662115,3.8503032,-0.60920978,23.63789,0.0,1.01750299577039
2dd3083ce08ecb620a633b37,0,13950.01266259,3.849673,-0.61098279,23.843475,0.0,1.01920014039377
2dd3083ce08ecb620a633b37,0,13960.012663065,3.8492398,-0.6131499,23.764404,0.0,1.02089697187502
2dd3083ce08ecb620a633b37,0,13970.01266354,3.8488066,-0.6115737299999999,23.590448,0.0,1.0225937716109401
2dd3083ce08ecb620a633b37,0,13980.0126640149,3.8484128,-0.60960364,23.614168,0.0,1.02429067609465
2dd3083ce08ecb620a633b37,0,13990.0126644899,3.8479795,-0.60980078,23.432306,0.0,1.02598766922847
2dd3083ce08ecb620a633b37,0,14000.0126649649,3.847507,-0.61157385,23.440212,0.0,1.0276846915932099
2dd3083ce08ecb620a633b37,0,14010.0126654399,3.8470345,-0.6107858300000001,23.669519,0.0,1.02938162792537
2dd3083ce08ecb620a633b37,0,14020.0126659148,3.8467588,-0.61039178,23.511377,0.0,1.03107854707383
2dd3083ce08ecb620a633b37,0,14030.0126663898,3.846365,-0.61137677,23.487656,0.0,1.0327753894948901
2dd3083ce08ecb620a633b37,0,14040.0126668648,3.8458531,-0.6121649200000001,23.369049,0.0,1.0344723497966
2dd3083ce08ecb620a633b37,0,14050.0126673398,3.8454986,-0.6107856399999999,23.716961,0.0,1.03616932870804
2dd3083ce08ecb620a633b37,0,14060.0126678147,3.8453016,-0.61196777,23.74859,0.0,1.03786626887196
2dd3083ce08ecb620a633b37,0,14070.0126682897,3.8447504,-0.6125589,23.614168,0.0,1.03956315846997
2dd3083ce08ecb620a633b37,0,14080.0126687647,3.8443172,-0.612953,23.432306,0.0,1.0412600592302002
2dd3083ce08ecb620a633b37,0,14090.0126692397,3.8439233,-0.61177094,23.598356,0.0,1.04295699326391
2dd3083ce08ecb620a633b37,0,14100.0126697146,3.8434901,-0.61039178,23.566727,0.0,1.04465402121184
2dd3083ce08ecb620a633b37,0,14110.0126701896,3.8431752,-0.6127559800000001,23.463934,0.0,1.04635098710082
2dd3083ce08ecb620a633b37,0,14120.0126706646,3.8428206,-0.60881561,23.629984,0.0,1.04804815778343
2dd3083ce08ecb620a633b37,0,14130.0126711396,3.8423874,-0.6113768300000001,23.598356,0.0,1.04974521046324
2dd3083ce08ecb620a633b37,0,14140.0126716145,3.8419149,-0.61019482,23.629984,0.0,1.05144233735655
2dd3083ce08ecb620a633b37,0,14150.0126720895,3.841521,-0.61058881,23.669519,0.0,1.05313942615813
2dd3083ce08ecb620a633b37,0,14160.0126725645,3.8411665,-0.61452905,23.400677,0.0,1.05483641185227
2dd3083ce08ecb620a633b37,0,14170.0126730395,3.8408122,-0.61157385,23.28207,0.0,1.05653347799427
2dd3083ce08ecb620a633b37,0,14180.0126735144,3.8404577,-0.61039166,23.669519,0.0,1.05823042549051
2dd3083ce08ecb620a633b37,0,14190.0126739894,3.8400245,-0.61177087,23.519283,0.0,1.05992751045439
2dd3083ce08ecb620a633b37,0,14200.0126744644,3.8396308,-0.61177081,23.645798,0.0,1.06162463996913
2dd3083ce08ecb620a633b37,0,14210.0126749393,3.8393157,-0.6119679,23.543005,0.0,1.0633217529552401
2dd3083ce08ecb620a633b37,0,14220.0126754143,3.8389218,-0.61275586,23.693241,0.0,1.06501889111785
2dd3083ce08ecb620a633b37,0,14230.0126758893,3.8384886,-0.60980066,23.456028,0.0,1.06671605554761
2dd3083ce08ecb620a633b37,0,14240.0126763643,3.8380554,-0.6107858300000001,23.463934,0.0,1.06841323442134
2dd3083ce08ecb620a633b37,0,14250.0126768392,3.8377798,-0.61314996,23.550911,0.0,1.0701102970585001
2dd3083ce08ecb620a633b37,0,14260.0126773142,3.8373859,-0.61058875,23.361143,0.0,1.07180731055083
2dd3083ce08ecb620a633b37,0,14270.0126777892,3.8369527,-0.61117975,23.519283,0.0,1.07350437614745
2dd3083ce08ecb620a633b37,0,14280.0126782642,3.8366771,-0.61117975,23.543005,0.0,1.07520136545622
2dd3083ce08ecb620a633b37,0,14290.0126787391,3.8362045,-0.60920972,23.503469,0.0,1.0768983893469102
2dd3083ce08ecb620a633b37,0,14300.0126792141,3.8356926,-0.61098267,23.495564,0.0,1.078595422542
2dd3083ce08ecb620a633b37,0,14310.0126796891,3.8353775,-0.6107856399999999,23.677425,0.0,1.0802926479389001
2dd3083ce08ecb620a633b37,0,14320.0126801641,3.8351018,-0.61255884,23.503469,0.0,1.08198988263776
2dd3083ce08ecb620a633b37,0,14330.0126806391,3.8347476,-0.6107858300000001,23.550911,0.0,1.08368694692066
2dd3083ce08ecb620a633b37,0,14340.012681114,3.8343143,-0.61255884,23.590448,0.0,1.08538427093016
2dd3083ce08ecb620a633b37,0,14350.012681589,3.8339205,-0.60960382,23.392771,0.0,1.08708154393509
2dd3083ce08ecb620a633b37,0,14360.012682064,3.8336053,-0.61275586,23.511377,0.0,1.0887786632699101
2dd3083ce08ecb620a633b37,0,14370.012682539,3.833251,-0.61098285,23.550911,0.0,1.09047566811892
2dd3083ce08ecb620a633b37,0,14380.0126830139,3.8328965,-0.61137677,23.558821,0.0,1.09217274574912
2dd3083ce08ecb620a633b37,0,14390.0126834889,3.8324633,-0.60980078,23.661613,0.0,1.0938700493957
2dd3083ce08ecb620a633b37,0,14400.0126839639,3.832109,-0.61255884,23.574633,0.0,1.09556707438841
2dd3083ce08ecb620a633b37,0,14410.0126844388,3.8317938,-0.61216486,23.495564,0.0,1.09726419526186
2dd3083ce08ecb620a633b37,0,14420.0126849138,3.8313212,-0.6131499,23.645798,0.0,1.0989614291932002
2dd3083ce08ecb620a633b37,0,14430.0126853888,3.8309667,-0.61295288,23.33742,0.0,1.1006586702407701
2dd3083ce08ecb620a633b37,0,14440.0126858638,3.8306911,-0.61275592,23.566727,0.0,1.10235589301187
2dd3083ce08ecb620a633b37,0,14450.0126863387,3.8302186,-0.61117975,23.369049,0.0,1.1040530064348901
2dd3083ce08ecb620a633b37,0,14460.0126868137,3.829864,-0.60881561,23.392771,0.0,1.10575023544046
2dd3083ce08ecb620a633b37,0,14470.0126872887,3.8295491,-0.6119678300000001,23.345327,0.0,1.1074473926435902
2dd3083ce08ecb620a633b37,0,14480.0126877637,3.8291552,-0.61058875,23.511377,0.0,1.1091445209522999
2dd3083ce08ecb620a633b37,0,14490.0126882386,3.8286827,-0.6109827299999999,23.63789,0.0,1.1108415580880302
2dd3083ce08ecb620a633b37,0,14500.0126887136,3.8283284,-0.6137409699999999,23.463934,0.0,1.11253869920324
2dd3083ce08ecb620a633b37,0,14510.0126891886,3.8280525,-0.6121649200000001,23.590448,0.0,1.11423582444677
2dd3083ce08ecb620a633b37,0,14520.0126896636,3.8276193,-0.61216486,23.305792,0.0,1.11593288566103
2dd3083ce08ecb620a633b37,0,14530.0126901385,3.8272257,-0.61019489,23.495564,0.0,1.11762997051648
2dd3083ce08ecb620a633b37,0,14540.0126906135,3.8269105,-0.6109826,23.479748,0.0,1.1193270372008501
2dd3083ce08ecb620a633b37,0,14550.0126910885,3.8265166,-0.6105885600000001,23.590448,0.0,1.12102423840154
2dd3083ce08ecb620a633b37,0,14560.0126915635,3.8262017,-0.61098285,23.353235,0.0,1.12272140162661
2dd3083ce08ecb620a633b37,0,14570.0126920384,3.8257291,-0.61137671,23.622076,0.0,1.12441847148813
2dd3083ce08ecb620a633b37,0,14580.0126925134,3.8254535,-0.61098267,23.495564,0.0,1.12611550906449
2dd3083ce08ecb620a633b37,0,14590.0126929884,3.8249414,-0.60920972,23.511377,0.0,1.12781259195026
2dd3083ce08ecb620a633b37,0,14600.0126934634,3.8247051,-0.61216479,23.558821,0.0,1.1295096409104899
2dd3083ce08ecb620a633b37,0,14610.0126939383,3.8242719,-0.6119678300000001,23.724869,0.0,1.1312067847648
2dd3083ce08ecb620a633b37,0,14620.0126944133,3.8239176,-0.6099978,23.622076,0.0,1.1329038900911002
2dd3083ce08ecb620a633b37,0,14630.0126948883,3.8236418,-0.6119678300000001,23.432306,0.0,1.13460096137352
2dd3083ce08ecb620a633b37,0,14640.0126953633,3.8232086,-0.61039185,23.543005,0.0,1.1362980279546702
2dd3083ce08ecb620a633b37,0,14650.0126958382,3.8228543,-0.611771,23.471842,0.0,1.13799503827323
2dd3083ce08ecb620a633b37,0,14660.0126963132,3.8224998,-0.60980072,23.550911,0.0,1.13969209511009
2dd3083ce08ecb620a633b37,0,14670.0126967882,3.8221455,-0.61216479,23.574633,0.0,1.14138922889308
2dd3083ce08ecb620a633b37,0,14680.0126972632,3.8217909,-0.61039185,23.669519,0.0,1.14308647333257
2dd3083ce08ecb620a633b37,0,14690.0126977381,3.8214364,-0.6119678300000001,23.598356,0.0,1.144783688218
2dd3083ce08ecb620a633b37,0,14700.0126982131,3.8210034,-0.61058862,23.598356,0.0,1.14648091448478
2dd3083ce08ecb620a633b37,0,14710.0126986881,3.8206096,-0.61058868,23.574633,0.0,1.1481780301047
2dd3083ce08ecb620a633b37,0,14720.012699163,3.8202157,-0.61275592,23.550911,0.0,1.14987501985171
2dd3083ce08ecb620a633b37,0,14730.012699638,3.8197825,-0.6092095900000001,23.653704,0.0,1.15157210055181
2dd3083ce08ecb620a633b37,0,14740.012700113,3.819428,-0.60980078,23.669519,0.0,1.15326926696179
2dd3083ce08ecb620a633b37,0,14750.012700588,3.8191917,-0.61236188,23.629984,0.0,1.15496634700706
2dd3083ce08ecb620a633b37,0,14760.0127010629,3.8186011,-0.61255884,23.788124,0.0,1.15666342463886
2dd3083ce08ecb620a633b37,0,14770.0127015379,3.8184829,-0.61078571,23.376955,0.0,1.1583606587961999
2dd3083ce08ecb620a633b37,0,14780.0127020129,3.8178921,-0.61236188,23.535099,0.0,1.1600578617602801
2dd3083ce08ecb620a633b37,0,14790.0127024879,3.8176954,-0.61196777,23.535099,0.0,1.1617549048065101
2dd3083ce08ecb620a633b37,0,14800.0127029628,3.8171833,-0.61117975,23.550911,0.0,1.16345210075903
2dd3083ce08ecb620a633b37,0,14810.0127034378,3.816829,-0.60940662,23.440212,0.0,1.16514938362195
2dd3083ce08ecb620a633b37,0,14820.0127039128,3.8163564,-0.61019482,23.598356,0.0,1.16684663123459
2dd3083ce08ecb620a633b37,0,14830.0127043878,3.8160806,-0.60901257,23.645798,0.0,1.1685436344366302
2dd3083ce08ecb620a633b37,0,14840.0127048627,3.8156869,-0.61039172,23.677425,0.0,1.17024045441578
2dd3083ce08ecb620a633b37,0,14850.0127053377,3.8153718,-0.6090127,23.598356,0.0,1.17193736819874
2dd3083ce08ecb620a633b37,0,14860.0127058127,3.8150568,-0.6096037,23.495564,0.0,1.17363435050109
2dd3083ce08ecb620a633b37,0,14870.0127062877,3.8146629,-0.61314996,23.463934,0.0,1.17533139147504
2dd3083ce08ecb620a633b37,0,14880.0127067627,3.8142297,-0.61117969,23.606262,0.0,1.17702846615348
2dd3083ce08ecb620a633b37,0,14890.0127072376,3.8137965,-0.60881561,23.329514,0.0,1.1787256058497
2dd3083ce08ecb620a633b37,0,14900.0127077126,3.8134816,-0.6107856399999999,23.550911,0.0,1.1804226757126701
2dd3083ce08ecb620a633b37,0,14910.0127081876,3.8130088,-0.60940662,23.424398,0.0,1.18211973354447
2dd3083ce08ecb620a633b37,0,14920.0127086625,3.8127332,-0.6090127599999999,23.495564,0.0,1.18381683340347
2dd3083ce08ecb620a633b37,0,14930.0127091375,3.8123789,-0.6074364600000001,23.471842,0.0,1.18551395208172
2dd3083ce08ecb620a633b37,0,14940.0127096125,3.8119457,-0.6092095900000001,23.574633,0.0,1.18721111520215
2dd3083ce08ecb620a633b37,0,14950.0127100875,3.8118274,-0.60783038,23.629984,0.0,1.1889088524183
2dd3083ce08ecb620a633b37,0,14960.0127105624,3.8115125,-0.6092094100000001,23.566727,0.0,1.19060659061559
2dd3083ce08ecb620a633b37,0,14970.0127110374,3.8111579,-0.61768085,23.345327,0.0,1.19230448249466
2dd3083ce08ecb620a633b37,0,14980.0127115124,3.810843,-0.60191998,23.384863,0.0,1.1940024295309
2dd3083ce08ecb620a633b37,0,14990.0127119874,3.8104491,-0.61511987,23.432306,0.0,1.19570085763209
2dd3083ce08ecb620a633b37,0,15000.0127124623,3.8100946,-0.6198483300000001,23.234629,0.0,1.19739896851435
2dd3083ce08ecb620a633b37,0,15010.0127129373,3.8097403,-0.61078619,23.432306,0.0,1.199096864213
2dd3083ce08ecb620a633b37,0,15020.0127134123,3.8094645,-0.6076332999999999,23.543005,0.0,1.2007948707672
2dd3083ce08ecb620a633b37,0,15030.0127138873,3.8091495,-0.60645129,23.463934,0.0,1.2024923678472101
2dd3083ce08ecb620a633b37,0,15040.0127143622,3.8086376,-0.62024231,23.408585,0.0,1.20419025787589
2dd3083ce08ecb620a633b37,0,15050.0127148372,3.8080468,-0.6109827299999999,23.392771,0.0,1.2058884339770701
2dd3083ce08ecb620a633b37,0,15060.0127153122,3.8074956,-0.61098279,23.479748,0.0,1.2075848668675202
2dd3083ce08ecb620a633b37,0,15070.0127157872,3.8071411,-0.6099977400000001,23.400677,0.0,1.2092813145363501
2dd3083ce08ecb620a633b37,0,15080.0127162621,3.8066685,-0.61039172,23.313698,0.0,1.21097788292998
2dd3083ce08ecb620a633b37,0,15090.0127167371,3.806196,-0.6096037,23.424398,0.0,1.212674397035
2dd3083ce08ecb620a633b37,0,15100.0127172121,3.8059201,-0.61019464,23.321608,0.0,1.21437093555011
2dd3083ce08ecb620a633b37,0,15110.0127176871,3.8054476,-0.6111798700000001,23.123928,0.0,1.2160674464802201
2dd3083ce08ecb620a633b37,0,15120.012718162,3.8052113,-0.61058875,23.456028,0.0,1.21776393880478
2dd3083ce08ecb620a633b37,0,15130.012718637,3.8046601,-0.61058881,23.297886,0.0,1.21946030514626
2dd3083ce08ecb620a633b37,0,15140.012719112,3.8041875,-0.6115739099999999,23.424398,0.0,1.2211566910787501
2dd3083ce08ecb620a633b37,0,15150.012719587,3.8038723,-0.61098279,23.266256,0.0,1.22285297368969
2dd3083ce08ecb620a633b37,0,15160.0127200619,3.8034391,-0.6107858300000001,23.266256,0.0,1.22454929373405
2dd3083ce08ecb620a633b37,0,15170.0127205369,3.8030059,-0.61157385,23.353235,0.0,1.2262456356703202
2dd3083ce08ecb620a633b37,0,15180.0127210119,3.802691,-0.61039166,23.305792,0.0,1.22794188249307
2dd3083ce08ecb620a633b37,0,15190.0127214869,3.8022578,-0.61117975,23.376955,0.0,1.2296381208853
2dd3083ce08ecb620a633b37,0,15200.0127219618,3.8019032,-0.61137677,23.202999,0.0,1.2313344013101701
2dd3083ce08ecb620a633b37,0,15210.0127224368,3.80147,-0.61098285,23.234629,0.0,1.23303072255885
2dd3083ce08ecb620a633b37,0,15220.0127229118,3.8010764,-0.61098279,23.187185,0.0,1.23472694190679
2dd3083ce08ecb620a633b37,0,15230.0127233867,3.8006036,-0.61117975,23.297886,0.0,1.2364231078397099
2dd3083ce08ecb620a633b37,0,15240.0127238617,3.800328,-0.60980066,23.289978,0.0,1.2381193536732502
2dd3083ce08ecb620a633b37,0,15250.0127243367,3.7998948,-0.61117981,23.313698,0.0,1.2398154931205099
2dd3083ce08ecb620a633b37,0,15260.0127248117,3.7994616,-0.61019476,23.353235,0.0,1.24151156459647
2dd3083ce08ecb620a633b37,0,15270.0127252866,3.7991073,-0.6113768300000001,23.361143,0.0,1.24320775132594
2dd3083ce08ecb620a633b37,0,15280.0127257616,3.7986741,-0.61039178,23.345327,0.0,1.24490388935552
2dd3083ce08ecb620a633b37,0,15290.0127262366,3.7983196,-0.61019476,23.289978,0.0,1.24659994168343
2dd3083ce08ecb620a633b37,0,15300.0127267116,3.797847,-0.61019464,23.218815,0.0,1.24829601885398
2dd3083ce08ecb620a633b37,0,15310.0127271865,3.7974532,-0.6099978,23.400677,0.0,1.2499921605991402
2dd3083ce08ecb620a633b37,0,15320.0127276615,3.7969413,-0.6107858300000001,23.116022,0.0,1.25168836747079
2dd3083ce08ecb620a633b37,0,15330.0127281365,3.7965081,-0.61039172,23.408585,0.0,1.2533844714566902
2dd3083ce08ecb620a633b37,0,15340.0127286115,3.7962325,-0.6107858300000001,23.400677,0.0,1.25508051470291
2dd3083ce08ecb620a633b37,0,15350.0127290864,3.7957599,-0.61098279,23.28207,0.0,1.25677648702059
2dd3083ce08ecb620a633b37,0,15360.0127295614,3.7954447,-0.61058881,23.408585,0.0,1.25847240756417
2dd3083ce08ecb620a633b37,0,15370.0127300364,3.7950509,-0.61078571,23.369049,0.0,1.26016839103951
2dd3083ce08ecb620a633b37,0,15380.0127305114,3.7946572,-0.6099977400000001,23.313698,0.0,1.261864329095
2dd3083ce08ecb620a633b37,0,15390.0127309863,3.7941451,-0.6088155500000001,23.297886,0.0,1.2635603375323001
2dd3083ce08ecb620a633b37,0,15400.0127314613,3.7937119,-0.61157385,23.543005,0.0,1.26525633370817
2dd3083ce08ecb620a633b37,0,15410.0127319363,3.7933183,-0.60980072,23.471842,0.0,1.26695231160622
2dd3083ce08ecb620a633b37,0,15420.0127324113,3.7929244,-0.61058881,23.503469,0.0,1.2686483340504502
2dd3083ce08ecb620a633b37,0,15430.0127328862,3.7925305,-0.6119678300000001,23.598356,0.0,1.27034440706585
2dd3083ce08ecb620a633b37,0,15440.0127333612,3.7920187,-0.61039178,23.392771,0.0,1.2720404800798402
2dd3083ce08ecb620a633b37,0,15450.0127338362,3.7915461,-0.6090126299999999,23.724869,0.0,1.2737364762566599
2dd3083ce08ecb620a633b37,0,15460.0127343112,3.7911916,-0.61098279,23.44812,0.0,1.2754325440195602
2dd3083ce08ecb620a633b37,0,15470.0127347861,3.7907977,-0.6101947,23.582541,0.0,1.2771285559585102
2dd3083ce08ecb620a633b37,0,15480.0127352611,3.7902858,-0.61098285,23.574633,0.0,1.2788246940978198
2dd3083ce08ecb620a633b37,0,15490.0127357361,3.789892,-0.60999768,23.479748,0.0,1.28052081187637
2dd3083ce08ecb620a633b37,0,15500.0127362111,3.7895377,-0.61078577,23.28207,0.0,1.28221689857023
2dd3083ce08ecb620a633b37,0,15510.012736686,3.7890649,-0.61039172,23.471842,0.0,1.28391299763457
2dd3083ce08ecb620a633b37,0,15520.012737161,3.788553,-0.6119678300000001,23.732777,0.0,1.28560900442913
2dd3083ce08ecb620a633b37,0,15530.012737636,3.788238,-0.61157385,23.550911,0.0,1.28730505905007
2dd3083ce08ecb620a633b37,0,15540.012738111,3.7879229,-0.60999762,23.535099,0.0,1.28900122936383
2dd3083ce08ecb620a633b37,0,15550.0127385859,3.7873323,-0.61098279,23.519283,0.0,1.29069736071125
2dd3083ce08ecb620a633b37,0,15560.0127390609,3.7869384,-0.61058875,23.527191,0.0,1.29239348735638
2dd3083ce08ecb620a633b37,0,15570.0127395359,3.7865839,-0.60940662,23.574633,0.0,1.2940895692362602
2dd3083ce08ecb620a633b37,0,15580.0127400109,3.78619,-0.6090126299999999,23.622076,0.0,1.2957856433418302
2dd3083ce08ecb620a633b37,0,15590.0127404858,3.7856781,-0.61058875,23.345327,0.0,1.29748174152752
2dd3083ce08ecb620a633b37,0,15600.0127409608,3.7852056,-0.61019482,23.495564,0.0,1.29917784781289
2dd3083ce08ecb620a633b37,0,15610.0127414358,3.7848511,-0.6107858300000001,23.677425,0.0,1.30087390769065
2dd3083ce08ecb620a633b37,0,15620.0127419108,3.7843392,-0.61019464,23.519283,0.0,1.30256999920124
2dd3083ce08ecb620a633b37,0,15630.0127423857,3.7838273,-0.61058868,23.527191,0.0,1.3042662006033199
2dd3083ce08ecb620a633b37,0,15640.0127428607,3.7834728,-0.60940662,23.590448,0.0,1.30596228860923
2dd3083ce08ecb620a633b37,0,15650.0127433357,3.7830396,-0.6107858300000001,23.519283,0.0,1.30765843451699
2dd3083ce08ecb620a633b37,0,15660.0127438107,3.7826064,-0.6107858300000001,23.558821,0.0,1.30935458272805
2dd3083ce08ecb620a633b37,0,15670.0127442856,3.7821732,-0.6107858300000001,23.33742,0.0,1.31105064654641
2dd3083ce08ecb620a633b37,0,15680.0127447606,3.7817795,-0.61098285,23.392771,0.0,1.3127466475365
2dd3083ce08ecb620a633b37,0,15690.0127452356,3.7813067,-0.61058875,23.566727,0.0,1.3144426789608301
2dd3083ce08ecb620a633b37,0,15700.0127457106,3.7808735,-0.61098285,23.511377,0.0,1.31613872461149
2dd3083ce08ecb620a633b37,0,15710.0127461855,3.7804406,-0.6121649200000001,23.503469,0.0,1.31783485629105
2dd3083ce08ecb620a633b37,0,15720.0127466605,3.7798891,-0.61117981,23.511377,0.0,1.31953104664118
2dd3083ce08ecb620a633b37,0,15730.0127471355,3.7795346,-0.61019476,23.590448,0.0,1.32122788660185
2dd3083ce08ecb620a633b37,0,15740.0127476104,3.7790227,-0.61117975,23.527191,0.0,1.3229247995644
2dd3083ce08ecb620a633b37,0,15750.0127480854,3.7786684,-0.61078577,23.535099,0.0,1.3246215791040499
2dd3083ce08ecb620a633b37,0,15760.0127485604,3.7781563,-0.6107858300000001,23.598356,0.0,1.3263184331825901
2dd3083ce08ecb620a633b37,0,15770.0127490354,3.7777624,-0.6113768300000001,23.487656,0.0,1.3280153484464
2dd3083ce08ecb620a633b37,0,15780.0127495103,3.7772899,-0.61019476,23.550911,0.0,1.3297122771741599
2dd3083ce08ecb620a633b37,0,15790.0127499853,3.7768567,-0.61058875,23.321608,0.0,1.33140917568992
2dd3083ce08ecb620a633b37,0,15800.0127504603,3.7764235,-0.61177087,23.519283,0.0,1.3331060812108202
2dd3083ce08ecb620a633b37,0,15810.0127509353,3.7758329,-0.61019464,23.353235,0.0,1.33480291120919
2dd3083ce08ecb620a633b37,0,15820.0127514102,3.7753997,-0.6119679,23.558821,0.0,1.33649964828435
2dd3083ce08ecb620a633b37,0,15830.0127518852,3.7750058,-0.6119678300000001,23.543005,0.0,1.33819640528054
2dd3083ce08ecb620a633b37,0,15840.0127523602,3.7746119,-0.6107858300000001,23.392771,0.0,1.3398931462988102
2dd3083ce08ecb620a633b37,0,15850.0127528352,3.7741001,-0.61117981,23.392771,0.0,1.3415899501345
2dd3083ce08ecb620a633b37,0,15860.0127533101,3.7737062,-0.61157385,23.503469,0.0,1.3432868161467
2dd3083ce08ecb620a633b37,0,15870.0127537851,3.773155,-0.6107858300000001,23.495564,0.0,1.34498359765762
2dd3083ce08ecb620a633b37,0,15880.0127542601,3.7727218,-0.61117975,23.598356,0.0,1.3466803020062101
2dd3083ce08ecb620a633b37,0,15890.0127547351,3.7721703,-0.6119678300000001,23.424398,0.0,1.34837703852839
2dd3083ce08ecb620a633b37,0,15900.01275521,3.771816,-0.61157385,23.511377,0.0,1.35007377122442
2dd3083ce08ecb620a633b37,0,15910.012755685,3.7713828,-0.61078577,23.590448,0.0,1.3517705181433302
2dd3083ce08ecb620a633b37,0,15920.01275616,3.7709103,-0.6107858300000001,23.44812,0.0,1.35346743372564
2dd3083ce08ecb620a633b37,0,15930.012756635,3.7704375,-0.61117981,23.400677,0.0,1.3551648051820702
2dd3083ce08ecb620a633b37,0,15940.0127571099,3.7700438,-0.612362,23.685333,0.0,1.35686209651684
2dd3083ce08ecb620a633b37,0,15950.0127575849,3.7695317,-0.61117981,23.28207,0.0,1.35855928594362
2dd3083ce08ecb620a633b37,0,15960.0127580599,3.7689805,-0.6099978,23.424398,0.0,1.3602565077688802
2dd3083ce08ecb620a633b37,0,15970.0127585349,3.7686653,-0.61058862,23.456028,0.0,1.3619538325931602
2dd3083ce08ecb620a633b37,0,15980.0127590098,3.7681534,-0.61098285,23.479748,0.0,1.3636511127586
2dd3083ce08ecb620a633b37,0,15990.0127594848,3.7677596,-0.61236194,23.369049,0.0,1.36534837859051
2dd3083ce08ecb620a633b37,0,16000.0127599598,3.7672477,-0.61177087,23.384863,0.0,1.36704564650304
2dd3083ce08ecb620a633b37,0,16010.0127604348,3.7667358,-0.61177081,23.503469,0.0,1.36874297275148
2dd3083ce08ecb620a633b37,0,16020.0127609097,3.7663026,-0.61177081,23.321608,0.0,1.37044018046599
2dd3083ce08ecb620a633b37,0,16030.0127613847,3.7659087,-0.61039172,23.376955,0.0,1.37213753243566
2dd3083ce08ecb620a633b37,0,16040.0127618597,3.7653968,-0.60940662,23.629984,0.0,1.37383480407103
2dd3083ce08ecb620a633b37,0,16050.0127623347,3.7649243,-0.6107856399999999,23.28207,0.0,1.37553202294734
2dd3083ce08ecb620a633b37,0,16060.0127628096,3.7643728,-0.61058875,23.33742,0.0,1.3772292821004801
2dd3083ce08ecb620a633b37,0,16070.0127632846,3.7640579,-0.61058868,23.543005,0.0,1.37892660736845
2dd3083ce08ecb620a633b37,0,16080.0127637596,3.7633095,-0.61078577,23.44812,0.0,1.38062390997496
2dd3083ce08ecb620a633b37,0,16090.0127642346,3.7629945,-0.60980072,23.187185,0.0,1.3823211974776
2dd3083ce08ecb620a633b37,0,16100.0127647095,3.762522,-0.61177087,23.527191,0.0,1.38401853926987
2dd3083ce08ecb620a633b37,0,16110.0127651845,3.7620494,-0.61157385,23.408585,0.0,1.38571595636561
2dd3083ce08ecb620a633b37,0,16120.0127656595,3.761498,-0.6109829099999999,23.44812,0.0,1.3874133604374
2dd3083ce08ecb620a633b37,0,16130.0127661345,3.7611041,-0.61117969,23.511377,0.0,1.3891106931397401
2dd3083ce08ecb620a633b37,0,16140.0127666094,3.7605529,-0.6113768900000001,23.44812,0.0,1.39080795842185
2dd3083ce08ecb620a633b37,0,16150.0127670844,3.7601197,-0.61078577,23.369049,0.0,1.39250525467847
2dd3083ce08ecb620a633b37,0,16160.0127675594,3.7596865,-0.61039185,23.376955,0.0,1.39420251262636
2dd3083ce08ecb620a633b37,0,16170.0127680344,3.7592139,-0.6115739099999999,23.297886,0.0,1.39589980942941
2dd3083ce08ecb620a633b37,0,16180.0127685093,3.7586625,-0.61098267,23.329514,0.0,1.39759711378837
2dd3083ce08ecb620a633b37,0,16190.0127689843,3.7581899,-0.61157385,23.487656,0.0,1.39929445087418
2dd3083ce08ecb620a633b37,0,16200.0127694593,3.7577174,-0.61019476,23.424398,0.0,1.40099166624758
2dd3083ce08ecb620a633b37,0,16210.0127699343,3.7572448,-0.6096037,23.487656,0.0,1.40268901449933
2dd3083ce08ecb620a633b37,0,16220.0127704092,3.7566934,-0.61098279,23.353235,0.0,1.40438634611045
2dd3083ce08ecb620a633b37,0,16230.0127708842,3.7562602,-0.612362,23.28207,0.0,1.40608374755115
2dd3083ce08ecb620a633b37,0,16240.0127713592,3.7558272,-0.60980066,23.511377,0.0,1.40778092001884
2dd3083ce08ecb620a633b37,0,16250.0127718342,3.7553151,-0.6121649200000001,23.543005,0.0,1.4094780895308299
2dd3083ce08ecb620a633b37,0,16260.0127723091,3.7548032,-0.61058875,23.376955,0.0,1.41117536849465
2dd3083ce08ecb620a633b37,0,16270.0127727841,3.7543306,-0.6121649800000001,23.424398,0.0,1.41287270076187
2dd3083ce08ecb620a633b37,0,16280.0127732591,3.7538185,-0.61275592,23.614168,0.0,1.41457000927499
2dd3083ce08ecb620a633b37,0,16290.012773734,3.7533853,-0.61157385,23.400677,0.0,1.41626725890379
2dd3083ce08ecb620a633b37,0,16300.012774209,3.7529128,-0.61058881,23.345327,0.0,1.41796455055913
2dd3083ce08ecb620a633b37,0,16310.012774684,3.7524009,-0.61117981,23.392771,0.0,1.41966176888609
2dd3083ce08ecb620a633b37,0,16320.012775159,3.751889,-0.61078577,23.392771,0.0,1.42135897626599
2dd3083ce08ecb620a633b37,0,16330.0127756339,3.7513769,-0.61117981,23.384863,0.0,1.4230562723025402
2dd3083ce08ecb620a633b37,0,16340.0127761089,3.7509437,-0.61177081,23.463934,0.0,1.4247535425046
2dd3083ce08ecb620a633b37,0,16350.0127765839,3.7504318,-0.61039172,23.44812,0.0,1.42645089392509
2dd3083ce08ecb620a633b37,0,16360.0127770589,3.749841,-0.61039178,23.369049,0.0,1.4281481929147501
2dd3083ce08ecb620a633b37,0,16370.0127775338,3.7494867,-0.61117981,23.44812,0.0,1.42984549037023
2dd3083ce08ecb620a633b37,0,16380.0127780088,3.7489748,-0.61157385,23.424398,0.0,1.43154287407442
2dd3083ce08ecb620a633b37,0,16390.0127784838,3.7484233,-0.6092095900000001,23.456028,0.0,1.43324023862785
2dd3083ce08ecb620a633b37,0,16400.0127789588,3.7479508,-0.6113768300000001,23.345327,0.0,1.43493765659422
2dd3083ce08ecb620a633b37,0,16410.0127794337,3.7473993,-0.61117975,23.400677,0.0,1.4366349737533102
2dd3083ce08ecb620a633b37,0,16420.0127799087,3.7469664,-0.61058881,23.535099,0.0,1.43833237705344
2dd3083ce08ecb620a633b37,0,16430.0127803837,3.7464149,-0.6101947,23.495564,0.0,1.4400298023559102
2dd3083ce08ecb620a633b37,0,16440.0127808587,3.746021,-0.6113768300000001,23.440212,0.0,1.44172722864249
2dd3083ce08ecb620a633b37,0,16450.0127813336,3.7454698,-0.61117981,23.424398,0.0,1.4434246271283502
2dd3083ce08ecb620a633b37,0,16460.0127818086,3.7449973,-0.60940662,23.503469,0.0,1.44512209588798
2dd3083ce08ecb620a633b37,0,16470.0127822836,3.7444065,-0.6127558000000001,23.33742,0.0,1.4468194763195
2dd3083ce08ecb620a633b37,0,16480.0127827586,3.7439339,-0.6119679,23.329514,0.0,1.44851682084942
2dd3083ce08ecb620a633b37,0,16490.0127832335,3.7434614,-0.6113768300000001,23.416491,0.0,1.4502142152878301
2dd3083ce08ecb620a633b37,0,16500.0127837085,3.7429888,-0.611771,23.274162,0.0,1.45191161366633
2dd3083ce08ecb620a633b37,0,16510.0127841835,3.742398,-0.6115739099999999,23.598356,0.0,1.45360900580629
2dd3083ce08ecb620a633b37,0,16520.0127846585,3.7419255,-0.61019476,23.527191,0.0,1.45530643110791
2dd3083ce08ecb620a633b37,0,16530.0127851334,3.7414529,-0.6121649200000001,23.321608,0.0,1.4570039197826
2dd3083ce08ecb620a633b37,0,16540.0127856084,3.7409804,-0.61058875,23.622076,0.0,1.45870135121391
2dd3083ce08ecb620a633b37,0,16550.0127860834,3.7403896,-0.6111798700000001,23.361143,0.0,1.46039877706277
2dd3083ce08ecb620a633b37,0,16560.0127865584,3.7398381,-0.61117981,23.527191,0.0,1.46209615507977
2dd3083ce08ecb620a633b37,0,16570.0127870333,3.7394838,-0.61039178,23.163464,0.0,1.46379353495909
2dd3083ce08ecb620a633b37,0,16580.0127875083,3.7389717,-0.61019476,23.661613,0.0,1.46549081282608
2dd3083ce08ecb620a633b37,0,16590.0127879833,3.7383418,-0.61058881,23.487656,0.0,1.4671880313657801
2dd3083ce08ecb620a633b37,0,16600.0127884583,3.7379086,-0.61039172,23.329514,0.0,1.46888549508123
2dd3083ce08ecb620a633b37,0,16610.0127889332,3.7373965,-0.61157385,23.28207,0.0,1.47058292377589
2dd3083ce08ecb620a633b37,0,16620.0127894082,3.7370422,-0.61216431,23.361143,0.0,1.4722802302018099
2dd3083ce08ecb620a633b37,0,16630.0127898832,3.7366877,-0.60586047,23.250443,0.0,1.47397736302051
2dd3083ce08ecb620a633b37,0,16640.0127903582,3.7361758,-0.60999786,23.361143,0.0,1.47567458581823
2dd3083ce08ecb620a633b37,0,16650.0127908331,3.7357426,-0.61275604,23.503469,0.0,1.47737187700499
2dd3083ce08ecb620a633b37,0,16660.0127913081,3.7351911,-0.61531671,23.495564,0.0,1.4790695111213399
2dd3083ce08ecb620a633b37,0,16670.0127917831,3.7347975,-0.6056633299999999,23.503469,0.0,1.48076688418232
2dd3083ce08ecb620a633b37,0,16680.0127922581,3.7343249,-0.60842151,23.44812,0.0,1.48246418458023
2dd3083ce08ecb620a633b37,0,16690.012792733,3.7339311,-0.6198483300000001,23.408585,0.0,1.48416172554883
2dd3083ce08ecb620a633b37,0,16700.012793208,3.7329857,-0.60842169,23.519283,0.0,1.48585885288634
2dd3083ce08ecb620a633b37,0,16710.012793683,3.7325528,-0.60842163,23.716961,0.0,1.48755584570189
2dd3083ce08ecb620a633b37,0,16720.012794158,3.7320013,-0.6082246099999999,23.408585,0.0,1.48925273792906
2dd3083ce08ecb620a633b37,0,16730.0127946329,3.7314501,-0.6109827299999999,23.274162,0.0,1.4909495931594
2dd3083ce08ecb620a633b37,0,16740.0127951079,3.7308593,-0.61098285,23.432306,0.0,1.4926464530946402
2dd3083ce08ecb620a633b37,0,16750.0127955829,3.7303474,-0.61058875,23.574633,0.0,1.4943432537135
2dd3083ce08ecb620a633b37,0,16760.0127960579,3.7297959,-0.60980072,23.33742,0.0,1.49604014451499
2dd3083ce08ecb620a633b37,0,16770.0127965328,3.729284,-0.60881561,23.408585,0.0,1.4977371074473202
2dd3083ce08ecb620a633b37,0,16780.0127970078,3.7287719,-0.61196777,23.369049,0.0,1.4994341662577202
2dd3083ce08ecb620a633b37,0,16790.0127974828,3.72826,-0.6121649200000001,23.471842,0.0,1.50113104206609
2dd3083ce08ecb620a633b37,0,16800.0127979577,3.7278268,-0.6088155500000001,23.495564,0.0,1.50282794994577
2dd3083ce08ecb620a633b37,0,16810.0127984327,3.727118,-0.6099978,23.376955,0.0,1.50452494286942
2dd3083ce08ecb620a633b37,0,16820.0127989077,3.7265668,-0.61078571,23.614168,0.0,1.50622194192791
2dd3083ce08ecb620a633b37,0,16830.0127993827,3.7262123,-0.6088156699999999,23.416491,0.0,1.50791890606634
2dd3083ce08ecb620a633b37,0,16840.0127998576,3.7256608,-0.61019482,23.392771,0.0,1.50961587688333
2dd3083ce08ecb620a633b37,0,16850.0128003326,3.7251489,-0.61019476,23.463934,0.0,1.51131278367281
2dd3083ce08ecb620a633b37,0,16860.0128008076,3.7245581,-0.6096037599999999,23.503469,0.0,1.51300968881902
2dd3083ce08ecb620a633b37,0,16870.0128012826,3.7239676,-0.61058875,23.392771,0.0,1.5147065650651201
2dd3083ce08ecb620a633b37,0,16880.0128017576,3.723495,-0.61177087,23.527191,0.0,1.51640354529309
2dd3083ce08ecb620a633b37,0,16890.0128022325,3.7230225,-0.61039185,23.471842,0.0,1.51810037152044
2dd3083ce08ecb620a633b37,0,16900.0128027075,3.7223923,-0.61275586,23.313698,0.0,1.51979723890576
2dd3083ce08ecb620a633b37,0,16910.0128031825,3.7219985,-0.61117975,23.416491,0.0,1.5214941997604898
2dd3083ce08ecb620a633b37,0,16920.0128036574,3.7214077,-0.61078577,23.440212,0.0,1.52319122114982
2dd3083ce08ecb620a633b37,0,16930.0128041324,3.7208564,-0.6119679,23.558821,0.0,1.52488820422226
2dd3083ce08ecb620a633b37,0,16940.0128046074,3.7204626,-0.61157367,23.33742,0.0,1.52658507455982
2dd3083ce08ecb620a633b37,0,16950.0128050824,3.7198718,-0.61039178,23.361143,0.0,1.52828207536823
2dd3083ce08ecb620a633b37,0,16960.0128055573,3.7193205,-0.60960364,23.44812,0.0,1.5299790663269202
2dd3083ce08ecb620a633b37,0,16970.0128060323,3.7187297,-0.61295288,23.479748,0.0,1.53167614582816
2dd3083ce08ecb620a633b37,0,16980.0128065073,3.7182572,-0.61295294,23.218815,0.0,1.53337306104535
2dd3083ce08ecb620a633b37,0,16990.0128069823,3.717706,-0.61098297,23.424398,0.0,1.5350700142386
2dd3083ce08ecb620a633b37,0,17000.0128074572,3.7171545,-0.6119679,23.440212,0.0,1.53676701253152
2dd3083ce08ecb620a633b37,0,17010.0128079322,3.7166426,-0.61196777,23.519283,0.0,1.53846405548026
2dd3083ce08ecb620a633b37,0,17020.0128084072,3.7161305,-0.6090127,23.44812,0.0,1.54016115720013
2dd3083ce08ecb620a633b37,0,17030.0128088822,3.7156186,-0.61039178,23.392771,0.0,1.54185806792435
2dd3083ce08ecb620a633b37,0,17040.0128093571,3.7149885,-0.61039185,23.432306,0.0,1.54355514151962
2dd3083ce08ecb620a633b37,0,17050.0128098321,3.7145553,-0.6113768900000001,23.432306,0.0,1.5452522042758001
2dd3083ce08ecb620a633b37,0,17060.0128103071,3.7139647,-0.60901257,23.376955,0.0,1.54694909365219
2dd3083ce08ecb620a633b37,0,17070.0128107821,3.7134526,-0.61019476,23.543005,0.0,1.5486461181067401
2dd3083ce08ecb620a633b37,0,17080.012811257,3.7130589,-0.61019482,23.321608,0.0,1.5503430398870701
2dd3083ce08ecb620a633b37,0,17090.012811732,3.7123499,-0.60980072,23.519283,0.0,1.55204000227378
2dd3083ce08ecb620a633b37,0,17100.012812207,3.7117987,-0.61137677,23.400677,0.0,1.55373703384069
2dd3083ce08ecb620a633b37,0,17110.012812682,3.7112079,-0.6133469800000001,23.321608,0.0,1.5554340486554499
2dd3083ce08ecb620a633b37,0,17120.0128131569,3.7107353,-0.6096037599999999,23.479748,0.0,1.55713106828767
2dd3083ce08ecb620a633b37,0,17130.0128136319,3.7101841,-0.61039172,23.503469,0.0,1.5588280449028
2dd3083ce08ecb620a633b37,0,17140.0128141069,3.7096326,-0.61117975,23.353235,0.0,1.56052508172256
2dd3083ce08ecb620a633b37,0,17150.0128145819,3.7091994,-0.6107858300000001,23.456028,0.0,1.56222207497882
2dd3083ce08ecb620a633b37,0,17160.0128150568,3.7086086,-0.61117981,23.266256,0.0,1.56391906341758
2dd3083ce08ecb620a633b37,0,17170.0128155318,3.7080574,-0.61177081,23.535099,0.0,1.5656160705814801
2dd3083ce08ecb620a633b37,0,17180.0128160068,3.7074666,-0.6094068,23.463934,0.0,1.56731293676502
2dd3083ce08ecb620a633b37,0,17190.0128164818,3.7069547,-0.6099977400000001,23.511377,0.0,1.56900982965296
2dd3083ce08ecb620a633b37,0,17200.0128169567,3.7065215,-0.61275586,23.33742,0.0,1.5707067532957502
2dd3083ce08ecb620a633b37,0,17210.0128174317,3.7059703,-0.60920978,23.361143,0.0,1.57240372269472
2dd3083ce08ecb620a633b37,0,17220.0128179067,3.7053401,-0.61117981,23.266256,0.0,1.57410061908351
2dd3083ce08ecb620a633b37,0,17230.0128183817,3.7047887,-0.6131500200000001,23.511377,0.0,1.57579754765474
2dd3083ce08ecb620a633b37,0,17240.0128188566,3.7043161,-0.6107856399999999,23.566727,0.0,1.5774945239434301
2dd3083ce08ecb620a633b37,0,17250.0128193316,3.7037253,-0.6113766500000001,23.44812,0.0,1.5791914147496
2dd3083ce08ecb620a633b37,0,17260.0128198066,3.7031741,-0.61216486,23.28207,0.0,1.5808882577254402
2dd3083ce08ecb620a633b37,0,17270.0128202816,3.7026227,-0.61019464,23.369049,0.0,1.5825853898751
2dd3083ce08ecb620a633b37,0,17280.0128207565,3.7021108,-0.61374103,23.416491,0.0,1.58428233639481
2dd3083ce08ecb620a633b37,0,17290.0128212315,3.7015989,-0.60901257,23.289978,0.0,1.58597928521245
2dd3083ce08ecb620a633b37,0,17300.0128217065,3.7010474,-0.61117969,23.250443,0.0,1.5876762670926101
2dd3083ce08ecb620a633b37,0,17310.0128221814,3.7005355,-0.61177087,23.511377,0.0,1.5893732814747301
2dd3083ce08ecb620a633b37,0,17320.0128226564,3.6999447,-0.6113768300000001,23.416491,0.0,1.59107034292743
2dd3083ce08ecb620a633b37,0,17330.0128231314,3.6994328,-0.61137677,23.495564,0.0,1.59276736749293
2dd3083ce08ecb620a633b37,0,17340.0128236064,3.6988027,-0.61058875,23.408585,0.0,1.59446436842297
2dd3083ce08ecb620a633b37,0,17350.0128240814,3.6981726,-0.6115739099999999,23.44812,0.0,1.5961613938666601
2dd3083ce08ecb620a633b37,0,17360.0128245563,3.6978183,-0.60960364,23.321608,0.0,1.5978584811508298
2dd3083ce08ecb620a633b37,0,17370.0128250313,3.6971095,-0.61117993,23.424398,0.0,1.59955548075875
2dd3083ce08ecb620a633b37,0,17380.0128255063,3.6966367,-0.61098267,23.511377,0.0,1.60125247314424
2dd3083ce08ecb620a633b37,0,17390.0128259813,3.6960855,-0.6111798700000001,23.297886,0.0,1.60294949989341
2dd3083ce08ecb620a633b37,0,17400.0128264562,3.6956129,-0.61255896,23.44812,0.0,1.6046463658579702
2dd3083ce08ecb620a633b37,0,17410.0128269312,3.6950221,-0.6119678300000001,23.376955,0.0,1.6063432599575
2dd3083ce08ecb620a633b37,0,17420.0128274062,3.6945102,-0.61196777,23.440212,0.0,1.60804016149361
2dd3083ce08ecb620a633b37,0,17430.0128278811,3.6939983,-0.61275592,23.543005,0.0,1.6097369660604
2dd3083ce08ecb620a633b37,0,17440.0128283561,3.6934469,-0.6101945799999999,23.503469,0.0,1.61143394597804
2dd3083ce08ecb620a633b37,0,17450.0128288311,3.6929743,-0.612362,23.495564,0.0,1.61313095445287
2dd3083ce08ecb620a633b37,0,17460.0128293061,3.6923048,-0.61275592,23.329514,0.0,1.61482779108743
2dd3083ce08ecb620a633b37,0,17470.012829781,3.6917534,-0.61374103,23.28207,0.0,1.61652488209718
2dd3083ce08ecb620a633b37,0,17480.012830256,3.6912415,-0.6101945200000001,23.511377,0.0,1.61822181855562
2dd3083ce08ecb620a633b37,0,17490.012830731,3.690769,-0.60940662,23.384863,0.0,1.6199187532655301
2dd3083ce08ecb620a633b37,0,17500.012831206,3.6904933,-0.60842188,23.519283,0.0,1.6216160196380098
2dd3083ce08ecb620a633b37,0,17510.0128316809,3.6899812,-0.61590802,23.495564,0.0,1.62331395805018
2dd3083ce08ecb620a633b37,0,17520.0128321559,3.6894693,-0.60448126,23.471842,0.0,1.62501151226856
2dd3083ce08ecb620a633b37,0,17530.0128326309,3.6889968,-0.60664856,23.266256,0.0,1.62670907293787
2dd3083ce08ecb620a633b37,0,17540.0128331059,3.688406,-0.62024231,23.234629,0.0,1.62840683894112
2dd3083ce08ecb620a633b37,0,17550.0128335808,3.6879334,-0.60605756,23.234629,0.0,1.63010430548213
2dd3083ce08ecb620a633b37,0,17560.0128340558,3.6875792,-0.6121644900000001,23.329514,0.0,1.6318019654256701
2dd3083ce08ecb620a633b37,0,17570.0128345308,3.6869097,-0.60881531,23.226721,0.0,1.63349945124235
2dd3083ce08ecb620a633b37,0,17580.0128350058,3.6864765,-0.60980066,23.376955,0.0,1.6351966886042102
2dd3083ce08ecb620a633b37,0,17590.0128354807,3.6858857,-0.61098279,23.116022,0.0,1.63689412538945
2dd3083ce08ecb620a633b37,0,17600.0128359557,3.6850193,-0.61177094,23.179277,0.0,1.63859145545452
2dd3083ce08ecb620a633b37,0,17610.0128364307,3.684468,-0.61078577,23.242535,0.0,1.64028881750886
2dd3083ce08ecb620a633b37,0,17620.0128369057,3.6838772,-0.61098279,23.179277,0.0,1.64198616850977
2dd3083ce08ecb620a633b37,0,17630.0128373806,3.6832078,-0.6119678300000001,23.139742,0.0,1.64368357226744
2dd3083ce08ecb620a633b37,0,17640.0128378556,3.6826959,-0.61039166,23.179277,0.0,1.6453809786469
2dd3083ce08ecb620a633b37,0,17650.0128383306,3.6820657,-0.61157385,23.329514,0.0,1.64707837047202
2dd3083ce08ecb620a633b37,0,17660.0128388056,3.6815536,-0.6119679,23.084394,0.0,1.6487757874732298
2dd3083ce08ecb620a633b37,0,17670.0128392805,3.6811204,-0.61137695,23.155558,0.0,1.65047328031892
2dd3083ce08ecb620a633b37,0,17680.0128397555,3.6804905,-0.61078577,23.163464,0.0,1.6521707128584602
2dd3083ce08ecb620a633b37,0,17690.0128402305,3.6800179,-0.61177087,23.234629,0.0,1.65386820461305
2dd3083ce08ecb620a633b37,0,17700.0128407055,3.6794271,-0.612362,23.068579,0.0,1.65556575481189
2dd3083ce08ecb620a633b37,0,17710.0128411804,3.6787577,-0.6119678300000001,23.218815,0.0,1.6572634094274699
2dd3083ce08ecb620a633b37,0,17720.0128416554,3.6782458,-0.60980066,23.28207,0.0,1.65896099443073
2dd3083ce08ecb620a633b37,0,17730.0128421304,3.6776943,-0.61098285,23.289978,0.0,1.6606585921303099
2dd3083ce08ecb620a633b37,0,17740.0128426054,3.6771431,-0.61098279,23.242535,0.0,1.6623561476902802
2dd3083ce08ecb620a633b37,0,17750.0128430803,3.6765916,-0.60980066,23.116022,0.0,1.66405370325329
2dd3083ce08ecb620a633b37,0,17760.0128435553,3.6761584,-0.61098285,23.163464,0.0,1.66575131365046
2dd3083ce08ecb620a633b37,0,17770.0128440303,3.6754889,-0.61236188,23.250443,0.0,1.6674488935073701
2dd3083ce08ecb620a633b37,0,17780.0128445053,3.6750164,-0.61039166,23.226721,0.0,1.66914638448783
2dd3083ce08ecb620a633b37,0,17790.0128449802,3.6745832,-0.6121649800000001,23.329514,0.0,1.67084397912467
2dd3083ce08ecb620a633b37,0,17800.0128454552,3.6738744,-0.61039172,23.218815,0.0,1.67254158317618
2dd3083ce08ecb620a633b37,0,17810.0128459302,3.6733623,-0.6107858300000001,23.234629,0.0,1.67423918471268
2dd3083ce08ecb620a633b37,0,17820.0128464051,3.6728504,-0.61039172,23.361143,0.0,1.6759367722408198
2dd3083ce08ecb620a633b37,0,17830.0128468801,3.6722991,-0.61177081,23.250443,0.0,1.67763449789539
2dd3083ce08ecb620a633b37,0,17840.0128473551,3.6718266,-0.61117975,23.210907,0.0,1.6793320473266102
2dd3083ce08ecb620a633b37,0,17850.0128478301,3.6712358,-0.61157385,23.084394,0.0,1.68102962630824
2dd3083ce08ecb620a633b37,0,17860.0128483051,3.6705663,-0.61058875,23.321608,0.0,1.68272720715591
2dd3083ce08ecb620a633b37,0,17870.01284878,3.6701331,-0.60940662,23.329514,0.0,1.6844247143404
2dd3083ce08ecb620a633b37,0,17880.012849255,3.6696212,-0.61117975,23.187185,0.0,1.6861222997863299
2dd3083ce08ecb620a633b37,0,17890.01284973,3.6691091,-0.6109827299999999,23.274162,0.0,1.68781990438719
2dd3083ce08ecb620a633b37,0,17900.0128502049,3.668479,-0.61058875,23.297886,0.0,1.68951742864527
2dd3083ce08ecb620a633b37,0,17910.0128506799,3.6679277,-0.61098285,23.234629,0.0,1.69121492313499
2dd3083ce08ecb620a633b37,0,17920.0128511549,3.6674552,-0.61157385,23.131836,0.0,1.6929124372143398
2dd3083ce08ecb620a633b37,0,17930.0128516299,3.6669433,-0.6119678300000001,23.139742,0.0,1.69460990827601
2dd3083ce08ecb620a633b37,0,17940.0128521049,3.6663918,-0.61039178,23.274162,0.0,1.69630734989639
2dd3083ce08ecb620a633b37,0,17950.0128525798,3.665801,-0.6113768300000001,23.187185,0.0,1.6980048159288001
2dd3083ce08ecb620a633b37,0,17960.0128530548,3.6652892,-0.6113768300000001,23.274162,0.0,1.6997022219814202
2dd3083ce08ecb620a633b37,0,17970.0128535298,3.6648953,-0.61117975,23.210907,0.0,1.70139962234475
2dd3083ce08ecb620a633b37,0,17980.0128540047,3.6641471,-0.6107858300000001,23.392771,0.0,1.70309703190292
2dd3083ce08ecb620a633b37,0,17990.0128544797,3.6637139,-0.6119679,23.218815,0.0,1.7047943861899
2dd3083ce08ecb620a633b37,0,18000.0128549547,3.6631625,-0.6107858300000001,23.242535,0.0,1.7064919207443099
2dd3083ce08ecb620a633b37,0,18010.0128554297,3.6626112,-0.61177087,23.163464,0.0,1.70818938743749
2dd3083ce08ecb620a633b37,0,18020.0128559046,3.6620598,-0.61039178,23.369049,0.0,1.70988680706531
2dd3083ce08ecb620a633b37,0,18030.0128563796,3.6615872,-0.6111798700000001,23.305792,0.0,1.7115841333266701
2dd3083ce08ecb620a633b37,0,18040.0128568546,3.661036,-0.6107858300000001,23.408585,0.0,1.71328153915797
2dd3083ce08ecb620a633b37,0,18050.0128573296,3.6606421,-0.61137677,23.226721,0.0,1.7149789445567702
2dd3083ce08ecb620a633b37,0,18060.0128578045,3.6600513,-0.61098285,23.376955,0.0,1.71667636298172
2dd3083ce08ecb620a633b37,0,18070.0128582795,3.6595395,-0.61039166,23.408585,0.0,1.71837376837848
2dd3083ce08ecb620a633b37,0,18080.0128587545,3.6589882,-0.60980072,23.535099,0.0,1.72007125706826
2dd3083ce08ecb620a633b37,0,18090.0128592295,3.6584368,-0.61196796,23.305792,0.0,1.7217687492601401
2dd3083ce08ecb620a633b37,0,18100.0128597044,3.6578856,-0.61137677,23.313698,0.0,1.72346621879346
2dd3083ce08ecb620a633b37,0,18110.0128601794,3.6572948,-0.61117981,23.424398,0.0,1.72516369894462
2dd3083ce08ecb620a633b37,0,18120.0128606544,3.6568615,-0.61157385,23.566727,0.0,1.72686122068999
2dd3083ce08ecb620a633b37,0,18130.0128611294,3.6563497,-0.61078577,23.550911,0.0,1.72855874002572
2dd3083ce08ecb620a633b37,0,18140.0128616043,3.6557195,-0.61058881,23.416491,0.0,1.73025629274019
2dd3083ce08ecb620a633b37,0,18150.0128620793,3.6552076,-0.60980066,23.361143,0.0,1.73195379696009
2dd3083ce08ecb620a633b37,0,18160.0128625543,3.6546955,-0.61039178,23.487656,0.0,1.73365128542543
2dd3083ce08ecb620a633b37,0,18170.0128630293,3.6543016,-0.6119678300000001,23.574633,0.0,1.73534877203039
2dd3083ce08ecb620a633b37,0,18180.0128635042,3.6537504,-0.6125589,23.432306,0.0,1.73704632189533
2dd3083ce08ecb620a633b37,0,18190.0128639792,3.6532385,-0.6111798700000001,23.511377,0.0,1.73874389584315
2dd3083ce08ecb620a633b37,0,18200.0128644542,3.6526477,-0.6099977400000001,23.369049,0.0,1.7404414157211099
2dd3083ce08ecb620a633b37,0,18210.0128649292,3.6520965,-0.61098279,23.479748,0.0,1.74213894282256
2dd3083ce08ecb620a633b37,0,18220.0128654041,3.6516237,-0.61177087,23.535099,0.0,1.74383641553045
2dd3083ce08ecb620a633b37,0,18230.0128658791,3.6511118,-0.61177087,23.376955,0.0,1.74553383514905
2dd3083ce08ecb620a633b37,0,18240.0128663541,3.6506786,-0.61295294,23.384863,0.0,1.74723132404831
2dd3083ce08ecb620a633b37,0,18250.0128668291,3.6500092,-0.61058881,23.400677,0.0,1.74892885804377
2dd3083ce08ecb620a633b37,0,18260.012867304,3.6497335,-0.60980072,23.25835,0.0,1.7506264178714501
2dd3083ce08ecb620a633b37,0,18270.012867779,3.6491427,-0.6107858300000001,23.574633,0.0,1.7523240026500602
2dd3083ce08ecb620a633b37,0,18280.012868254,3.6486309,-0.61019464,23.463934,0.0,1.75402164052109
2dd3083ce08ecb620a633b37,0,18290.012868729,3.6479614,-0.61117981,23.289978,0.0,1.75571935040767
2dd3083ce08ecb620a633b37,0,18300.0128692039,3.6475282,-0.6092095900000001,23.519283,0.0,1.75741701968837
2dd3083ce08ecb620a633b37,0,18310.0128696789,3.6470163,-0.6121649200000001,23.543005,0.0,1.75911462789386
2dd3083ce08ecb620a633b37,0,18320.0128701539,3.6464648,-0.61157385,23.519283,0.0,1.7608122122402798
2dd3083ce08ecb620a633b37,0,18330.0128706288,3.6459923,-0.61157385,23.527191,0.0,1.76250979417503
2dd3083ce08ecb620a633b37,0,18340.0128711038,3.6454015,-0.61078577,23.495564,0.0,1.76420738672775
2dd3083ce08ecb620a633b37,0,18350.0128715788,3.6449683,-0.61098285,23.519283,0.0,1.76590496647042
2dd3083ce08ecb620a633b37,0,18360.0128720538,3.6444957,-0.61137677,23.440212,0.0,1.76760251939855
2dd3083ce08ecb620a633b37,0,18370.0128725288,3.6439838,-0.6111798700000001,23.629984,0.0,1.7693000170549702
2dd3083ce08ecb620a633b37,0,18380.0128730037,3.6435113,-0.6107858300000001,23.487656,0.0,1.7709975649512202
2dd3083ce08ecb620a633b37,0,18390.0128734787,3.6429994,-0.6113768900000001,23.487656,0.0,1.7726951557529902
2dd3083ce08ecb620a633b37,0,18400.0128739537,3.6424086,-0.61236182,23.582541,0.0,1.77439269204368
2dd3083ce08ecb620a633b37,0,18410.0128744286,3.6419754,-0.61117975,23.582541,0.0,1.77609045051624
2dd3083ce08ecb620a633b37,0,18420.0128749036,3.6414635,-0.61137677,23.63789,0.0,1.7777882737803
2dd3083ce08ecb620a633b37,0,18430.0128753786,3.6409514,-0.61098285,23.503469,0.0,1.77948606202422
2dd3083ce08ecb620a633b37,0,18440.0128758536,3.6405575,-0.61117981,23.653704,0.0,1.78118387029638
2dd3083ce08ecb620a633b37,0,18450.0128763286,3.639967,-0.6119680200000001,23.511377,0.0,1.7828816423381
2dd3083ce08ecb620a633b37,0,18460.0128768035,3.6394944,-0.61236194,23.558821,0.0,1.7845793766222602
2dd3083ce08ecb620a633b37,0,18470.0128772785,3.6391006,-0.6113768900000001,23.558821,0.0,1.7862772013097001
2dd3083ce08ecb620a633b37,0,18480.0128777535,3.6384704,-0.60822449,23.495564,0.0,1.78797499732444
2dd3083ce08ecb620a633b37,0,18490.0128782284,3.6378403,-0.6092095900000001,23.566727,0.0,1.7896724415558
2dd3083ce08ecb620a633b37,0,18500.0128787034,3.6375647,-0.6113768300000001,23.432306,0.0,1.79136916755675
2dd3083ce08ecb620a633b37,0,18510.0128791784,3.6368952,-0.6099977400000001,23.463934,0.0,1.79306598701865
2dd3083ce08ecb620a633b37,0,18520.0128796534,3.6366196,-0.61275586,23.250443,0.0,1.79476289382346
2dd3083ce08ecb620a633b37,0,18530.0128801283,3.6360288,-0.6094066800000001,23.503469,0.0,1.7964598487905101
2dd3083ce08ecb620a633b37,0,18540.0128806033,3.6356349,-0.6107858300000001,23.495564,0.0,1.7981566521730699
2dd3083ce08ecb620a633b37,0,18550.0128810783,3.6349654,-0.6119678300000001,23.479748,0.0,1.7998535101697302
2dd3083ce08ecb620a633b37,0,18560.0128815533,3.6345322,-0.6119678300000001,23.519283,0.0,1.80155048670171
2dd3083ce08ecb620a633b37,0,18570.0128820282,3.634099,-0.61137677,23.558821,0.0,1.80324738486761
2dd3083ce08ecb620a633b37,0,18580.0128825032,3.6335084,-0.6094067400000001,23.408585,0.0,1.80494444621892
2dd3083ce08ecb620a633b37,0,18590.0128829782,3.6329963,-0.60980078,23.622076,0.0,1.80664135434006
2dd3083ce08ecb620a633b37,0,18600.0128834532,3.6324058,-0.6092095900000001,23.629984,0.0,1.80833821540004
2dd3083ce08ecb620a633b37,0,18610.0128839281,3.6319332,-0.61019476,23.44812,0.0,1.81003524107634
2dd3083ce08ecb620a633b37,0,18620.0128844031,3.6315393,-0.6107856399999999,23.645798,0.0,1.81173230932945
2dd3083ce08ecb620a633b37,0,18630.0128848781,3.6309485,-0.61019489,23.574633,0.0,1.8134293451799002
2dd3083ce08ecb620a633b37,0,18640.0128853531,3.6305547,-0.61177081,23.456028,0.0,1.81512645732451
2dd3083ce08ecb620a633b37,0,18650.012885828,3.6300821,-0.6094067400000001,23.629984,0.0,1.81682343012867
2dd3083ce08ecb620a633b37,0,18660.012886303,3.6295309,-0.60842157,23.487656,0.0,1.8185205047274
2dd3083ce08ecb620a633b37,0,18670.012886778,3.6290188,-0.6119680200000001,23.574633,0.0,1.82021760964134
2dd3083ce08ecb620a633b37,0,18680.012887253,3.6285069,-0.6096037,23.574633,0.0,1.8219147314100002
2dd3083ce08ecb620a633b37,0,18690.0128877279,3.628113,-0.61078577,23.527191,0.0,1.82361177185552
2dd3083ce08ecb620a633b37,0,18700.0128882029,3.6275618,-0.6119678300000001,23.456028,0.0,1.82530891814431
2dd3083ce08ecb620a633b37,0,18710.0128886779,3.6271286,-0.61157397,23.629984,0.0,1.8270061232071801
2dd3083ce08ecb620a633b37,0,18720.0128891529,3.6265378,-0.6105888700000001,23.376955,0.0,1.82870313279255
2dd3083ce08ecb620a633b37,0,18730.0128896278,3.6260259,-0.6121649200000001,23.440212,0.0,1.83040022085143
2dd3083ce08ecb620a633b37,0,18740.0128901028,3.6255534,-0.61058875,23.574633,0.0,1.8320972538509
2dd3083ce08ecb620a633b37,0,18749.0108905302,3.6367769,-0.070368721,23.511377,0.0,1.8333243823558
2dd3083ce08ecb620a633b37,0,18759.0108910052,3.6398094,-0.072535934,23.511377,0.0,1.8335225408543299
2dd3083ce08ecb620a633b37,0,18769.0108914801,3.6418571,-0.072732941,23.709055,0.0,1.83372074346611
2dd3083ce08ecb620a633b37,0,18778.0108919076,3.6323664,-0.61039178,23.566727,0.0,1.83404903882456
2dd3083ce08ecb620a633b37,0,18788.0108923826,3.6294916,-0.61374103,23.709055,0.0,1.83574627858503
2dd3083ce08ecb620a633b37,0,18798.0108928576,3.6279557,-0.61137695,23.606262,0.0,1.8374435938659301
2dd3083ce08ecb620a633b37,0,18808.0108933325,3.626853,-0.61117969,23.511377,0.0,1.8391407296464999
2dd3083ce08ecb620a633b37,0,18818.0108938075,3.625829,-0.60920972,23.819754,0.0,1.84083795058274
2dd3083ce08ecb620a633b37,0,18828.0108942825,3.6247656,-0.60980072,23.503469,0.0,1.84253519636684
2dd3083ce08ecb620a633b37,0,18838.0108947575,3.6240962,-0.61137677,23.645798,0.0,1.84423236158966
2dd3083ce08ecb620a633b37,0,18848.0108952324,3.6232693,-0.61098267,23.519283,0.0,1.8459294770121202
2dd3083ce08ecb620a633b37,0,18858.0108957074,3.6227572,-0.61236188,23.677425,0.0,1.8476265687958702
2dd3083ce08ecb620a633b37,0,18868.0108961824,3.6220484,-0.61019464,23.574633,0.0,1.84932392961395
2dd3083ce08ecb620a633b37,0,18878.0108966574,3.6213396,-0.6086187700000001,23.503469,0.0,1.8510210683491302
2dd3083ce08ecb620a633b37,0,18888.0108971323,3.6207094,-0.61039178,23.629984,0.0,1.8527182034723901
2dd3083ce08ecb620a633b37,0,18898.0108976073,3.620158,-0.61433203,23.629984,0.0,1.8544154478276802
2dd3083ce08ecb620a633b37,0,18908.0108980823,3.6195674,-0.612953,23.606262,0.0,1.85611272108618
2dd3083ce08ecb620a633b37,0,18918.0108985573,3.6189766,-0.6096037,23.345327,0.0,1.85780991323157
2dd3083ce08ecb620a633b37,0,18928.0108990322,3.618504,-0.60901251,23.653704,0.0,1.85950719940165
2dd3083ce08ecb620a633b37,0,18938.0108995072,3.6179922,-0.61216479,23.598356,0.0,1.86120455091454
2dd3083ce08ecb620a633b37,0,18948.0108999822,3.617362,-0.61098297,23.558821,0.0,1.86290195375789
2dd3083ce08ecb620a633b37,0,18958.0109004572,3.6168895,-0.61098285,23.574633,0.0,1.86459926356739
2dd3083ce08ecb620a633b37,0,18968.0109009321,3.6163774,-0.6088156699999999,23.724869,0.0,1.86629652839256
2dd3083ce08ecb620a633b37,0,18978.0109014071,3.6158655,-0.6099977400000001,23.693241,0.0,1.86799382233154
2dd3083ce08ecb620a633b37,0,18988.0109018821,3.6153536,-0.6115739099999999,23.614168,0.0,1.86969118861782
2dd3083ce08ecb620a633b37,0,18998.0109023571,3.6148021,-0.6125589,23.661613,0.0,1.8713885219561401
2dd3083ce08ecb620a633b37,0,19008.010902832,3.6143296,-0.6099977400000001,23.511377,0.0,1.87308588002993
2dd3083ce08ecb620a633b37,0,19018.010903307,3.6137784,-0.6107858300000001,23.859289,0.0,1.8747831884136499
2dd3083ce08ecb620a633b37,0,19028.010903782,3.6133058,-0.6133469800000001,23.693241,0.0,1.8764804983304801
2dd3083ce08ecb620a633b37,0,19038.0109042569,3.6127543,-0.60842163,23.503469,0.0,1.8781779920091701
2dd3083ce08ecb620a633b37,0,19048.0109047319,3.6123211,-0.61177087,23.716961,0.0,1.8798754201363699
2dd3083ce08ecb620a633b37,0,19058.0109052069,3.611691,-0.6080275900000001,23.669519,0.0,1.88157288744737
2dd3083ce08ecb620a633b37,0,19068.0109056819,3.6111791,-0.61177081,23.487656,0.0,1.88327015905469
2dd3083ce08ecb620a633b37,0,19078.0109061569,3.6107459,-0.60881561,23.550911,0.0,1.8849677151297601
2dd3083ce08ecb620a633b37,0,19088.0109066318,3.6101551,-0.61255884,23.716961,0.0,1.88666509104339
2dd3083ce08ecb620a633b37,0,19098.0109071068,3.6098008,-0.61098285,23.740683,0.0,1.88836246816907
2dd3083ce08ecb620a633b37,0,19108.0109075818,3.6091707,-0.6094067400000001,23.550911,0.0,1.89005984486012
2dd3083ce08ecb620a633b37,0,19118.0109080567,3.6086981,-0.61216479,23.598356,0.0,1.8917572814134602
2dd3083ce08ecb620a633b37,0,19128.0109085317,3.608186,-0.60980072,23.709055,0.0,1.8934548099067399
2dd3083ce08ecb620a633b37,0,19138.0109090067,3.6076741,-0.6109827299999999,23.724869,0.0,1.8951522328899402
2dd3083ce08ecb620a633b37,0,19148.0109094817,3.6071622,-0.6119678300000001,23.629984,0.0,1.89684963682847
2dd3083ce08ecb620a633b37,0,19158.0109099567,3.6066108,-0.61019482,23.487656,0.0,1.89854699676679
2dd3083ce08ecb620a633b37,0,19168.0109104316,3.6061776,-0.6105888700000001,23.653704,0.0,1.90024447557321
2dd3083ce08ecb620a633b37,0,19178.0109109066,3.6054688,-0.61374103,23.693241,0.0,1.90194195546932
2dd3083ce08ecb620a633b37,0,19188.0109113816,3.6051931,-0.61374103,23.677425,0.0,1.90363944423166
2dd3083ce08ecb620a633b37,0,19198.0109118565,3.6045237,-0.61196777,23.598356,0.0,1.90533685079826
2dd3083ce08ecb620a633b37,0,19208.0109123315,3.6040118,-0.61137677,23.582541,0.0,1.9070342407265801
2dd3083ce08ecb620a633b37,0,19218.0109128065,3.603539,-0.61019476,23.614168,0.0,1.90873161467213
2dd3083ce08ecb620a633b37,0,19228.0109132815,3.6030271,-0.6099977400000001,23.622076,0.0,1.91042909413278
2dd3083ce08ecb620a633b37,0,19238.0109137564,3.6024759,-0.6131500200000001,23.669519,0.0,1.9121265374708
2dd3083ce08ecb620a633b37,0,19248.0109142314,3.6019638,-0.61236182,23.764404,0.0,1.9138239981093301
2dd3083ce08ecb620a633b37,0,19258.0109147064,3.6014912,-0.61019476,23.558821,0.0,1.91552137501234
2dd3083ce08ecb620a633b37,0,19268.0109151814,3.6010187,-0.6113768900000001,23.780218,0.0,1.9172187030999002
2dd3083ce08ecb620a633b37,0,19278.0109156563,3.6003885,-0.6121649200000001,23.724869,0.0,1.91891611622985
2dd3083ce08ecb620a633b37,0,19288.0109161313,3.599916,-0.6099977400000001,23.843475,0.0,1.9206135965662199
2dd3083ce08ecb620a633b37,0,19298.0109166063,3.5994828,-0.61177075,23.732777,0.0,1.92231090998416
2dd3083ce08ecb620a633b37,0,19308.0109170813,3.5988922,-0.61039178,23.96999,0.0,1.92400835759032
2dd3083ce08ecb620a633b37,0,19318.0109175562,3.5983801,-0.61196777,23.614168,0.0,1.9257057003452802
2dd3083ce08ecb620a633b37,0,19328.0109180312,3.5978289,-0.61039178,23.819754,0.0,1.92740318242594
2dd3083ce08ecb620a633b37,0,19338.0109185062,3.5972774,-0.60960364,23.946268,0.0,1.9291006028866902
2dd3083ce08ecb620a633b37,0,19348.0109189812,3.5967655,-0.6096037,23.74859,0.0,1.93079815786976
2dd3083ce08ecb620a633b37,0,19358.0109194561,3.5961747,-0.61157367,23.724869,0.0,1.93249557318582
2dd3083ce08ecb620a633b37,0,19368.0109199311,3.5957022,-0.61236188,23.598356,0.0,1.93419304333943
2dd3083ce08ecb620a633b37,0,19378.0109204061,3.5952296,-0.6109827299999999,23.930454,0.0,1.93589055234886
2dd3083ce08ecb620a633b37,0,19388.0109208811,3.5946388,-0.61236188,23.859289,0.0,1.93758800401326
2dd3083ce08ecb620a633b37,0,19398.010921356,3.5940876,-0.61137677,23.74859,0.0,1.93928541375589
2dd3083ce08ecb620a633b37,0,19408.010921831,3.5935361,-0.611771,23.819754,0.0,1.94098281758436
2dd3083ce08ecb620a633b37,0,19418.010922306,3.5930243,-0.6096037,23.716961,0.0,1.94268028336415
2dd3083ce08ecb620a633b37,0,19428.010922781,3.592473,-0.60980078,23.780218,0.0,1.9443776820523002
2dd3083ce08ecb620a633b37,0,19438.0109232559,3.5918429,-0.60960382,23.851381,0.0,1.94607509704477
2dd3083ce08ecb620a633b37,0,19448.0109237309,3.5913703,-0.60920972,23.764404,0.0,1.94777250130991
2dd3083ce08ecb620a633b37,0,19458.0109242059,3.5907402,-0.6119679,23.772312,0.0,1.94946984723517
2dd3083ce08ecb620a633b37,0,19468.0109246809,3.5902677,-0.6113768900000001,23.96999,0.0,1.95116729123297
2dd3083ce08ecb620a633b37,0,19478.0109251558,3.5897949,-0.6094066800000001,23.780218,0.0,1.95286470316029
2dd3083ce08ecb620a633b37,0,19488.0109256308,3.5892437,-0.6113768300000001,23.883011,0.0,1.95456210884721
2dd3083ce08ecb620a633b37,0,19498.0109261058,3.5886135,-0.6141350099999999,23.756496,0.0,1.9562595670723
2dd3083ce08ecb620a633b37,0,19508.0109265808,3.5879834,-0.61019476,23.440212,0.0,1.9579569314943999
2dd3083ce08ecb620a633b37,0,19518.0109270557,3.5875897,-0.61236182,23.701147,0.0,1.95965439102745
2dd3083ce08ecb620a633b37,0,19528.0109275307,3.5869596,-0.61019482,23.922546,0.0,1.96135177657494
2dd3083ce08ecb620a633b37,0,19538.0109280057,3.5863295,-0.61137677,23.780218,0.0,1.96304912063784
2dd3083ce08ecb620a633b37,0,19548.0109284806,3.585778,-0.6090127,23.851381,0.0,1.9647465996583602
2dd3083ce08ecb620a633b37,0,19558.0109289556,3.5851874,-0.61177075,23.883011,0.0,1.96644392150254
2dd3083ce08ecb620a633b37,0,19568.0109294306,3.5845573,-0.6086185900000001,23.772312,0.0,1.96814133068894
2dd3083ce08ecb620a633b37,0,19578.0109299056,3.5840058,-0.61157385,23.93836,0.0,1.9698387226996799
2dd3083ce08ecb620a633b37,0,19588.0109303806,3.5834153,-0.60980066,23.906733,0.0,1.97153620018842
2dd3083ce08ecb620a633b37,0,19598.0109308555,3.5828245,-0.6113768900000001,23.906733,0.0,1.9732334572396801
2dd3083ce08ecb620a633b37,0,19608.0109313305,3.5823519,-0.61236182,24.017431,0.0,1.97493077274162
2dd3083ce08ecb620a633b37,0,19618.0109318055,3.5816431,-0.61019464,24.017431,0.0,1.9766281693496601
2dd3083ce08ecb620a633b37,0,19628.0109322804,3.5811706,-0.61157385,23.898825,0.0,1.97832568744625
2dd3083ce08ecb620a633b37,0,19638.0109327554,3.5805011,-0.6119679,23.930454,0.0,1.98002306610327
2dd3083ce08ecb620a633b37,0,19648.0109332304,3.5798316,-0.60881573,23.985804,0.0,1.9817205506
2dd3083ce08ecb620a633b37,0,19658.0109337054,3.5792801,-0.61039166,23.962082,0.0,1.98341797106583
2dd3083ce08ecb620a633b37,0,19668.0109341804,3.57865,-0.61058875,23.93836,0.0,1.98511540160101
2dd3083ce08ecb620a633b37,0,19678.0109346553,3.5779805,-0.6107858300000001,23.930454,0.0,1.98681294749779
2dd3083ce08ecb620a633b37,0,19688.0109351303,3.577508,-0.61098279,23.859289,0.0,1.9885099855325201
2dd3083ce08ecb620a633b37,0,19698.0109356053,3.5767598,-0.61275586,23.883011,0.0,1.99020681155567
2dd3083ce08ecb620a633b37,0,19708.0109360802,3.5762477,-0.6099977400000001,23.977896,0.0,1.9919038263862001
2dd3083ce08ecb620a633b37,0,19718.0109365552,3.5755782,-0.61058868,23.811848,0.0,1.9936006954228
2dd3083ce08ecb620a633b37,0,19728.0109370302,3.5749483,-0.6086185900000001,23.977896,0.0,1.9952975400466801
2dd3083ce08ecb620a633b37,0,19738.0109375052,3.5743575,-0.61216486,24.112318,0.0,1.9969944247389602
2dd3083ce08ecb620a633b37,0,19748.0109379801,3.5736487,-0.61019476,23.898825,0.0,1.99869126587612
2dd3083ce08ecb620a633b37,0,19758.0109384551,3.5731366,-0.6099977400000001,23.875103,0.0,2.00038806606682
2dd3083ce08ecb620a633b37,0,19768.0109389301,3.5723491,-0.611771,23.93836,0.0,2.0020849960690903
2dd3083ce08ecb620a633b37,0,19778.0109394051,3.5717976,-0.61157385,23.883011,0.0,2.00378196372554
2dd3083ce08ecb620a633b37,0,19788.01093988,3.5710888,-0.61255884,23.780218,0.0,2.00547891737273
2dd3083ce08ecb620a633b37,0,19798.010940355,3.5704193,-0.6107858300000001,23.851381,0.0,2.00717578520704
2dd3083ce08ecb620a633b37,0,19808.01094083,3.5698285,-0.6121650399999999,23.843475,0.0,2.00887258310329
2dd3083ce08ecb620a633b37,0,19818.010941305,3.5691197,-0.61019476,23.898825,0.0,2.01056936282663
2dd3083ce08ecb620a633b37,0,19828.0109417799,3.5684109,-0.6090127599999999,23.930454,0.0,2.0122661137654902
2dd3083ce08ecb620a633b37,0,19838.0109422549,3.5678201,-0.60920978,23.946268,0.0,2.01396297995516
2dd3083ce08ecb620a633b37,0,19848.0109427299,3.5671506,-0.61019489,23.930454,0.0,2.0156598029165202
2dd3083ce08ecb620a633b37,0,19858.0109432049,3.5664418,-0.60901257,23.867197,0.0,2.01735677713904
2dd3083ce08ecb620a633b37,0,19868.0109436798,3.5657723,-0.61275604,23.93836,0.0,2.01905355850368
2dd3083ce08ecb620a633b37,0,19878.0109441548,3.5651028,-0.6096037599999999,23.819754,0.0,2.0207504156064098
2dd3083ce08ecb620a633b37,0,19888.0109446298,3.5643547,-0.61157367,23.883011,0.0,2.0224471894210003
2dd3083ce08ecb620a633b37,0,19898.0109451048,3.5636852,-0.6125589,23.99371,0.0,2.0241441259942903
2dd3083ce08ecb620a633b37,0,19908.0109455797,3.5629368,-0.61039172,23.827662,0.0,2.02584106387796
2dd3083ce08ecb620a633b37,0,19918.0109460547,3.5621886,-0.6109827299999999,23.851381,0.0,2.02753796006293
2dd3083ce08ecb620a633b37,0,19928.0109465297,3.5615585,-0.61157385,23.80394,0.0,2.0292349289294402
2dd3083ce08ecb620a633b37,0,19938.0109470047,3.560889,-0.6076336099999999,23.859289,0.0,2.0309319403684403
2dd3083ce08ecb620a633b37,0,19948.0109474796,3.5601802,-0.6088156699999999,23.843475,0.0,2.03262884027431
2dd3083ce08ecb620a633b37,0,19958.0109479546,3.5593138,-0.6111798700000001,23.977896,0.0,2.03432578735686
2dd3083ce08ecb620a633b37,0,19968.0109484296,3.5587626,-0.61275592,24.009525,0.0,2.0360227561073
2dd3083ce08ecb620a633b37,0,19978.0109489046,3.5580142,-0.61019482,23.954174,0.0,2.03771958257262
2dd3083ce08ecb620a633b37,0,19988.0109493795,3.557266,-0.61236188,23.930454,0.0,2.03941650830257
2dd3083ce08ecb620a633b37,0,19998.0109498545,3.5564783,-0.61039172,23.883011,0.0,2.04111335359391
2dd3083ce08ecb620a633b37,0,20008.0109503295,3.5557694,-0.6094068,24.191387,0.0,2.04281029454287
2dd3083ce08ecb620a633b37,0,20018.0109508045,3.5550213,-0.6119679,24.136038,0.0,2.04450731571536
2dd3083ce08ecb620a633b37,0,20028.0109512794,3.5543518,-0.61255896,24.10441,0.0,2.04620431313635
2dd3083ce08ecb620a633b37,0,20038.0109517544,3.5535641,-0.61255878,23.985804,0.0,2.04790128790421
2dd3083ce08ecb620a633b37,0,20048.0109522294,3.552737,-0.6109829099999999,23.898825,0.0,2.04959821112002
2dd3083ce08ecb620a633b37,0,20058.0109527043,3.5521858,-0.61137677,23.99371,0.0,2.05129512394422
2dd3083ce08ecb620a633b37,0,20068.0109531793,3.55128,-0.61039178,23.819754,0.0,2.0529920727777697
2dd3083ce08ecb620a633b37,0,20078.0109536543,3.5506105,-0.61019476,23.977896,0.0,2.05468897848181
2dd3083ce08ecb620a633b37,0,20088.0109541293,3.5498621,-0.6080275900000001,24.033245,0.0,2.0563859538010902
2dd3083ce08ecb620a633b37,0,20098.0109546043,3.5489957,-0.60999786,23.835569,0.0,2.05808279164482
2dd3083ce08ecb620a633b37,0,20108.0109550792,3.5482869,-0.61058875,24.183481,0.0,2.0597797172730803
2dd3083ce08ecb620a633b37,0,20118.0109555542,3.5474994,-0.61098267,23.93836,0.0,2.06147663840914
2dd3083ce08ecb620a633b37,0,20128.0109560292,3.5467904,-0.61078571,24.001617,0.0,2.0631735024082
2dd3083ce08ecb620a633b37,0,20138.0109565041,3.5459635,-0.61216479,24.064875,0.0,2.06487025072272
2dd3083ce08ecb620a633b37,0,20148.0109569791,3.5452151,-0.60999768,23.954174,0.0,2.06656692340633
2dd3083ce08ecb620a633b37,0,20158.0109574541,3.5445063,-0.61334686,24.112318,0.0,2.0682637401246105
2dd3083ce08ecb620a633b37,0,20168.0109579291,3.5436792,-0.61117981,23.985804,0.0,2.0699606951915697
2dd3083ce08ecb620a633b37,0,20178.0109584041,3.5428131,-0.6131499,23.977896,0.0,2.07165765233469
2dd3083ce08ecb620a633b37,0,20188.010958879,3.5421436,-0.6092095900000001,23.843475,0.0,2.07335454074564
2dd3083ce08ecb620a633b37,0,20198.010959354,3.5410802,-0.61236188,24.072783,0.0,2.07505144611863
2dd3083ce08ecb620a633b37,0,20208.010959829,3.5404894,-0.6121649200000001,23.890917,0.0,2.07674798329938
2dd3083ce08ecb620a633b37,0,20218.0109603039,3.5395837,-0.6109827299999999,23.954174,0.0,2.0784446493062303
2dd3083ce08ecb620a633b37,0,20228.0109607789,3.5386779,-0.61019476,24.033245,0.0,2.08014133742614
2dd3083ce08ecb620a633b37,0,20238.0109612539,3.5378902,-0.61137677,23.977896,0.0,2.0818380265333998
2dd3083ce08ecb620a633b37,0,20248.0109617289,3.537142,-0.61098279,23.827662,0.0,2.08353463299946
2dd3083ce08ecb620a633b37,0,20258.0109622038,3.5362363,-0.61058875,24.072783,0.0,2.085231208711
2dd3083ce08ecb620a633b37,0,20268.0109626788,3.5355275,-0.61078577,23.827662,0.0,2.08692764661895
2dd3083ce08ecb620a633b37,0,20278.0109631538,3.5345821,-0.61019476,23.99371,0.0,2.0886240901126
2dd3083ce08ecb620a633b37,0,20288.0109636288,3.5338733,-0.6109827299999999,24.120224,0.0,2.0903205447701296
2dd3083ce08ecb620a633b37,0,20298.0109641037,3.5329282,-0.61117975,23.890917,0.0,2.09201702493058
2dd3083ce08ecb620a633b37,0,20308.0109645787,3.5321405,-0.6098006,23.922546,0.0,2.09371351866539
2dd3083ce08ecb620a633b37,0,20318.0109650537,3.5311954,-0.61177087,24.041153,0.0,2.0954100877052704
2dd3083ce08ecb620a633b37,0,20328.0109655287,3.5304472,-0.6099978,24.088594,0.0,2.09710676981197
2dd3083ce08ecb620a633b37,0,20338.0109660036,3.5296202,-0.6113768300000001,24.009525,0.0,2.0988032886108
2dd3083ce08ecb620a633b37,0,20348.0109664786,3.5287931,-0.61058862,24.143946,0.0,2.10049983170935
2dd3083ce08ecb620a633b37,0,20358.0109669536,3.5280056,-0.6113768300000001,24.183481,0.0,2.10219647200195
2dd3083ce08ecb620a633b37,0,20368.0109674286,3.5269816,-0.61157385,23.977896,0.0,2.1038930283456296
2dd3083ce08ecb620a633b37,0,20378.0109679035,3.5262728,-0.6107858300000001,24.049061,0.0,2.1055895178126898
2dd3083ce08ecb620a633b37,0,20388.0109683785,3.5253277,-0.6107858300000001,24.096502,0.0,2.1072860861952
2dd3083ce08ecb620a633b37,0,20398.0109688535,3.5245793,-0.61098285,24.017431,0.0,2.10898256964409
2dd3083ce08ecb620a633b37,0,20408.0109693285,3.5236735,-0.61039185,24.167665,0.0,2.11067909270931
2dd3083ce08ecb620a633b37,0,20418.0109698034,3.5228465,-0.61098279,23.906733,0.0,2.1123757139577504
2dd3083ce08ecb620a633b37,0,20428.0109702784,3.522059,-0.61039166,24.001617,0.0,2.11407222969329
2dd3083ce08ecb620a633b37,0,20438.0109707534,3.5212712,-0.6107858300000001,23.99371,0.0,2.1157687788119404
2dd3083ce08ecb620a633b37,0,20448.0109712284,3.5203261,-0.60999762,23.883011,0.0,2.11746531162078
2dd3083ce08ecb620a633b37,0,20458.0109717033,3.5195386,-0.6101947,24.041153,0.0,2.11916177339165
2dd3083ce08ecb620a633b37,0,20468.0109721783,3.5187509,-0.6101947,23.985804,0.0,2.12085836180331
2dd3083ce08ecb620a633b37,0,20478.0109726533,3.5179238,-0.60980072,24.033245,0.0,2.1225549923535802
2dd3083ce08ecb620a633b37,0,20488.0109731283,3.5171363,-0.61019489,24.033245,0.0,2.12425160648359
2dd3083ce08ecb620a633b37,0,20498.0109736032,3.5163093,-0.61019476,24.29418,0.0,2.1259481386307004
2dd3083ce08ecb620a633b37,0,20508.0109740782,3.5155215,-0.61137677,23.827662,0.0,2.1276448001527504
2dd3083ce08ecb620a633b37,0,20518.0109745532,3.514852,-0.6107858300000001,24.049061,0.0,2.12934143431002
2dd3083ce08ecb620a633b37,0,20528.0109750282,3.5141826,-0.60999762,24.033245,0.0,2.13103797718508
2dd3083ce08ecb620a633b37,0,20538.0109755031,3.5134344,-0.61117981,23.962082,0.0,2.1327344376413597
2dd3083ce08ecb620a633b37,0,20548.0109759781,3.5126467,-0.6101947,24.12813,0.0,2.13443103622558
2dd3083ce08ecb620a633b37,0,20558.0109764531,3.5119772,-0.61039185,24.064875,0.0,2.13612770672457
2dd3083ce08ecb620a633b37,0,20568.010976928,3.5113077,-0.6099977400000001,24.143946,0.0,2.1378243635382
2dd3083ce08ecb620a633b37,0,20578.010977403,3.5106382,-0.61039172,24.049061,0.0,2.1395209883970403
2dd3083ce08ecb620a633b37,0,20588.010977878,3.5103626,-0.6210304,23.93836,0.0,2.14121822892018
2dd3083ce08ecb620a633b37,0,20598.010978353,3.5097325,-0.62221259,23.962082,0.0,2.1429158427634905
2dd3083ce08ecb620a633b37,0,20608.010978828,3.5091813,-0.61807507,24.230923,0.0,2.1446135945300897
2dd3083ce08ecb620a633b37,0,20618.0109793029,3.5086298,-0.60723956,24.009525,0.0,2.14631139762637
2dd3083ce08ecb620a633b37,0,20628.0109797779,3.5079997,-0.62024219,24.041153,0.0,2.1480093342512903
2dd3083ce08ecb620a633b37,0,20638.0109802529,3.5074484,-0.61472614,23.898825,0.0,2.14970722217596
2dd3083ce08ecb620a633b37,0,20648.0109807278,3.5071335,-0.60960382,24.12813,0.0,2.1514048570342603
2dd3083ce08ecb620a633b37,0,20658.0109812028,3.506582,-0.60980103,23.890917,0.0,2.15310243541571
2dd3083ce08ecb620a633b37,0,20668.0109816778,3.5058732,-0.60960364,23.99371,0.0,2.15479949815944
2dd3083ce08ecb620a633b37,0,20678.0109821528,3.5052824,-0.61098279,24.064875,0.0,2.15649660753312
2dd3083ce08ecb620a633b37,0,20688.0109826278,3.5048099,-0.61157385,24.080688,0.0,2.15819364324418
2dd3083ce08ecb620a633b37,0,20698.0109831027,3.504298,-0.61117969,24.246738,0.0,2.15989073729817
2dd3083ce08ecb620a633b37,0,20708.0109835777,3.5038254,-0.60999786,24.096502,0.0,2.16158787239742
2dd3083ce08ecb620a633b37,0,20718.0109840527,3.5034709,-0.6080274,24.056967,0.0,2.16328493984937
2dd3083ce08ecb620a633b37,0,20728.0109845276,3.5029197,-0.6131500200000001,24.064875,0.0,2.16498202820891
2dd3083ce08ecb620a633b37,0,20738.0109850026,3.5024865,-0.61295288,24.199295,0.0,2.16667900765916
2dd3083ce08ecb620a633b37,0,20748.0109854776,3.5020137,-0.61137677,24.017431,0.0,2.16837619179158
2dd3083ce08ecb620a633b37,0,20758.0109859526,3.5015018,-0.61117969,24.049061,0.0,2.17007339572675
2dd3083ce08ecb620a633b37,0,20768.0109864275,3.5010686,-0.61216486,24.136038,0.0,2.17177045518143
2dd3083ce08ecb620a633b37,0,20778.0109869025,3.5007143,-0.60980078,23.867197,0.0,2.17346752646419
2dd3083ce08ecb620a633b37,0,20788.0109873775,3.5001628,-0.61019476,24.056967,0.0,2.17516457585014
2dd3083ce08ecb620a633b37,0,20798.0109878525,3.4998479,-0.6090127,24.009525,0.0,2.1768615959037203
2dd3083ce08ecb620a633b37,0,20808.0109883274,3.4992964,-0.60920972,24.143946,0.0,2.1785585311331803
2dd3083ce08ecb620a633b37,0,20818.0109888024,3.4988239,-0.61039185,24.136038,0.0,2.18025556246917
2dd3083ce08ecb620a633b37,0,20828.0109892774,3.4984696,-0.61039166,24.246738,0.0,2.18195267249623
2dd3083ce08ecb620a633b37,0,20838.0109897524,3.4980757,-0.60783044,24.056967,0.0,2.18364974421718
2dd3083ce08ecb620a633b37,0,20848.0109902273,3.4977212,-0.6131499,23.977896,0.0,2.1853468181293003
2dd3083ce08ecb620a633b37,0,20858.0109907023,3.4972093,-0.61117975,24.033245,0.0,2.18704395650454
2dd3083ce08ecb620a633b37,0,20868.0109911773,3.4968548,-0.61019464,24.191387,0.0,2.1887411206030203
2dd3083ce08ecb620a633b37,0,20878.0109916523,3.4964216,-0.61177069,23.99371,0.0,2.19043825985578
2dd3083ce08ecb620a633b37,0,20888.0109921272,3.4960673,-0.60940662,23.96999,0.0,2.1921353017022303
2dd3083ce08ecb620a633b37,0,20898.0109926022,3.4955947,-0.61236188,24.112318,0.0,2.1938324098713102
2dd3083ce08ecb620a633b37,0,20908.0109930772,3.4950826,-0.61078589,24.215109,0.0,2.1955293583459703
2dd3083ce08ecb620a633b37,0,20918.0109935522,3.4947677,-0.60980072,24.096502,0.0,2.19722635552764
2dd3083ce08ecb620a633b37,0,20928.0109940271,3.4942951,-0.60999762,24.112318,0.0,2.19892333541249
2dd3083ce08ecb620a633b37,0,20938.0109945021,3.4939406,-0.6107858300000001,24.136038,0.0,2.20062047335042
2dd3083ce08ecb620a633b37,0,20948.0109949771,3.4935861,-0.6107858300000001,23.954174,0.0,2.20231756159247
2dd3083ce08ecb620a633b37,0,20958.0109954521,3.4929955,-0.6131499,24.049061,0.0,2.20401473269514
2dd3083ce08ecb620a633b37,0,20968.010995927,3.4926016,-0.61236188,24.207203,0.0,2.205711897341
2dd3083ce08ecb620a633b37,0,20978.010996402,3.4921684,-0.60960382,24.009525,0.0,2.20740902105475
2dd3083ce08ecb620a633b37,0,20988.010996877,3.4917746,-0.61098285,23.977896,0.0,2.2091059930635804
2dd3083ce08ecb620a633b37,0,20998.010997352,3.4912627,-0.61314996,24.215109,0.0,2.21080311535471
2dd3083ce08ecb620a633b37,0,21008.0109978269,3.4909477,-0.6131499,24.001617,0.0,2.21250001841884
2dd3083ce08ecb620a633b37,0,21018.0109983019,3.4904356,-0.61334692,24.191387,0.0,2.21419696120459
2dd3083ce08ecb620a633b37,0,21028.0109987769,3.4900813,-0.61117975,24.238831,0.0,2.21589398991824
2dd3083ce08ecb620a633b37,0,21038.0109992519,3.4895692,-0.6115737299999999,24.10441,0.0,2.21759103395185
2dd3083ce08ecb620a633b37,0,21048.0109997268,3.4892542,-0.60881561,24.167665,0.0,2.21928800903302
2dd3083ce08ecb620a633b37,0,21058.0110002018,3.4887028,-0.61019482,24.230923,0.0,2.2209850038094703
2dd3083ce08ecb620a633b37,0,21068.0110006768,3.4882696,-0.60980084,24.009525,0.0,2.22268204883144
2dd3083ce08ecb620a633b37,0,21078.0110011517,3.487797,-0.60920972,24.088594,0.0,2.22437906572156
2dd3083ce08ecb620a633b37,0,21088.0110016267,3.4873245,-0.61039197,24.033245,0.0,2.2260760630213
2dd3083ce08ecb620a633b37,0,21098.0110021017,3.4869306,-0.6113768900000001,24.088594,0.0,2.2277729748429302
2dd3083ce08ecb620a633b37,0,21108.0110025767,3.4864187,-0.61137677,24.136038,0.0,2.22946993897721
2dd3083ce08ecb620a633b37,0,21118.0110030517,3.4859462,-0.6131499,24.080688,0.0,2.23116693167537
2dd3083ce08ecb620a633b37,0,21128.0110035266,3.4854736,-0.6107856399999999,24.10441,0.0,2.23286390653089
2dd3083ce08ecb620a633b37,0,21138.0110040016,3.4850798,-0.61334705,23.898825,0.0,2.2345610281772803
2dd3083ce08ecb620a633b37,0,21148.0110044766,3.4846072,-0.61177087,24.15976,0.0,2.23625799581939
2dd3083ce08ecb620a633b37,0,21158.0110049515,3.4840558,-0.61137677,24.017431,0.0,2.23795518783063
2dd3083ce08ecb620a633b37,0,21168.0110054265,3.4836228,-0.61255878,24.072783,0.0,2.23965229655113
2dd3083ce08ecb620a633b37,0,21178.0110059015,3.4831896,-0.61334705,23.977896,0.0,2.2413495236940797
2dd3083ce08ecb620a633b37,0,21188.0110063765,3.4825988,-0.61255896,23.898825,0.0,2.24304650019347
2dd3083ce08ecb620a633b37,0,21198.0110068515,3.4822049,-0.61334692,23.922546,0.0,2.2447435882288502
2dd3083ce08ecb620a633b37,0,21208.0110073264,3.481693,-0.61137677,24.064875,0.0,2.24644067593722
2dd3083ce08ecb620a633b37,0,21218.0110078014,3.4811022,-0.61177081,23.898825,0.0,2.24813770344519
2dd3083ce08ecb620a633b37,0,21228.0110082764,3.4807084,-0.6109829099999999,24.033245,0.0,2.2498354676868897
2dd3083ce08ecb620a633b37,0,21238.0110087513,3.4803541,-0.612953,23.883011,0.0,2.25153329573753
2dd3083ce08ecb620a633b37,0,21248.0110092263,3.4798419,-0.6098006,24.215109,0.0,2.25323103240176
2dd3083ce08ecb620a633b37,0,21258.0110097013,3.4792907,-0.60960364,23.977896,0.0,2.25492862939944
2dd3083ce08ecb620a633b37,0,21268.0110101763,3.4787788,-0.60980078,23.890917,0.0,2.25662633617488
2dd3083ce08ecb620a633b37,0,21278.0110106512,3.4782667,-0.60940662,23.96999,0.0,2.2583240760149
2dd3083ce08ecb620a633b37,0,21288.0110111262,3.4779124,-0.6107858300000001,23.954174,0.0,2.26002188272311
2dd3083ce08ecb620a633b37,0,21298.0110116012,3.477361,-0.6094067400000001,24.072783,0.0,2.2617195248217
2dd3083ce08ecb620a633b37,0,21308.0110120762,3.4767704,-0.61236188,24.001617,0.0,2.26341732299051
2dd3083ce08ecb620a633b37,0,21318.0110125511,3.4763372,-0.6137409699999999,23.946268,0.0,2.26511518814981
2dd3083ce08ecb620a633b37,0,21328.0110130261,3.4758646,-0.6135439500000001,24.151852,0.0,2.2668129974904603
2dd3083ce08ecb620a633b37,0,21338.0110135011,3.4753919,-0.61137671,23.954174,0.0,2.26851079194528
2dd3083ce08ecb620a633b37,0,21348.0110139761,3.4748013,-0.6082246099999999,24.112318,0.0,2.27020866705884
2dd3083ce08ecb620a633b37,0,21358.011014451,3.4743288,-0.61374103,24.096502,0.0,2.27190650157426
2dd3083ce08ecb620a633b37,0,21368.011014926,3.4738955,-0.61157385,23.851381,0.0,2.27360438249582
2dd3083ce08ecb620a633b37,0,21378.011015401,3.4733441,-0.61196777,23.914639,0.0,2.27530222181928
2dd3083ce08ecb620a633b37,0,21388.011015876,3.4728322,-0.60920972,23.985804,0.0,2.27699996624873
2dd3083ce08ecb620a633b37,0,21398.0110163509,3.4722021,-0.6094066800000001,24.025337,0.0,2.27869772207067
2dd3083ce08ecb620a633b37,0,21408.0110168259,3.4717689,-0.6099978,23.898825,0.0,2.28039550612476
2dd3083ce08ecb620a633b37,0,21418.0110173009,3.4712963,-0.6131498400000001,23.835569,0.0,2.28209324267173
2dd3083ce08ecb620a633b37,0,21428.0110177759,3.4706662,-0.61039166,24.001617,0.0,2.2837910383254196
2dd3083ce08ecb620a633b37,0,21438.0110182508,3.4702723,-0.612362,24.136038,0.0,2.2854889005273
2dd3083ce08ecb620a633b37,0,21448.0110187258,3.4696422,-0.61354407,24.033245,0.0,2.2871867919490403
2dd3083ce08ecb620a633b37,0,21458.0110192008,3.4690909,-0.61236194,24.009525,0.0,2.2888846372970804
2dd3083ce08ecb620a633b37,0,21468.0110196758,3.4684608,-0.60999786,24.262552,0.0,2.2905824338234
2dd3083ce08ecb620a633b37,0,21478.0110201507,3.4680276,-0.6111798700000001,23.811848,0.0,2.2922802495041803
2dd3083ce08ecb620a633b37,0,21488.0110206257,3.4674764,-0.6099977400000001,24.017431,0.0,2.2939781514340103
2dd3083ce08ecb620a633b37,0,21498.0110211007,3.4669642,-0.6127558000000001,24.056967,0.0,2.29567620659745
2dd3083ce08ecb620a633b37,0,21508.0110215757,3.4664524,-0.61157367,24.10441,0.0,2.29737413456969
2dd3083ce08ecb620a633b37,0,21518.0110220506,3.4659011,-0.61117969,24.041153,0.0,2.29907202226684
2dd3083ce08ecb620a633b37,0,21528.0110225256,3.4653103,-0.61058875,23.875103,0.0,2.30076990755821
2dd3083ce08ecb620a633b37,0,21538.0110230006,3.4647985,-0.61334692,24.009525,0.0,2.30246787876247
2dd3083ce08ecb620a633b37,0,21548.0110234756,3.4641683,-0.6119679,23.883011,0.0,2.3041658589446903
2dd3083ce08ecb620a633b37,0,21558.0110239505,3.4636562,-0.61058875,24.151852,0.0,2.30586370954307
2dd3083ce08ecb620a633b37,0,21568.0110244255,3.463105,-0.60960364,24.207203,0.0,2.30756156714344
2dd3083ce08ecb620a633b37,0,21578.0110249005,3.4624355,-0.6119680200000001,24.033245,0.0,2.30925930806141
2dd3083ce08ecb620a633b37,0,21588.0110253755,3.4618447,-0.61117963,23.819754,0.0,2.31095718185959
2dd3083ce08ecb620a633b37,0,21598.0110258504,3.4612935,-0.6090127599999999,23.906733,0.0,2.31265502041638
2dd3083ce08ecb620a633b37,0,21608.0110263254,3.4607027,-0.6111798700000001,23.93836,0.0,2.31435287790238
2dd3083ce08ecb620a633b37,0,21618.0110268004,3.4601119,-0.6115739099999999,23.962082,0.0,2.3160509117151102
2dd3083ce08ecb620a633b37,0,21628.0110272754,3.4594424,-0.61433209,23.985804,0.0,2.31774871710248
2dd3083ce08ecb620a633b37,0,21638.0110277503,3.4588912,-0.61334705,23.946268,0.0,2.3194465787495804
2dd3083ce08ecb620a633b37,0,21648.0110282253,3.4583004,-0.6119678300000001,23.954174,0.0,2.32114431682748
2dd3083ce08ecb620a633b37,0,21658.0110287003,3.4575915,-0.61098285,24.12813,0.0,2.32284208260066
2dd3083ce08ecb620a633b37,0,21668.0110291752,3.4573159,-0.6135440099999999,23.93836,0.0,2.3245406378565
2dd3083ce08ecb620a633b37,0,21678.0110296502,3.4568434,-0.61866589,23.930454,0.0,2.32623903135504
2dd3083ce08ecb620a633b37,0,21688.0110301252,3.4561739,-0.61137695,24.10441,0.0,2.3279376766975504
2dd3083ce08ecb620a633b37,0,21698.0110306002,3.4556618,-0.6113773200000001,23.962082,0.0,2.3296360815838897
2dd3083ce08ecb620a633b37,0,21708.0110310752,3.4550712,-0.6042843,23.914639,0.0,2.33133449761755
2dd3083ce08ecb620a633b37,0,21718.0110315501,3.4544017,-0.61551379,23.780218,0.0,2.33303282258815
2dd3083ce08ecb620a633b37,0,21728.0110320251,3.4537716,-0.6131499,23.701147,0.0,2.33473158362422
2dd3083ce08ecb620a633b37,0,21738.0110325001,3.4530628,-0.61413483,24.199295,0.0,2.3364299202092704
2dd3083ce08ecb620a633b37,0,21748.011032975,3.452472,-0.6040874,24.025337,0.0,2.33812883020222
2dd3083ce08ecb620a633b37,0,21758.01103345,3.4517632,-0.6086189000000001,23.796034,0.0,2.3398269449477698
2dd3083ce08ecb620a633b37,0,21768.011033925,3.4506211,-0.6127559800000001,23.946268,0.0,2.34152485730766
2dd3083ce08ecb620a633b37,0,21778.0110344,3.4497547,-0.61098285,23.740683,0.0,2.3432221359467498
2dd3083ce08ecb620a633b37,0,21788.0110348749,3.448967,-0.61117981,23.764404,0.0,2.34491934398796
2dd3083ce08ecb620a633b37,0,21798.0110353499,3.4481795,-0.61078577,23.819754,0.0,2.3466165398840597
2dd3083ce08ecb620a633b37,0,21808.0110358249,3.4473524,-0.61039172,23.819754,0.0,2.3483137351206
2dd3083ce08ecb620a633b37,0,21818.0110362999,3.446486,-0.61157385,23.883011,0.0,2.3500108588897604
2dd3083ce08ecb620a633b37,0,21828.0110367748,3.4456196,-0.61117981,23.716961,0.0,2.35170795156727
2dd3083ce08ecb620a633b37,0,21838.0110372498,3.4447532,-0.61117981,24.033245,0.0,2.35340507051614
2dd3083ce08ecb620a633b37,0,21848.0110377248,3.4438868,-0.6111798700000001,23.906733,0.0,2.35510216090389
2dd3083ce08ecb620a633b37,0,21858.0110381998,3.4430203,-0.61019482,23.954174,0.0,2.35679922764488
2dd3083ce08ecb620a633b37,0,21868.0110386747,3.4419177,-0.61098279,23.827662,0.0,2.35849639420955
2dd3083ce08ecb620a633b37,0,21878.0110391497,3.4410512,-0.61177087,23.883011,0.0,2.3601936176891
2dd3083ce08ecb620a633b37,0,21888.0110396247,3.4400668,-0.6107858300000001,23.764404,0.0,2.36189063944874
2dd3083ce08ecb620a633b37,0,21898.0110400997,3.4390035,-0.61117981,23.96999,0.0,2.3635876363604997
2dd3083ce08ecb620a633b37,0,21908.0110405746,3.4379008,-0.61117975,23.859289,0.0,2.36528467201907
2dd3083ce08ecb620a633b37,0,21918.0110410496,3.436877,-0.61098285,24.001617,0.0,2.36698163927421
2dd3083ce08ecb620a633b37,0,21928.0110415246,3.4356954,-0.60980072,24.056967,0.0,2.36867862557223
2dd3083ce08ecb620a633b37,0,21938.0110419996,3.4344354,-0.61058868,24.033245,0.0,2.3703757016230202
2dd3083ce08ecb620a633b37,0,21948.0110424745,3.4332538,-0.61117981,23.914639,0.0,2.3720727994528104
2dd3083ce08ecb620a633b37,0,21958.0110429495,3.4319541,-0.61058875,23.977896,0.0,2.37376972292354
2dd3083ce08ecb620a633b37,0,21968.0110434245,3.4306941,-0.61019464,23.96999,0.0,2.37546671458403
2dd3083ce08ecb620a633b37,0,21978.0110438995,3.4292762,-0.6107858300000001,23.772312,0.0,2.3771636722076
2dd3083ce08ecb620a633b37,0,21988.0110443744,3.4278193,-0.61078577,23.922546,0.0,2.3788606221649404
2dd3083ce08ecb620a633b37,0,21998.0110448494,3.426441,-0.6099977400000001,23.962082,0.0,2.38055750918141
2dd3083ce08ecb620a633b37,0,22008.0110453244,3.4249051,-0.61098285,23.946268,0.0,2.38225434629295
2dd3083ce08ecb620a633b37,0,22018.0110457994,3.4233298,-0.61098279,23.890917,0.0,2.38395123627078
2dd3083ce08ecb620a633b37,0,22028.0110462743,3.4217544,-0.61157397,24.009525,0.0,2.38564807261314
2dd3083ce08ecb620a633b37,0,22038.0110467493,3.4201005,-0.61117975,24.112318,0.0,2.38734493884249
2dd3083ce08ecb620a633b37,0,22048.0110472243,3.4183283,-0.60980072,23.875103,0.0,2.38904193061315
2dd3083ce08ecb620a633b37,0,22058.0110476993,3.4165955,-0.61058875,24.12813,0.0,2.39073881993719
2dd3083ce08ecb620a633b37,0,22068.0110481742,3.4148626,-0.6111798700000001,24.080688,0.0,2.3924357344352103
2dd3083ce08ecb620a633b37,0,22078.0110486492,3.4130905,-0.6113768300000001,24.12813,0.0,2.39413287561251
2dd3083ce08ecb620a633b37,0,22088.0110491242,3.4111214,-0.6107858300000001,23.890917,0.0,2.3958299664391003
2dd3083ce08ecb620a633b37,0,22098.0110495992,3.4092705,-0.61098285,24.246738,0.0,2.39752709863908
2dd3083ce08ecb620a633b37,0,22108.0110500741,3.4074197,-0.6098006,24.088594,0.0,2.39922424999124
2dd3083ce08ecb620a633b37,0,22118.0110505491,3.4054899,-0.6113768300000001,24.151852,0.0,2.40092144797111
2dd3083ce08ecb620a633b37,0,22128.0110510241,3.404151,-0.60980072,24.033245,0.0,2.4026182923867703
2dd3083ce08ecb620a633b37,0,22138.011051499,3.4024181,-0.6172870500000001,24.088594,0.0,2.40431517511755
2dd3083ce08ecb620a633b37,0,22148.011051974,3.4006066,-0.60999786,24.183481,0.0,2.4060122927200602
2dd3083ce08ecb620a633b37,0,22158.011052449,3.3989131,-0.6111795,24.183481,0.0,2.40770946690771
2dd3083ce08ecb620a633b37,0,22168.011052924,3.3970623,-0.61236212,24.072783,0.0,2.4094063754526003
2dd3083ce08ecb620a633b37,0,22178.011053399,3.3953688,-0.61255853,24.056967,0.0,2.41110339390071
2dd3083ce08ecb620a633b37,0,22188.0110538739,3.3935966,-0.61649896,24.080688,0.0,2.412799938206
2dd3083ce08ecb620a633b37,0,22198.0110543489,3.3916278,-0.6109827299999999,23.890917,0.0,2.41449654324432
2dd3083ce08ecb620a633b37,0,22208.0110548239,3.3897374,-0.61058875,23.954174,0.0,2.4161930700162704
2dd3083ce08ecb620a633b37,0,22218.0110552989,3.3880439,-0.61098285,24.072783,0.0,2.41788959174231
2dd3083ce08ecb620a633b37,0,22228.0110557738,3.3862717,-0.6135439500000001,24.112318,0.0,2.41958606903655
2dd3083ce08ecb620a633b37,0,22238.0110562488,3.3846178,-0.61117963,24.088594,0.0,2.4212825393244004
2dd3083ce08ecb620a633b37,0,22248.0110567238,3.3829243,-0.6107855799999999,24.143946,0.0,2.42297907495591
2dd3083ce08ecb620a633b37,0,22258.0110571987,3.3811915,-0.612953,24.072783,0.0,2.4246756470427
2dd3083ce08ecb620a633b37,0,22268.0110576737,3.3794982,-0.61058881,24.207203,0.0,2.4263722712171
2dd3083ce08ecb620a633b37,0,22278.0110581487,3.377923,-0.6125589,24.191387,0.0,2.42806881330416
2dd3083ce08ecb620a633b37,0,22288.0110586237,3.3763871,-0.60842163,24.167665,0.0,2.4297653362409
2dd3083ce08ecb620a633b37,0,22298.0110590986,3.374733,-0.6139381700000001,24.246738,0.0,2.4314618692461
2dd3083ce08ecb620a633b37,0,22308.0110595736,3.3731577,-0.6096035200000001,24.120224,0.0,2.4331583915278703
2dd3083ce08ecb620a633b37,0,22318.0110600486,3.3716218,-0.6080275900000001,24.215109,0.0,2.43485492442734
2dd3083ce08ecb620a633b37,0,22328.0110605236,3.3701255,-0.61039185,24.112318,0.0,2.43655141409169
2dd3083ce08ecb620a633b37,0,22338.0110609985,3.3686683,-0.60999762,24.357437,0.0,2.43824792914584
2dd3083ce08ecb620a633b37,0,22348.0110614735,3.3670931,-0.6086185900000001,24.262552,0.0,2.4399443168048003
2dd3083ce08ecb620a633b37,0,22358.0110619485,3.3657148,-0.60980072,24.215109,0.0,2.4416407811813303
2dd3083ce08ecb620a633b37,0,22368.0110624235,3.3643363,-0.6131499,24.096502,0.0,2.44333727620411
2dd3083ce08ecb620a633b37,0,22378.0110628984,3.3626823,-0.60940662,24.15976,0.0,2.4450337328117797
2dd3083ce08ecb620a633b37,0,22388.0110633734,3.3611465,-0.61255884,24.175573,0.0,2.4467302869432803
2dd3083ce08ecb620a633b37,0,22398.0110638484,3.3598862,-0.61334692,24.088594,0.0,2.44842677748168
2dd3083ce08ecb620a633b37,0,22408.0110643234,3.3583109,-0.6099977400000001,24.223017,0.0,2.4501233255919
2dd3083ce08ecb620a633b37,0,22418.0110647983,3.3570113,-0.61117975,24.333715,0.0,2.4518199548037303
2dd3083ce08ecb620a633b37,0,22428.0110652733,3.3556724,-0.61098285,24.286274,0.0,2.4535165154991603
2dd3083ce08ecb620a633b37,0,22438.0110657483,3.3542941,-0.61117975,24.302086,0.0,2.4552129819585398
2dd3083ce08ecb620a633b37,0,22448.0110662233,3.3528764,-0.61019476,24.199295,0.0,2.45690957680758
2dd3083ce08ecb620a633b37,0,22458.0110666982,3.3514979,-0.61058881,24.365343,0.0,2.4586061520579303
2dd3083ce08ecb620a633b37,0,22468.0110671732,3.3502772,-0.60901257,24.238831,0.0,2.46030263307301
2dd3083ce08ecb620a633b37,0,22478.0110676482,3.3488989,-0.611771,24.341623,0.0,2.4619991467047697
2dd3083ce08ecb620a633b37,0,22488.0110681232,3.347481,-0.61078589,24.278366,0.0,2.46369557375993
2dd3083ce08ecb620a633b37,0,22498.0110685981,3.3462996,-0.6094068,24.436508,0.0,2.4653918603969602
2dd3083ce08ecb620a633b37,0,22508.0110690731,3.345,-0.6107856399999999,24.4286,0.0,2.46708846443297
2dd3083ce08ecb620a633b37,0,22518.0110695481,3.3437397,-0.61098285,24.412788,0.0,2.4687850592832303
2dd3083ce08ecb620a633b37,0,22528.0110700231,3.3424797,-0.60980066,24.207203,0.0,2.4704817676303
2dd3083ce08ecb620a633b37,0,22538.011070498,3.3412981,-0.6092095900000001,24.199295,0.0,2.4721783742941503
2dd3083ce08ecb620a633b37,0,22548.011070973,3.3400381,-0.61295294,24.064875,0.0,2.4738749324709004
2dd3083ce08ecb620a633b37,0,22558.011071448,3.3389354,-0.61117963,24.547209,0.0,2.47557165624304
2dd3083ce08ecb620a633b37,0,22568.011071923,3.3375964,-0.6090126299999999,24.112318,0.0,2.4772682134398303
2dd3083ce08ecb620a633b37,0,22578.0110723979,3.3364937,-0.61236206,24.120224,0.0,2.4789648827116797
2dd3083ce08ecb620a633b37,0,22588.0110728729,3.3352728,-0.60842157,24.396973,0.0,2.4806615207913802
2dd3083ce08ecb620a633b37,0,22598.0110733479,3.3342094,-0.61098267,24.357437,0.0,2.48235814945786
2dd3083ce08ecb620a633b37,0,22608.0110738229,3.333107,-0.60881561,24.555115,0.0,2.48405481708973
2dd3083ce08ecb620a633b37,0,22618.0110742978,3.3319647,-0.60920972,24.302086,0.0,2.4857515481988397
2dd3083ce08ecb620a633b37,0,22628.0110747728,3.3308227,-0.60822449,24.341623,0.0,2.4874482081695803
2dd3083ce08ecb620a633b37,0,22638.0110752478,3.3297989,-0.60999786,24.215109,0.0,2.48914479852908
2dd3083ce08ecb620a633b37,0,22648.0110757227,3.3286963,-0.60861865,24.309996,0.0,2.4908414815924997
2dd3083ce08ecb620a633b37,0,22658.0110761977,3.327554,-0.6101947,24.10441,0.0,2.4925386450498
2dd3083ce08ecb620a633b37,0,22668.0110766727,3.3266089,-0.61157385,24.483952,0.0,2.4942358874184802
2dd3083ce08ecb620a633b37,0,22678.0110771477,3.3254669,-0.6099978,24.278366,0.0,2.4959330681709697
2dd3083ce08ecb620a633b37,0,22688.0110776227,3.3244429,-0.60842151,24.223017,0.0,2.49763052943823
2dd3083ce08ecb620a633b37,0,22698.0110780976,3.3235371,-0.6096037599999999,24.262552,0.0,2.49932771051943
2dd3083ce08ecb620a633b37,0,22708.0110785726,3.322474,-0.61137677,24.254644,0.0,2.50102498593868
2dd3083ce08ecb620a633b37,0,22718.0110790476,3.32145,-0.6135439500000001,24.254644,0.0,2.50272221231906
2dd3083ce08ecb620a633b37,0,22728.0110795225,3.320426,-0.61039166,24.286274,0.0,2.50441953480061
2dd3083ce08ecb620a633b37,0,22738.0110799975,3.3194022,-0.60861865,24.317902,0.0,2.50611679862626
2dd3083ce08ecb620a633b37,0,22748.0110804725,3.3184965,-0.61177081,24.357437,0.0,2.5078141149804303
2dd3083ce08ecb620a633b37,0,22758.0110809475,3.3175511,-0.6107856399999999,24.191387,0.0,2.50951136380204
2dd3083ce08ecb620a633b37,0,22768.0110814224,3.316488,-0.61117981,24.151852,0.0,2.51120851411902
2dd3083ce08ecb620a633b37,0,22778.0110818974,3.3155034,-0.61039178,24.136038,0.0,2.5129057723473003
2dd3083ce08ecb620a633b37,0,22788.0110823724,3.3145976,-0.6090127,24.278366,0.0,2.51460303605478
2dd3083ce08ecb620a633b37,0,22798.0110828474,3.3134556,-0.61255884,23.962082,0.0,2.5163003895193103
2dd3083ce08ecb620a633b37,0,22808.0110833223,3.3125892,-0.61058881,24.357437,0.0,2.5179977005178698
2dd3083ce08ecb620a633b37,0,22818.0110837973,3.3116047,-0.6099977400000001,24.215109,0.0,2.51969492504641
2dd3083ce08ecb620a633b37,0,22828.0110842723,3.3106594,-0.6111798700000001,24.191387,0.0,2.52139223077961
2dd3083ce08ecb620a633b37,0,22838.0110847473,3.3097143,-0.60980072,24.341623,0.0,2.52308954910935
2dd3083ce08ecb620a633b37,0,22848.0110852222,3.3087692,-0.60920966,24.223017,0.0,2.52478674824631
2dd3083ce08ecb620a633b37,0,22858.0110856972,3.3077846,-0.6098006,24.436508,0.0,2.5264840687592103
2dd3083ce08ecb620a633b37,0,22868.0110861722,3.3068001,-0.61177081,24.381159,0.0,2.5281812925203697
2dd3083ce08ecb620a633b37,0,22878.0110866472,3.3059731,-0.61157385,24.29418,0.0,2.52987851376104
2dd3083ce08ecb620a633b37,0,22888.0110871221,3.3049097,-0.60783044,24.262552,0.0,2.5315757883053798
2dd3083ce08ecb620a633b37,0,22898.0110875971,3.3039253,-0.6119680200000001,24.278366,0.0,2.53327304073516
2dd3083ce08ecb620a633b37,0,22908.0110880721,3.3030589,-0.61275592,24.136038,0.0,2.53497018109232
2dd3083ce08ecb620a633b37,0,22918.0110885471,3.3020349,-0.61157385,24.46023,0.0,2.5366673815364504
2dd3083ce08ecb620a633b37,0,22928.011089022,3.3010898,-0.6099978,24.468136,0.0,2.53836452670568
2dd3083ce08ecb620a633b37,0,22938.011089497,3.3000658,-0.61019482,24.302086,0.0,2.5400618119750904
2dd3083ce08ecb620a633b37,0,22948.011089972,3.2991207,-0.6090127599999999,24.199295,0.0,2.54175896195711
2dd3083ce08ecb620a633b37,0,22958.011090447,3.2982936,-0.6127559800000001,24.491858,0.0,2.5434560783492604
2dd3083ce08ecb620a633b37,0,22968.0110909219,3.2973485,-0.6096035200000001,24.254644,0.0,2.5451532200224003
2dd3083ce08ecb620a633b37,0,22978.0110913969,3.2963247,-0.6131499,24.309996,0.0,2.54685035994428
2dd3083ce08ecb620a633b37,0,22988.0110918719,3.2953401,-0.61098267,24.389065,0.0,2.5485476120509403
2dd3083ce08ecb620a633b37,0,22998.0110923469,3.2947493,-0.60999786,24.357437,0.0,2.5502450855900003
2dd3083ce08ecb620a633b37,0,23008.0110928218,3.2937648,-0.61965125,24.207203,0.0,2.5519431714069203
2dd3083ce08ecb620a633b37,0,23018.0110932968,3.2931347,-0.60999811,24.357437,0.0,2.5536410673250196
2dd3083ce08ecb620a633b37,0,23028.0110937718,3.2923076,-0.60586072,24.088594,0.0,2.5553387813396697
2dd3083ce08ecb620a633b37,0,23038.0110942468,3.2914019,-0.6105892900000001,24.112318,0.0,2.55703668614755
2dd3083ce08ecb620a633b37,0,23048.0110947217,3.290575,-0.61039185,24.278366,0.0,2.55873440990243
2dd3083ce08ecb620a633b37,0,23058.0110951967,3.2895904,-0.61078601,24.207203,0.0,2.5604323655899304
2dd3083ce08ecb620a633b37,0,23068.0110956717,3.2886846,-0.6076336099999999,24.207203,0.0,2.5621301988099
2dd3083ce08ecb620a633b37,0,23078.0110961467,3.2876608,-0.61058917,24.365343,0.0,2.56382790440968
2dd3083ce08ecb620a633b37,0,23088.0110966216,3.2867155,-0.61846942,24.270458,0.0,2.56552631123642
2dd3083ce08ecb620a633b37,0,23098.0110970966,3.2858491,-0.61334692,24.246738,0.0,2.56722409550841
2dd3083ce08ecb620a633b37,0,23108.0110975716,3.2843528,-0.6113768900000001,24.357437,0.0,2.56892193257153
2dd3083ce08ecb620a633b37,0,23118.0110980466,3.2832105,-0.61236188,24.143946,0.0,2.57061976712364
2dd3083ce08ecb620a633b37,0,23128.0110985215,3.2822261,-0.61177081,24.341623,0.0,2.5723175043749205
2dd3083ce08ecb620a633b37,0,23138.0110989965,3.2811234,-0.6119679,24.207203,0.0,2.5740151520914902
2dd3083ce08ecb620a633b37,0,23148.0110994715,3.2799814,-0.61058875,24.12813,0.0,2.5757129614687
2dd3083ce08ecb620a633b37,0,23158.0110999464,3.2789967,-0.61078577,24.238831,0.0,2.5774107569437903
2dd3083ce08ecb620a633b37,0,23168.0111004214,3.277894,-0.6113768300000001,24.215109,0.0,2.57910848412077
2dd3083ce08ecb620a633b37,0,23178.0111008964,3.2768309,-0.61039166,24.072783,0.0,2.58080615175458
2dd3083ce08ecb620a633b37,0,23188.0111013714,3.2758069,-0.6113768300000001,24.183481,0.0,2.5825038598881904
2dd3083ce08ecb620a633b37,0,23198.0111018464,3.2749798,-0.60940662,24.286274,0.0,2.58420149797081
2dd3083ce08ecb620a633b37,0,23208.0111023213,3.2738771,-0.61039178,24.223017,0.0,2.58589919494037
2dd3083ce08ecb620a633b37,0,23218.0111027963,3.2727351,-0.61177081,24.341623,0.0,2.5875968229547697
2dd3083ce08ecb620a633b37,0,23228.0111032713,3.2716324,-0.61117981,24.286274,0.0,2.58929446749839
2dd3083ce08ecb620a633b37,0,23238.0111037462,3.270648,-0.61137677,24.088594,0.0,2.59099210821183
2dd3083ce08ecb620a633b37,0,23248.0111042212,3.2695453,-0.61216486,24.143946,0.0,2.59268970963039
2dd3083ce08ecb620a633b37,0,23258.0111046962,3.2685213,-0.6113768300000001,24.262552,0.0,2.5943872879549
2dd3083ce08ecb620a633b37,0,23268.0111051712,3.267458,-0.61177087,24.064875,0.0,2.59608492198933
2dd3083ce08ecb620a633b37,0,23278.0111056462,3.2665915,-0.61157385,24.183481,0.0,2.59778257528546
2dd3083ce08ecb620a633b37,0,23288.0111061211,3.2653708,-0.6113768300000001,23.954174,0.0,2.59948025583475
2dd3083ce08ecb620a633b37,0,23298.0111065961,3.2644651,-0.61117975,24.357437,0.0,2.6011780273414704
2dd3083ce08ecb620a633b37,0,23308.0111070711,3.2634017,-0.61058881,24.175573,0.0,2.60287563784046
2dd3083ce08ecb620a633b37,0,23318.011107546,3.2623384,-0.61019464,24.064875,0.0,2.60457325819053
2dd3083ce08ecb620a633b37,0,23328.011108021,3.2612751,-0.61039166,24.270458,0.0,2.60627093338103
2dd3083ce08ecb620a633b37,0,23338.011108496,3.2602513,-0.6115739099999999,24.254644,0.0,2.60796859368604
2dd3083ce08ecb620a633b37,0,23348.011108971,3.2593455,-0.6099977400000001,24.309996,0.0,2.60966614136182
2dd3083ce08ecb620a633b37,0,23358.0111094459,3.2582428,-0.61098285,24.183481,0.0,2.61136369385778
2dd3083ce08ecb620a633b37,0,23368.0111099209,3.2570219,-0.60980072,24.396973,0.0,2.61306133982017
2dd3083ce08ecb620a633b37,0,23378.0111103959,3.2560375,-0.6113768300000001,24.112318,0.0,2.61475896247327
2dd3083ce08ecb620a633b37,0,23388.0111108709,3.2549741,-0.61137677,24.365343,0.0,2.61645651233774
2dd3083ce08ecb620a633b37,0,23398.0111113458,3.2540684,-0.6125590200000001,24.120224,0.0,2.61815413247547
2dd3083ce08ecb620a633b37,0,23408.0111118208,3.2529657,-0.6109827299999999,24.12813,0.0,2.61985163221285
2dd3083ce08ecb620a633b37,0,23418.0111122958,3.2517843,-0.6113768300000001,24.333715,0.0,2.6215491855865
2dd3083ce08ecb620a633b37,0,23428.0111127708,3.250721,-0.6107858300000001,24.29418,0.0,2.62324673162413
2dd3083ce08ecb620a633b37,0,23438.0111132457,3.2498152,-0.6113768900000001,24.4286,0.0,2.62494429221556
2dd3083ce08ecb620a633b37,0,23448.0111137207,3.2485943,-0.6096035799999999,24.041153,0.0,2.6266419083024997
2dd3083ce08ecb620a633b37,0,23458.0111141957,3.2476492,-0.61157385,24.191387,0.0,2.6283395564583203
2dd3083ce08ecb620a633b37,0,23468.0111146707,3.2464283,-0.60980072,24.436508,0.0,2.6300371841438
2dd3083ce08ecb620a633b37,0,23478.0111151456,3.2453651,-0.61058875,24.151852,0.0,2.63173479596475
2dd3083ce08ecb620a633b37,0,23488.0111156206,3.2442625,-0.60960364,24.357437,0.0,2.6334324643696703
2dd3083ce08ecb620a633b37,0,23498.0111160956,3.2431204,-0.6101947,24.333715,0.0,2.63513005593722
2dd3083ce08ecb620a633b37,0,23508.0111165706,3.2420964,-0.6119678300000001,24.396973,0.0,2.63682763393208
2dd3083ce08ecb620a633b37,0,23518.0111170455,3.241112,-0.6119680200000001,24.349531,0.0,2.63852519321315
2dd3083ce08ecb620a633b37,0,23528.0111175205,3.2398911,-0.61157385,24.491858,0.0,2.6402226992982203
2dd3083ce08ecb620a633b37,0,23538.0111179955,3.2387884,-0.61058868,24.420694,0.0,2.64192013894594
2dd3083ce08ecb620a633b37,0,23548.0111184705,3.2378039,-0.6113768300000001,24.404879,0.0,2.6436176756750402
2dd3083ce08ecb620a633b37,0,23558.0111189454,3.236583,-0.61078577,24.523487,0.0,2.64531532700608
2dd3083ce08ecb620a633b37,0,23568.0111194204,3.2356379,-0.6107858300000001,24.570929,0.0,2.64701293969908
2dd3083ce08ecb620a633b37,0,23578.0111198954,3.234417,-0.6113768900000001,24.215109,0.0,2.64871063754464
2dd3083ce08ecb620a633b37,0,23588.0111203704,3.2333932,-0.61098279,24.507671,0.0,2.65040828591914
2dd3083ce08ecb620a633b37,0,23598.0111208453,3.2322512,-0.6119679,24.404879,0.0,2.6521059083539
2dd3083ce08ecb620a633b37,0,23608.0111213203,3.2311485,-0.61098279,24.570929,0.0,2.65380363334509
2dd3083ce08ecb620a633b37,0,23618.0111217953,3.2299275,-0.6111798700000001,24.547209,0.0,2.65550131520856
2dd3083ce08ecb620a633b37,0,23628.0111222703,3.2289035,-0.6111798700000001,24.436508,0.0,2.65719900484346
2dd3083ce08ecb620a633b37,0,23638.0111227452,3.2278404,-0.6113768900000001,24.555115,0.0,2.6588967391348803
2dd3083ce08ecb620a633b37,0,23648.0111232202,3.2267377,-0.61039172,24.618372,0.0,2.66059450505885
2dd3083ce08ecb620a633b37,0,23658.0111236952,3.2255561,-0.612953,24.420694,0.0,2.6622922276417897
2dd3083ce08ecb620a633b37,0,23668.0111241701,3.2244534,-0.61058881,24.578836,0.0,2.66398985368359
2dd3083ce08ecb620a633b37,0,23678.0111246451,3.2233114,-0.61137677,24.602556,0.0,2.6656875374112103
2dd3083ce08ecb620a633b37,0,23688.0111251201,3.2222877,-0.6113768300000001,24.404879,0.0,2.66738519836875
2dd3083ce08ecb620a633b37,0,23698.0111255951,3.2210667,-0.6113768300000001,24.317902,0.0,2.6690829398860902
2dd3083ce08ecb620a633b37,0,23708.0111260701,3.219964,-0.61157385,24.341623,0.0,2.6707807203678597
2dd3083ce08ecb620a633b37,0,23718.011126545,3.218822,-0.6119679,24.547209,0.0,2.67247845126663
2dd3083ce08ecb620a633b37,0,23728.01112702,3.21768,-0.61177081,24.278366,0.0,2.67417621445382
2dd3083ce08ecb620a633b37,0,23738.011127495,3.216538,-0.61157385,24.436508,0.0,2.67587396691048
2dd3083ce08ecb620a633b37,0,23748.0111279699,3.2154353,-0.6113768300000001,24.531393,0.0,2.6775717841654
2dd3083ce08ecb620a633b37,0,23758.0111284449,3.2142537,-0.61039178,24.570929,0.0,2.67926959463374
2dd3083ce08ecb620a633b37,0,23768.0111289199,3.213151,-0.61098285,24.333715,0.0,2.68096739022042
2dd3083ce08ecb620a633b37,0,23778.0111293949,3.2119303,-0.6113768900000001,24.373251,0.0,2.68266510754498
2dd3083ce08ecb620a633b37,0,23788.0111298699,3.2108276,-0.61058881,24.547209,0.0,2.68436287992142
2dd3083ce08ecb620a633b37,0,23798.0111303448,3.2096066,-0.6121649800000001,24.468136,0.0,2.68606064441723
2dd3083ce08ecb620a633b37,0,23808.0111308198,3.2083466,-0.61117975,24.238831,0.0,2.68775836403593
2dd3083ce08ecb620a633b37,0,23818.0111312948,3.2074013,-0.61177081,24.302086,0.0,2.6894561456065
2dd3083ce08ecb620a633b37,0,23828.0111317697,3.2062593,-0.6113768300000001,24.539299,0.0,2.69115370312898
2dd3083ce08ecb620a633b37,0,23838.0111322447,3.2049992,-0.6099977400000001,24.444416,0.0,2.69285131230908
2dd3083ce08ecb620a633b37,0,23848.0111327197,3.2038176,-0.6109827299999999,24.46023,0.0,2.69454904286972
2dd3083ce08ecb620a633b37,0,23858.0111331947,3.2026362,-0.61236194,24.570929,0.0,2.6962468156791703
2dd3083ce08ecb620a633b37,0,23868.0111336696,3.2014942,-0.61098285,24.650002,0.0,2.69794464431025
2dd3083ce08ecb620a633b37,0,23878.0111341446,3.2003915,-0.6125589,24.476044,0.0,2.6996424923182
2dd3083ce08ecb620a633b37,0,23888.0111346196,3.1991706,-0.61019476,24.476044,0.0,2.7013402414880203
2dd3083ce08ecb620a633b37,0,23898.0111350946,3.1980286,-0.61098285,24.570929,0.0,2.7030379735847503
2dd3083ce08ecb620a633b37,0,23908.0111355695,3.1968472,-0.6119678300000001,24.357437,0.0,2.70473568400721
2dd3083ce08ecb620a633b37,0,23918.0111360445,3.1955869,-0.61117981,24.610464,0.0,2.70643341828981
2dd3083ce08ecb620a633b37,0,23928.0111365195,3.1944842,-0.61058868,24.381159,0.0,2.7081310995951497
2dd3083ce08ecb620a633b37,0,23938.0111369945,3.1932635,-0.61058875,24.602556,0.0,2.7098288352969897
2dd3083ce08ecb620a633b37,0,23948.0111374694,3.1920819,-0.61275592,24.476044,0.0,2.7115265388163103
2dd3083ce08ecb620a633b37,0,23958.0111379444,3.1909399,-0.61019476,24.578836,0.0,2.71322432727547
2dd3083ce08ecb620a633b37,0,23968.0111384194,3.1897192,-0.61058881,24.468136,0.0,2.71492209001266
2dd3083ce08ecb620a633b37,0,23978.0111388944,3.1884589,-0.6121649200000001,24.547209,0.0,2.7166199353869103
2dd3083ce08ecb620a633b37,0,23988.0111393693,3.1872776,-0.61157379,24.515579,0.0,2.71831771334278
2dd3083ce08ecb620a633b37,0,23998.0111398443,3.1862142,-0.61039172,24.436508,0.0,2.72001498824292
2dd3083ce08ecb620a633b37,0,24008.0111403193,3.1848752,-0.6119679,24.610464,0.0,2.72171168643153
2dd3083ce08ecb620a633b37,0,24018.0111407943,3.183615,-0.61216486,24.4286,0.0,2.72340845084176
2dd3083ce08ecb620a633b37,0,24028.0111412692,3.1825516,-0.60999768,24.468136,0.0,2.7251053020489
2dd3083ce08ecb620a633b37,0,24038.0111417442,3.181134,-0.61196777,24.555115,0.0,2.72680209469664
2dd3083ce08ecb620a633b37,0,24048.0111422192,3.179992,-0.61078589,24.523487,0.0,2.72849897435694
2dd3083ce08ecb620a633b37,0,24058.0111426942,3.178771,-0.61098279,24.539299,0.0,2.73019574051573
2dd3083ce08ecb620a633b37,0,24068.0111431691,3.177511,-0.61098285,24.634186,0.0,2.73189256840856
2dd3083ce08ecb620a633b37,0,24078.0111436441,3.1763687,-0.61039178,24.610464,0.0,2.73358948714567
2dd3083ce08ecb620a633b37,0,24088.0111441191,3.1750298,-0.61157385,24.507671,0.0,2.73528637983492
2dd3083ce08ecb620a633b37,0,24098.0111445941,3.1738877,-0.61078571,24.491858,0.0,2.73698327766814
2dd3083ce08ecb620a633b37,0,24108.011145069,3.1725881,-0.6088155500000001,24.491858,0.0,2.73868023482237
2dd3083ce08ecb620a633b37,0,24118.011145544,3.1713674,-0.60842157,24.665813,0.0,2.7403772006261704
2dd3083ce08ecb620a633b37,0,24128.011146019,3.1700284,-0.612953,24.59465,0.0,2.7420741375339297
2dd3083ce08ecb620a633b37,0,24138.011146494,3.1689258,-0.6131500200000001,24.547209,0.0,2.74377098359716
2dd3083ce08ecb620a633b37,0,24148.0111469689,3.1675868,-0.6125590200000001,24.436508,0.0,2.7454678761788402
2dd3083ce08ecb620a633b37,0,24158.0111474439,3.1663659,-0.61098279,24.618372,0.0,2.74716467452218
2dd3083ce08ecb620a633b37,0,24168.0111479189,3.1649876,-0.60960364,24.665813,0.0,2.74886152299776
2dd3083ce08ecb620a633b37,0,24178.0111483938,3.1636879,-0.6119679,24.729071,0.0,2.7505584079178003
2dd3083ce08ecb620a633b37,0,24188.0111488688,3.1625066,-0.61078571,24.578836,0.0,2.7522553018099503
2dd3083ce08ecb620a633b37,0,24198.0111493438,3.1611676,-0.61137677,24.491858,0.0,2.75395209610204
2dd3083ce08ecb620a633b37,0,24208.0111498188,3.1599073,-0.61236188,24.721165,0.0,2.7556490167069003
2dd3083ce08ecb620a633b37,0,24218.0111502938,3.1584897,-0.6131500200000001,24.665813,0.0,2.75734592669381
2dd3083ce08ecb620a633b37,0,24228.0111507687,3.1573477,-0.6119679,24.468136,0.0,2.75904278435996
2dd3083ce08ecb620a633b37,0,24238.0111512437,3.1560481,-0.6111798700000001,24.491858,0.0,2.76073959298935
2dd3083ce08ecb620a633b37,0,24248.0111517187,3.1546698,-0.6088155500000001,24.515579,0.0,2.7624365242046602
2dd3083ce08ecb620a633b37,0,24258.0111521936,3.1533701,-0.6109827299999999,24.523487,0.0,2.7641333338188203
2dd3083ce08ecb620a633b37,0,24268.0111526686,3.1519916,-0.61157379,24.483952,0.0,2.7658302017710197
2dd3083ce08ecb620a633b37,0,24278.0111531436,3.150574,-0.61019476,24.59465,0.0,2.76752708592785
2dd3083ce08ecb620a633b37,0,24288.0111536186,3.1493926,-0.61117975,24.570929,0.0,2.7692239377957
2dd3083ce08ecb620a633b37,0,24298.0111540936,3.1479354,-0.61098279,24.665813,0.0,2.77092071983197
2dd3083ce08ecb620a633b37,0,24308.0111545685,3.1465178,-0.6107858300000001,24.910934,0.0,2.7726174390411904
2dd3083ce08ecb620a633b37,0,24318.0111550435,3.1453362,-0.6115739099999999,24.602556,0.0,2.77431417204364
2dd3083ce08ecb620a633b37,0,24328.0111555185,3.1439185,-0.6098006,24.650002,0.0,2.7760108932300303
2dd3083ce08ecb620a633b37,0,24338.0111559934,3.1425402,-0.61117975,24.665813,0.0,2.77770764757753
2dd3083ce08ecb620a633b37,0,24348.0111564684,3.1411223,-0.6113768300000001,24.92675,0.0,2.77940445402671
2dd3083ce08ecb620a633b37,0,24358.0111569434,3.1398623,-0.61058875,24.752792,0.0,2.78110124197434
2dd3083ce08ecb620a633b37,0,24368.0111574184,3.138484,-0.6099977400000001,24.705349,0.0,2.7827980268637003
2dd3083ce08ecb620a633b37,0,24378.0111578933,3.1370661,-0.61117981,24.871399,0.0,2.7844947303158403
2dd3083ce08ecb620a633b37,0,24388.0111583683,3.1357272,-0.61039172,24.46023,0.0,2.78619159795019
2dd3083ce08ecb620a633b37,0,24398.0111588433,3.1344275,-0.61039172,24.586744,0.0,2.7878883833863903
2dd3083ce08ecb620a633b37,0,24408.0111593183,3.1329706,-0.61078571,24.531393,0.0,2.78958517921914
2dd3083ce08ecb620a633b37,0,24418.0111597932,3.1315134,-0.61078577,24.887213,0.0,2.79128197767638
2dd3083ce08ecb620a633b37,0,24428.0111602682,3.1300564,-0.60980072,24.721165,0.0,2.79297881762019
2dd3083ce08ecb620a633b37,0,24438.0111607432,3.1287568,-0.60940662,24.547209,0.0,2.7946755462494397
2dd3083ce08ecb620a633b37,0,24448.0111612182,3.1273389,-0.61157385,24.729071,0.0,2.79637230892136
2dd3083ce08ecb620a633b37,0,24458.0111616931,3.1259606,-0.61058875,24.729071,0.0,2.7980690675440303
2dd3083ce08ecb620a633b37,0,24468.0111621681,3.1245823,-0.61098279,24.578836,0.0,2.7997657571017
2dd3083ce08ecb620a633b37,0,24478.0111626431,3.1231251,-0.60901257,24.59465,0.0,2.8014624952570397
2dd3083ce08ecb620a633b37,0,24488.0111631181,3.1217074,-0.61078571,24.7607,0.0,2.80315925092287
2dd3083ce08ecb620a633b37,0,24498.011163593,3.1202896,-0.6119678300000001,24.713257,0.0,2.8048559866692298
2dd3083ce08ecb620a633b37,0,24508.011164068,3.1187932,-0.61058881,24.910934,0.0,2.80655270665716
2dd3083ce08ecb620a633b37,0,24518.011164543,3.1174543,-0.61058875,24.729071,0.0,2.8082493835160798
2dd3083ce08ecb620a633b37,0,24528.011165018,3.1160364,-0.6113768300000001,24.744884,0.0,2.80994614705785
2dd3083ce08ecb620a633b37,0,24538.0111654929,3.1145401,-0.6099977400000001,24.934656,0.0,2.8116429215491197
2dd3083ce08ecb620a633b37,0,24548.0111659679,3.1130042,-0.6113768900000001,24.81605,0.0,2.81333972592039
2dd3083ce08ecb620a633b37,0,24558.0111664429,3.1116652,-0.61019476,24.903027,0.0,2.81503661117861
2dd3083ce08ecb620a633b37,0,24568.0111669179,3.1101687,-0.61157379,24.895121,0.0,2.81673352916936
2dd3083ce08ecb620a633b37,0,24578.0111673928,3.1086721,-0.6119679,24.634186,0.0,2.81843040118698
2dd3083ce08ecb620a633b37,0,24588.0111678678,3.1071756,-0.61058875,24.681629,0.0,2.82012736328771
2dd3083ce08ecb620a633b37,0,24598.0111683428,3.1057973,-0.61177087,24.855585,0.0,2.8218242395722
2dd3083ce08ecb620a633b37,0,24608.0111688178,3.1042614,-0.60960364,24.729071,0.0,2.82352101646415
2dd3083ce08ecb620a633b37,0,24618.0111692927,3.1028438,-0.61098279,24.863493,0.0,2.82521784863843
2dd3083ce08ecb620a633b37,0,24628.0111697677,3.1014259,-0.6115739099999999,24.697443,0.0,2.82691474166499
2dd3083ce08ecb620a633b37,0,24638.0111702427,3.0998113,-0.61157385,24.713257,0.0,2.8286115989044003
2dd3083ce08ecb620a633b37,0,24648.0111707177,3.0983543,-0.60960364,24.823957,0.0,2.83030842056758
2dd3083ce08ecb620a633b37,0,24658.0111711926,3.0968971,-0.60960364,24.942562,0.0,2.83200521202476
2dd3083ce08ecb620a633b37,0,24668.0111716676,3.0954006,-0.61117975,24.784422,0.0,2.8337019877236798
2dd3083ce08ecb620a633b37,0,24678.0111721426,3.093786,-0.61078577,24.81605,0.0,2.8353988416815
2dd3083ce08ecb620a633b37,0,24688.0111726175,3.0922894,-0.61236194,24.831863,0.0,2.8370957324116497
2dd3083ce08ecb620a633b37,0,24698.0111730925,3.0908325,-0.61078577,24.81605,0.0,2.83879269308216
2dd3083ce08ecb620a633b37,0,24708.0111735675,3.0892966,-0.6113768300000001,24.752792,0.0,2.84048961730796
2dd3083ce08ecb620a633b37,0,24718.0111740425,3.0878394,-0.61137677,24.800236,0.0,2.8421865455830697
2dd3083ce08ecb620a633b37,0,24728.0111745175,3.0863428,-0.61236194,24.752792,0.0,2.84388332117311
2dd3083ce08ecb620a633b37,0,24738.0111749924,3.0847282,-0.6111798700000001,24.657907,0.0,2.84558006644041
2dd3083ce08ecb620a633b37,0,24748.0111754674,3.083153,-0.61117981,24.81605,0.0,2.8472767567635904
2dd3083ce08ecb620a633b37,0,24758.0111759424,3.0816171,-0.61039172,24.823957,0.0,2.84897350882282
2dd3083ce08ecb620a633b37,0,24768.0111764173,3.0799236,-0.61157385,24.823957,0.0,2.85067028430038
2dd3083ce08ecb620a633b37,0,24778.0111768923,3.0783877,-0.6115739099999999,25.005819,0.0,2.8523671433985203
2dd3083ce08ecb620a633b37,0,24788.0111773673,3.0770094,-0.61157385,24.752792,0.0,2.85406390257068
2dd3083ce08ecb620a633b37,0,24798.0111778423,3.0754342,-0.61177081,24.855585,0.0,2.8557606522220698
2dd3083ce08ecb620a633b37,0,24808.0111783173,3.0738196,-0.61019476,24.736979,0.0,2.85745739432025
2dd3083ce08ecb620a633b37,0,24818.0111787922,3.0722837,-0.61039178,24.792328,0.0,2.8591541962923004
2dd3083ce08ecb620a633b37,0,24828.0111792672,3.0705903,-0.61098285,24.879305,0.0,2.86085094419059
2dd3083ce08ecb620a633b37,0,24838.0111797422,3.068897,-0.61039178,24.776514,0.0,2.8625477687061105
2dd3083ce08ecb620a633b37,0,24848.0111802171,3.0674005,-0.61058881,24.871399,0.0,2.8642444493971304
2dd3083ce08ecb620a633b37,0,24858.0111806921,3.0658252,-0.60920972,24.776514,0.0,2.86594129449404
2dd3083ce08ecb620a633b37,0,24868.0111811671,3.0641711,-0.61058881,24.918842,0.0,2.86763820624103
2dd3083ce08ecb620a633b37,0,24878.0111816421,3.0625958,-0.61058875,24.855585,0.0,2.86933516199471
2dd3083ce08ecb620a633b37,0,24888.011182117,3.0609419,-0.61039172,24.776514,0.0,2.8710320888483505
2dd3083ce08ecb620a633b37,0,24898.011182592,3.0594454,-0.61236188,24.729071,0.0,2.87272884473614
2dd3083ce08ecb620a633b37,0,24908.011183067,3.0577519,-0.61117981,24.800236,0.0,2.87442572868451
2dd3083ce08ecb620a633b37,0,24918.011183542,3.0560193,-0.61098279,24.729071,0.0,2.8761224995663603
2dd3083ce08ecb620a633b37,0,24928.0111840169,3.0543652,-0.61039172,24.863493,0.0,2.87781931280842
2dd3083ce08ecb620a633b37,0,24938.0111844919,3.0526323,-0.61157385,25.045355,0.0,2.87951626822705
2dd3083ce08ecb620a633b37,0,24948.0111849669,3.0509784,-0.61157385,24.887213,0.0,2.88121318960556
2dd3083ce08ecb620a633b37,0,24958.0111854419,3.0493636,-0.61295288,24.800236,0.0,2.88291016352083
2dd3083ce08ecb620a633b37,0,24968.0111859168,3.0475914,-0.61177075,24.729071,0.0,2.8846070662942402
2dd3083ce08ecb620a633b37,0,24978.0111863918,3.0458982,-0.6107858300000001,24.784422,0.0,2.88630398975361
2dd3083ce08ecb620a633b37,0,24988.0111868668,3.0442441,-0.6098006,24.823957,0.0,2.88800086034663
2dd3083ce08ecb620a633b37,0,24998.0111873418,3.0425115,-0.61058875,24.887213,0.0,2.88969783393469
2dd3083ce08ecb620a633b37,0,25008.0111878167,3.0407786,-0.61078571,24.81605,0.0,2.89139479329507
2dd3083ce08ecb620a633b37,0,25018.0111882917,3.0389671,-0.61117981,24.863493,0.0,2.8930917577999
2dd3083ce08ecb620a633b37,0,25028.0111887667,3.0371554,-0.61157385,24.736979,0.0,2.89478869461445
2dd3083ce08ecb620a633b37,0,25038.0111892417,3.0353832,-0.61058881,24.958378,0.0,2.89648565091171
2dd3083ce08ecb620a633b37,0,25048.0111897166,3.03369,-0.6099977400000001,24.997913,0.0,2.89818252336272
2dd3083ce08ecb620a633b37,0,25058.0111901916,3.0318785,-0.61058881,24.784422,0.0,2.89987948863229
2dd3083ce08ecb620a633b37,0,25068.0111906666,3.0300274,-0.60980066,25.053263,0.0,2.90157652778299
2dd3083ce08ecb620a633b37,0,25078.0111911416,3.0280979,-0.61117981,25.029539,0.0,2.90327355095349
2dd3083ce08ecb620a633b37,0,25088.0111916165,3.0262468,-0.61039166,24.863493,0.0,2.90497065774836
2dd3083ce08ecb620a633b37,0,25098.0111920915,3.0244746,-0.61157385,24.895121,0.0,2.90666775688635
2dd3083ce08ecb620a633b37,0,25108.0111925665,3.0226631,-0.6113768300000001,25.005819,0.0,2.90836479374039
2dd3083ce08ecb620a633b37,0,25118.0111930415,3.0208123,-0.60980066,24.958378,0.0,2.91006186123913
2dd3083ce08ecb620a633b37,0,25128.0111935164,3.0188038,-0.61039166,24.934656,0.0,2.91175889185227
2dd3083ce08ecb620a633b37,0,25138.0111939914,3.0168741,-0.61039178,24.752792,0.0,2.9134559762075303
2dd3083ce08ecb620a633b37,0,25148.0111944664,3.0150626,-0.60980078,25.021633,0.0,2.91515311857244
2dd3083ce08ecb620a633b37,0,25158.0111949414,3.0130148,-0.6135439500000001,25.013725,0.0,2.91685028009289
2dd3083ce08ecb620a633b37,0,25168.0111954163,3.0112426,-0.61137677,24.863493,0.0,2.9185475281846003
2dd3083ce08ecb620a633b37,0,25178.0111958913,3.0093129,-0.61216486,24.910934,0.0,2.92024475986286
2dd3083ce08ecb620a633b37,0,25188.0111963663,3.0071468,-0.6131500200000001,24.997913,0.0,2.92194198727256
2dd3083ce08ecb620a633b37,0,25198.0111968412,3.0051777,-0.6131500200000001,24.887213,0.0,2.9236393418631503
2dd3083ce08ecb620a633b37,0,25208.0111973162,3.0031693,-0.6107858300000001,25.100704,0.0,2.92533668320654
2dd3083ce08ecb620a633b37,0,25218.0111977912,3.0011215,-0.6107858300000001,25.021633,0.0,2.92703394957915
2dd3083ce08ecb620a633b37,0,25228.0111982662,2.9992311,-0.61137677,25.005819,0.0,2.92873123620017
2dd3083ce08ecb620a633b37,0,25238.0111987412,2.9971046,-0.6082245500000001,24.966284,0.0,2.9304284089825
2dd3083ce08ecb620a633b37,0,25248.0111992161,2.9950173,-0.6119678300000001,25.045355,0.0,2.93212568652064
2dd3083ce08ecb620a633b37,0,25258.0111996911,2.9927726,-0.61117975,25.021633,0.0,2.933822868723
2dd3083ce08ecb620a633b37,0,25268.0112001661,2.9906461,-0.6141350099999999,24.934656,0.0,2.93552006438618
2dd3083ce08ecb620a633b37,0,25278.011200641,2.9884801,-0.61078589,25.013725,0.0,2.93721735921823
2dd3083ce08ecb620a633b37,0,25288.011201116,2.9863927,-0.60980066,24.895121,0.0,2.93891463072997
2dd3083ce08ecb620a633b37,0,25298.011201591,2.9841087,-0.61078571,24.831863,0.0,2.94061180099825
2dd3083ce08ecb620a633b37,0,25308.011202066,2.9819822,-0.61039185,24.895121,0.0,2.9423088977161203
2dd3083ce08ecb620a633b37,0,25318.011202541,2.9796586,-0.60999768,24.800236,0.0,2.94400606568344
2dd3083ce08ecb620a633b37,0,25328.0112030159,2.9774139,-0.6125589,24.990005,0.0,2.9457032523695403
2dd3083ce08ecb620a633b37,0,25338.0112034909,2.9750903,-0.6090127599999999,24.863493,0.0,2.94740050647446
2dd3083ce08ecb620a633b37,0,25348.0112039659,2.9728062,-0.6131499,24.92675,0.0,2.94909768298091
2dd3083ce08ecb620a633b37,0,25358.0112044408,2.9704432,-0.61117999,24.982098,0.0,2.95079493720251
2dd3083ce08ecb620a633b37,0,25368.0112049158,2.9680412,-0.61019482,24.887213,0.0,2.9524922647469998
2dd3083ce08ecb620a633b37,0,25378.0112053908,2.9657569,-0.6121647299999999,24.982098,0.0,2.95418952563509
2dd3083ce08ecb620a633b37,0,25388.0112058658,2.9633546,-0.6119679,25.266754,0.0,2.95588674636185
2dd3083ce08ecb620a633b37,0,25398.0112063407,2.9608736,-0.6115739099999999,25.08489,0.0,2.95758404687645
2dd3083ce08ecb620a633b37,0,25408.0112068157,2.9585109,-0.6115737299999999,24.990005,0.0,2.95928129869014
2dd3083ce08ecb620a633b37,0,25418.0112072907,2.955951,-0.61393805,25.013725,0.0,2.9609785478696597
2dd3083ce08ecb620a633b37,0,25428.0112077657,2.9534307,-0.6135440099999999,24.990005,0.0,2.96267578938272
2dd3083ce08ecb620a633b37,0,25438.0112082406,2.9509101,-0.61157397,25.045355,0.0,2.96437314965772
2dd3083ce08ecb620a633b37,0,25448.0112087156,2.9482715,-0.61117981,24.966284,0.0,2.96607062168374
2dd3083ce08ecb620a633b37,0,25458.0112091906,2.9457512,-0.6109827299999999,25.203495,0.0,2.9677679418958403
2dd3083ce08ecb620a633b37,0,25468.0112096656,2.9430733,-0.6088156699999999,25.27466,0.0,2.96946531869621
2dd3083ce08ecb620a633b37,0,25478.0112101405,2.9403954,-0.612953,25.021633,0.0,2.97116279641126
2dd3083ce08ecb620a633b37,0,25488.0112106155,2.9377174,-0.61078571,25.148146,0.0,2.9728602024354602
2dd3083ce08ecb620a633b37,0,25498.0112110905,2.9349606,-0.6105888700000001,25.08489,0.0,2.9745576733685497
2dd3083ce08ecb620a633b37,0,25508.0112115655,2.9323616,-0.6111798700000001,25.092798,0.0,2.9762551849031804
2dd3083ce08ecb620a633b37,0,25518.0112120404,2.9295261,-0.61295306,25.069075,0.0,2.97795261719763
2dd3083ce08ecb620a633b37,0,25528.0112125154,2.9267299,-0.61058868,25.092798,0.0,2.97965008769245
2dd3083ce08ecb620a633b37,0,25538.0112129904,2.9238944,-0.61216486,24.990005,0.0,2.9813476225473603
2dd3083ce08ecb620a633b37,0,25548.0112134654,2.9210198,-0.61157385,24.997913,0.0,2.98304497898677
2dd3083ce08ecb620a633b37,0,25558.0112139403,2.918066,-0.61137695,25.148146,0.0,2.9847423921229
2dd3083ce08ecb620a633b37,0,25568.0112144153,2.9152305,-0.61117981,25.235125,0.0,2.98643980493204
2dd3083ce08ecb620a633b37,0,25578.0112148903,2.9121983,-0.61137677,25.369545,0.0,2.9881370648393
2dd3083ce08ecb620a633b37,0,25588.0112153653,2.9091265,-0.61216479,25.179775,0.0,2.98983438330138
2dd3083ce08ecb620a633b37,0,25598.0112158402,2.9060941,-0.61078571,25.148146,0.0,2.99153171304015
2dd3083ce08ecb620a633b37,0,25608.0112163152,2.9030223,-0.61019464,25.076984,0.0,2.99322906893554
2dd3083ce08ecb620a633b37,0,25618.0112167902,2.9000294,-0.60920966,24.92675,0.0,2.99492641673051
2dd3083ce08ecb620a633b37,0,25628.0112172652,2.896879,-0.6139379300000001,25.179775,0.0,2.99662371986839
2dd3083ce08ecb620a633b37,0,25638.0112177401,2.8936102,-0.61098285,25.195589,0.0,2.99832105551479
2dd3083ce08ecb620a633b37,0,25648.0112182151,2.8903809,-0.61236182,25.163963,0.0,3.00001840692114
2dd3083ce08ecb620a633b37,0,25658.0112186901,2.8870728,-0.6113768300000001,25.25094,0.0,3.00171571542341
2dd3083ce08ecb620a633b37,0,25668.0112191651,2.8837647,-0.61413507,25.187683,0.0,3.00341302228989
2dd3083ce08ecb620a633b37,0,25678.01121964,2.8804569,-0.6113768300000001,25.243031,0.0,3.00511036362934
2dd3083ce08ecb620a633b37,0,25688.011220115,2.8770306,-0.6113768900000001,25.08489,0.0,3.00680766556952
2dd3083ce08ecb620a633b37,0,25698.01122059,2.8734863,-0.61255884,25.27466,0.0,3.0085049388287897
2dd3083ce08ecb620a633b37,0,25708.0112210649,2.8700602,-0.61236194,25.298384,0.0,3.0102022164631
2dd3083ce08ecb620a633b37,0,25718.0112215399,2.8665159,-0.61019482,25.266754,0.0,3.0118995364592704
2dd3083ce08ecb620a633b37,0,25728.0112220149,2.8627746,-0.61058868,25.314196,0.0,3.0135967855333003
2dd3083ce08ecb620a633b37,0,25738.0112224899,2.8591909,-0.60980072,25.092798,0.0,3.0152940838579503
2dd3083ce08ecb620a633b37,0,25748.0112229649,2.8554497,-0.61295294,25.227219,0.0,3.0169913572319804
2dd3083ce08ecb620a633b37,0,25758.0112234398,2.8517084,-0.61137701,25.424896,0.0,3.01868859918724
2dd3083ce08ecb620a633b37,0,25768.0112239148,2.8478489,-0.61137695,25.258846,0.0,3.02038572632781
2dd3083ce08ecb620a633b37,0,25778.0112243898,2.8438714,-0.60920972,25.235125,0.0,3.02208304162353
2dd3083ce08ecb620a633b37,0,25788.0112248647,2.8398545,-0.61039172,25.25094,0.0,3.0237803673200703
2dd3083ce08ecb620a633b37,0,25798.0112253397,2.8357983,-0.6105888700000001,25.314196,0.0,3.0254776420079503
2dd3083ce08ecb620a633b37,0,25808.0112258147,2.8318207,-0.61019464,25.337919,0.0,3.0271749592730597
2dd3083ce08ecb620a633b37,0,25818.0112262897,2.8276069,-0.61216479,25.211405,0.0,3.02887207798722
2dd3083ce08ecb620a633b37,0,25828.0112267647,2.8232751,-0.61295288,25.369545,0.0,3.03056927091504
2dd3083ce08ecb620a633b37,0,25838.0112272396,2.8189037,-0.6107858300000001,25.258846,0.0,3.03226675411485
2dd3083ce08ecb620a633b37,0,25848.0112277146,2.8144536,-0.6090127,25.282566,0.0,3.03396406995581
2dd3083ce08ecb620a633b37,0,25858.0112281896,2.8098853,-0.61117975,25.551411,0.0,3.03566126025532
2dd3083ce08ecb620a633b37,0,25868.0112286645,2.8053958,-0.6096037599999999,25.219311,0.0,3.0373585225748605
2dd3083ce08ecb620a633b37,0,25878.0112291395,2.8007488,-0.61196777,25.30629,0.0,3.0390558774951804
2dd3083ce08ecb620a633b37,0,25888.0112296145,2.7959049,-0.6119678300000001,25.290474,0.0,3.04075317166961
2dd3083ce08ecb620a633b37,0,25898.0112300895,2.7910609,-0.61019464,25.393267,0.0,3.04245057847116
2dd3083ce08ecb620a633b37,0,25908.0112305644,2.7861776,-0.6099978,25.47234,0.0,3.04414791544199
2dd3083ce08ecb620a633b37,0,25918.0112310394,2.7810974,-0.6107858300000001,25.322104,0.0,3.04584524244391
2dd3083ce08ecb620a633b37,0,25928.0112315144,2.7760172,-0.61157385,25.448616,0.0,3.04754256364847
2dd3083ce08ecb620a633b37,0,25938.0112319894,2.7707403,-0.6086185900000001,25.361639,0.0,3.04923995139861
2dd3083ce08ecb620a633b37,0,25948.0112324643,2.7655418,-0.6099977400000001,25.496059,0.0,3.05093734549607
2dd3083ce08ecb620a633b37,0,25958.0112329393,2.760186,-0.61334692,25.488152,0.0,3.0526347741846998
2dd3083ce08ecb620a633b37,0,25968.0112334143,2.7545938,-0.61019489,25.598852,0.0,3.0543322103114403
2dd3083ce08ecb620a633b37,0,25978.0112338893,2.7491198,-0.60861865,25.369545,0.0,3.0560296571702303
2dd3083ce08ecb620a633b37,0,25988.0112343642,2.7435277,-0.611771,25.456524,0.0,3.05772716411776
2dd3083ce08ecb620a633b37,0,25998.0112348392,2.7378173,-0.6109829099999999,25.377455,0.0,3.05942461611744
2dd3083ce08ecb620a633b37,0,26008.0112353142,2.7318313,-0.61117975,25.551411,0.0,3.0611219548316297
2dd3083ce08ecb620a633b37,0,26018.0112357892,2.7260029,-0.6090127599999999,25.583036,0.0,3.06281930492614
2dd3083ce08ecb620a633b37,0,26028.0112362641,2.7199776,-0.61019464,25.63048,0.0,3.0645166160661
2dd3083ce08ecb620a633b37,0,26038.0112367391,2.7137947,-0.60999762,25.337919,0.0,3.0662140116944903
2dd3083ce08ecb620a633b37,0,26048.0112372141,2.7076118,-0.61039178,25.527687,0.0,3.06791137908443
2dd3083ce08ecb620a633b37,0,26058.0112376891,2.701232,-0.61117975,25.488152,0.0,3.06960888428005
2dd3083ce08ecb620a633b37,0,26068.011238164,2.6947734,-0.60960364,25.559317,0.0,3.07130633277661
2dd3083ce08ecb620a633b37,0,26078.011238639,2.6883149,-0.6088156699999999,25.57513,0.0,3.07300374887809
2dd3083ce08ecb620a633b37,0,26088.011239114,2.6815412,-0.6096037599999999,25.519781,0.0,3.0747011824860904
2dd3083ce08ecb620a633b37,0,26098.011239589,2.6747677,-0.6107858300000001,25.519781,0.0,3.07639857089324
2dd3083ce08ecb620a633b37,0,26108.0112400639,2.6678364,-0.6135439500000001,25.385361,0.0,3.07809602430941
2dd3083ce08ecb620a633b37,0,26118.0112405389,2.660866,-0.6109827299999999,25.685831,0.0,3.0797934300032397
2dd3083ce08ecb620a633b37,0,26128.0112410139,2.6536198,-0.61039185,25.654202,0.0,3.0814908649202
2dd3083ce08ecb620a633b37,0,26138.0112414889,2.6464524,-0.61098279,25.543501,0.0,3.08318831122252
2dd3083ce08ecb620a633b37,0,26148.0112419638,2.6389306,-0.61157367,25.60676,0.0,3.08488571932959
2dd3083ce08ecb620a633b37,0,26158.0112424388,2.631448,-0.6109827299999999,25.60676,0.0,3.08658314943375
2dd3083ce08ecb620a633b37,0,26168.0112429138,2.6236506,-0.6099978,25.622572,0.0,3.08828066316202
2dd3083ce08ecb620a633b37,0,26178.0112433888,2.6158531,-0.61019482,25.543501,0.0,3.08997811844322
2dd3083ce08ecb620a633b37,0,26188.0112438637,2.6077797,-0.61275586,25.851881,0.0,3.09167565657134
2dd3083ce08ecb620a633b37,0,26198.0112443387,2.5997066,-0.61157379,25.511875,0.0,3.09337319174685
2dd3083ce08ecb620a633b37,0,26208.0112448137,2.5913184,-0.61117993,25.60676,0.0,3.09507078624894
2dd3083ce08ecb620a633b37,0,26218.0112452886,2.5828907,-0.61019464,25.670015,0.0,3.0967684173099
2dd3083ce08ecb620a633b37,0,26228.0112457636,2.5742269,-0.61137677,25.764902,0.0,3.09846584019184
2dd3083ce08ecb620a633b37,0,26238.0112462386,2.565563,-0.61177069,25.74118,0.0,3.1001633156060002
2dd3083ce08ecb620a633b37,0,26248.0112467136,2.5565445,-0.61117993,25.77281,0.0,3.10186085286138
2dd3083ce08ecb620a633b37,0,26258.0112471886,2.5475264,-0.61098279,25.74118,0.0,3.10355836483045
2dd3083ce08ecb620a633b37,0,26268.0112476635,2.5382323,-0.61137671,25.780716,0.0,3.1052558665161
2dd3083ce08ecb620a633b37,0,26278.0112481385,2.528899,-0.6088156699999999,25.57513,0.0,3.10695351300621
2dd3083ce08ecb620a633b37,0,26288.0112486135,2.5192504,-0.61157385,25.946766,0.0,3.10865091343427
2dd3083ce08ecb620a633b37,0,26298.0112490884,2.5095625,-0.61236188,25.693737,0.0,3.1103484945832904
2dd3083ce08ecb620a633b37,0,26307.6172495447,2.4999928,-0.6109827299999999,25.662107,0.0,3.11197913755261
2dd3083ce08ecb620a633b37,0,26607.6172637939,2.7602253,0.0,23.456028,0.0,3.11197913755261
2dd3083ce08ecb620a633b37,0,26907.6172780432,2.7906671,0.0,22.910437,0.0,3.11197913755261
2dd3083ce08ecb620a633b37,0,27207.56729229,2.8087826,0.0,22.776016,0.0,3.11197913755261
2dd3083ce08ecb620a633b37,0,27477.6133051165,3.5128436,2.9902859,25.859787,0.19923157859347898,0.0
2dd3083ce08ecb620a633b37,0,27777.6133193658,3.5790439,2.9879216000000004,27.441208,0.448251621093614,0.0
2dd3083ce08ecb620a633b37,0,28077.613333615,3.6522539,2.9865425,28.714251,0.697262333775499,0.0
2dd3083ce08ecb620a633b37,0,28377.6133478642,3.7192812,2.9881189,28.61146,0.9462619550282121,0.0
2dd3083ce08ecb620a633b37,0,28677.6133621135,3.7855206,2.9877246,28.41378,1.19527180030029,0.0
2dd3083ce08ecb620a633b37,0,28977.6133763627,3.8613298,2.9885127000000002,28.943558,1.44431427201877,0.0
2dd3083ce08ecb620a633b37,0,29277.613390612,3.939384,2.9877244000000003,29.180771,1.69336564624105,0.0
2dd3083ce08ecb620a633b37,0,29577.6134048612,4.006844,2.9889067000000002,29.663103,1.9423859547528801,0.0
2dd3083ce08ecb620a633b37,0,29877.6134191104,4.0828505,2.9877246,29.821245,2.19139673653076,0.0
2dd3083ce08ecb620a633b37,0,30177.6134333597,4.1807523,2.9879219,29.963573,2.44040837384996,0.0
2dd3083ce08ecb620a633b37,0,30466.5134470817,4.199892,2.1771990000000003,29.710548,2.6522639002914796,0.0
2dd3083ce08ecb620a633b37,0,30766.5134613309,4.1998525,1.5160105000000001,28.769602,2.8049272342591,0.0
2dd3083ce08ecb620a633b37,0,31066.5134755801,4.199892,0.9560885600000001,27.670513,2.9071790758062397,0.0
2dd3083ce08ecb620a633b37,0,31366.5134898294,4.1999311,0.54274707,26.800734,2.96837200015286,0.0
2dd3083ce08ecb620a633b37,0,31666.5135040786,4.199892,0.30061340000000003,26.152351,3.00246504626241,0.0
2dd3083ce08ecb620a633b37,0,31966.5135183279,4.1998525,0.17137027000000002,25.456524,3.0215319684166104,0.0
2dd3083ce08ecb620a633b37,0,32253.6975319684,4.199892,0.10123235,24.966284,3.0322336281828997,0.0
2dd3083ce08ecb620a633b37,0,32553.6975462176,4.1878805,0.0,23.242535,3.0322336281828997,0.0
2dd3083ce08ecb620a633b37,0,32853.6975604668,4.184927,0.0,22.847181,3.0322336281828997,0.0
2dd3083ce08ecb620a633b37,0,33153.7495747185,3.9556484,-12.764947000000001,22.973694,0.0,7.0916373697916e-06
2dd3083ce08ecb620a633b37,0,33238.6995787534,3.8952372,-4.1176846,31.639879,0.0,0.314560246167263
2dd3083ce08ecb620a633b37,0,33338.6995835032,3.9183936,-4.0934512,31.481739,0.0,0.428203662803412
2dd3083ce08ecb620a633b37,0,33438.6995882529,3.8925989,-4.1182758999999995,31.204988,0.0,0.5422865314531791
2dd3083ce08ecb620a633b37,0,33538.6995930027,3.8553438,-4.1588608,30.643585,0.0,0.657281226944716
2dd3083ce08ecb620a633b37,0,33638.6995977524,3.8078892,-4.210479500000001,30.366837,0.0,0.773569124431423
2dd3083ce08ecb620a633b37,0,33738.6996025022,3.7635458,-4.2611123,30.121716,0.0,0.891290904220378
2dd3083ce08ecb620a633b37,0,33838.6996072519,3.7260153,-4.3048500999999995,30.05846,0.0,1.01028762354275
2dd3083ce08ecb620a633b37,0,33938.6996120017,3.6909266,-4.348587900000001,30.192881,0.0,1.13043920797879
2dd3083ce08ecb620a633b37,0,34028.6976162763,3.5944815,-10.121771,30.240324,0.0,1.23957086328315
2dd3083ce08ecb620a633b37,0,34128.6976210261,3.1636486,-17.085523000000002,42.36982,0.0,1.6974985591620602
2dd3083ce08ecb620a633b37,0,34403.6956340878,3.6789153,0.0,33.861774,0.0,1.72123996524604
2dd3083ce08ecb620a633b37,0,34703.695648337,3.6888785,0.0,28.832857,0.0,1.72123996524604
