case_id,task,variant,protocol,target_unit,model,rank_by_cell_equal_rmse,seeds,cell_equal_rmse_mean,cell_equal_rmse_seed_sd,cell_equal_mae_mean,sample_rmse_mean,sample_mae_mean
dataset_01__primary,rul_prediction,baseline,cross_cell,discharge_operations,xgboost,1.0,5,8.343130454777832,0.0,7.942604493188606,9.191003024378219,7.70657875884662
dataset_01__primary,rul_prediction,baseline,cross_cell,discharge_operations,transformer,2.0,5,11.839217528187444,2.422723167261448,11.6042563537228,22.698940701383616,21.25089722992268
dataset_01__primary,rul_prediction,baseline,cross_cell,discharge_operations,cnn,3.0,5,12.037902099171268,1.3608173931293228,11.666604382891588,24.495139251943467,22.571306393669442
dataset_01__primary,rul_prediction,baseline,cross_cell,discharge_operations,rf,4.0,5,14.480373876803991,0.9635576107971662,14.030371495567925,8.412120999605854,6.301661565232155
dataset_01__primary,rul_prediction,baseline,cross_cell,discharge_operations,pinn,5.0,5,17.13574273413456,3.41398083947048,16.417364642256807,30.59538092531297,28.406879917436363
dataset_01__primary,rul_prediction,baseline,cross_cell,discharge_operations,lstm,6.0,5,24.118381359973178,6.703318219648249,23.706339935217407,30.003707738403982,28.154721813465265
dataset_01__primary,rul_prediction,baseline,cross_cell,discharge_operations,linear,7.0,5,1598.6172334516677,0.0,1395.4555736821128,2654.5412794644544,887.7037281432255
dataset_01__primary,rul_prediction,baseline,random,discharge_operations,rf,1.0,5,20.375812620658987,0.44234644605929896,20.147972882568627,14.165242859187927,8.269786949311143
dataset_01__primary,rul_prediction,baseline,random,discharge_operations,xgboost,2.0,5,21.02187760498315,0.0,20.774300541730007,15.036236618480434,8.12208647168149
dataset_01__primary,rul_prediction,baseline,random,discharge_operations,transformer,3.0,5,23.38811890295086,2.269814848239844,23.209148031311827,15.41667965283998,7.351496688324147
dataset_01__primary,rul_prediction,baseline,random,discharge_operations,lstm,4.0,5,31.916689432487846,2.9704252855054074,31.762663011815512,19.90827918529886,9.388714910094237
dataset_01__primary,rul_prediction,baseline,random,discharge_operations,pinn,5.0,5,33.13015445433363,4.3623457774619325,32.726305114398144,21.60817094088655,10.958605612346005
dataset_01__primary,rul_prediction,baseline,random,discharge_operations,cnn,6.0,5,47.37037338308463,10.536673302280466,47.24253384449626,33.09719050080542,13.049548243178673
dataset_01__primary,rul_prediction,baseline,random,discharge_operations,linear,7.0,5,288.7715628622931,0.0,242.66696716077544,305.1877304247103,129.6542934871074
dataset_01__primary,rul_prediction,threshold_080,cross_cell,discharge_operations,cnn,1.0,5,4.62257037698962,0.2098624740704512,4.2688003441389055,8.428058717052359,7.141808075351759
dataset_01__primary,rul_prediction,threshold_080,cross_cell,discharge_operations,transformer,2.0,5,8.362140261181647,2.3665494511196847,8.279703059592814,14.498588577402916,13.124362030300253
dataset_01__primary,rul_prediction,threshold_080,cross_cell,discharge_operations,rf,3.0,5,8.398445625296063,0.496005136097319,8.176474631822426,11.74810844662203,10.762433297258296
dataset_01__primary,rul_prediction,threshold_080,cross_cell,discharge_operations,pinn,4.0,5,8.553462568795732,1.6984898311320957,8.118532226978548,13.573562438227608,12.234713068966993
dataset_01__primary,rul_prediction,threshold_080,cross_cell,discharge_operations,xgboost,5.0,5,9.23109201851938,0.0,9.031029853397982,8.212346625426068,7.604577959084335
dataset_01__primary,rul_prediction,threshold_080,cross_cell,discharge_operations,lstm,6.0,5,11.886751909906732,3.3283502997362415,11.68676341185746,13.271763540081631,12.292019476742515
dataset_01__primary,rul_prediction,threshold_080,cross_cell,discharge_operations,linear,7.0,5,443.43975915929724,0.0,434.813572649797,720.2985425803626,397.73751702525635
dataset_01__primary,rul_prediction,threshold_080,random,discharge_operations,xgboost,1.0,5,13.324453467433651,0.0,13.14845142731636,12.087265617820472,6.728995204889097
dataset_01__primary,rul_prediction,threshold_080,random,discharge_operations,rf,2.0,5,13.511065177997528,0.35630898424645435,13.369608682558928,11.114293819927884,6.852242186208852
dataset_01__primary,rul_prediction,threshold_080,random,discharge_operations,transformer,3.0,5,16.87844965321539,2.8640776452781855,16.797967065555657,13.483755074653406,7.326250369743842
dataset_01__primary,rul_prediction,threshold_080,random,discharge_operations,pinn,4.0,5,17.57035079214119,2.5051285368922356,17.438827587158503,13.764444908459726,8.032429176351275
dataset_01__primary,rul_prediction,threshold_080,random,discharge_operations,lstm,5.0,5,21.46280186534256,1.7799494515655014,21.316964947046873,16.428185141721325,9.050738479901472
dataset_01__primary,rul_prediction,threshold_080,random,discharge_operations,cnn,6.0,5,44.67411064159956,6.9794651148264375,44.60844338526422,37.86891999748378,17.689430976355744
dataset_01__primary,rul_prediction,threshold_080,random,discharge_operations,linear,7.0,5,104.66116585982759,1.5888218580782548e-14,103.8967510231221,90.05939508600858,46.08990542230081
dataset_01__primary,soh_estimation,baseline,cross_cell,SOH ratio,rf,1.0,5,0.06371021224767251,0.0007289537397546578,0.05134595091320775,0.06454996586985072,0.03970394337134906
dataset_01__primary,soh_estimation,baseline,cross_cell,SOH ratio,transformer,2.0,5,0.06763306772877263,0.009708404556116778,0.05424482833576973,0.06353097672871691,0.04316264539202956
dataset_01__primary,soh_estimation,baseline,cross_cell,SOH ratio,lstm,3.0,5,0.0747455855125483,0.006239862045005062,0.053002358286059495,0.07069663138990886,0.043880375239377455
dataset_01__primary,soh_estimation,baseline,cross_cell,SOH ratio,pinn,4.0,5,0.0964298692859379,0.015809687937113716,0.07373065444932092,0.09212478992694904,0.06753454909684761
dataset_01__primary,soh_estimation,baseline,cross_cell,SOH ratio,cnn,5.0,5,0.1374490503976359,0.03455452683930541,0.10581792468555691,0.15820958008285926,0.10909764657888563
dataset_01__primary,soh_estimation,baseline,cross_cell,SOH ratio,linear,6.0,5,0.13864129717958,0.0,0.12166437739968823,0.13053956460407254,0.1079858039377994
dataset_01__primary,soh_estimation,baseline,cross_cell,SOH ratio,xgboost,7.0,5,0.156947669778963,0.0,0.11870418264605305,0.21910870656468492,0.14648756459254003
dataset_01__primary,soh_estimation,baseline,random,SOH ratio,transformer,1.0,5,0.021471538026879525,0.0005229456567994093,0.01677458294568694,0.0218051891575083,0.013693437240338693
dataset_01__primary,soh_estimation,baseline,random,SOH ratio,lstm,2.0,5,0.025594514955922253,0.0008851116457360165,0.01977455003929985,0.028246513721338812,0.013383703776117592
dataset_01__primary,soh_estimation,baseline,random,SOH ratio,xgboost,3.0,5,0.03242558759730777,0.0,0.02418422855859386,0.037141015163628124,0.015875579270023876
dataset_01__primary,soh_estimation,baseline,random,SOH ratio,rf,4.0,5,0.03488595471891069,0.00025581903757682697,0.024911767531263628,0.04916147192954334,0.015102278402365646
dataset_01__primary,soh_estimation,baseline,random,SOH ratio,cnn,5.0,5,0.051037765250159385,0.003927611199175485,0.036333716682386386,0.06973708922553393,0.03309727735284791
dataset_01__primary,soh_estimation,baseline,random,SOH ratio,pinn,6.0,5,0.05368687407105881,0.004707510406181006,0.04178451804310939,0.06137899830279166,0.033610583140854786
dataset_01__primary,soh_estimation,baseline,random,SOH ratio,linear,7.0,5,0.10617895307528209,0.0,0.0919527953416701,0.11005357635674931,0.07749209557945459
dataset_01__primary,soh_estimation,baseline,temporal,SOH ratio,lstm,1.0,5,0.04082961348017154,0.006169545857577453,0.039361525064909204,0.04927328891335275,0.03687985681959059
dataset_01__primary,soh_estimation,baseline,temporal,SOH ratio,cnn,2.0,5,0.041852224348925805,0.004324203561113179,0.04024720673961869,0.059572074162087006,0.04199603385820114
dataset_01__primary,soh_estimation,baseline,temporal,SOH ratio,xgboost,3.0,5,0.04550792315389423,0.0,0.04323628602385335,0.06837048705564641,0.049865654225469375
dataset_01__primary,soh_estimation,baseline,temporal,SOH ratio,rf,4.0,5,0.047696919364684,0.0004435757174878879,0.04576869256383929,0.06193358400664336,0.04964965874156551
dataset_01__primary,soh_estimation,baseline,temporal,SOH ratio,transformer,5.0,5,0.04893901553661955,0.008915856751033532,0.04796258172221152,0.05335137798689919,0.044798612070204934
dataset_01__primary,soh_estimation,baseline,temporal,SOH ratio,pinn,6.0,5,0.06595380848033387,0.022993330744990523,0.061272328835699295,0.08614022029096198,0.07058939540424741
dataset_01__primary,soh_estimation,baseline,temporal,SOH ratio,linear,7.0,5,0.07433106987784975,0.0,0.07166466999626005,0.07594641546046653,0.06353889525655533
dataset_01__primary,soh_estimation,initial,cross_cell,SOH ratio,pinn,1.0,5,1.3285127765964067,0.1727901398124796,1.178386438822614,1.270060310196163,0.9940422873878706
dataset_01__primary,soh_estimation,initial,cross_cell,SOH ratio,xgboost,2.0,5,3.4211409675060063,4.965068306494546e-16,3.3950069887584235,3.514900963812173,3.4653606307290175
dataset_01__primary,soh_estimation,initial,cross_cell,SOH ratio,rf,3.0,5,3.5799688043140123,0.18405658951215523,3.337294958955055,4.280655400087862,3.2356308616330614
dataset_01__primary,soh_estimation,initial,cross_cell,SOH ratio,transformer,4.0,5,4.373222370068851,0.8582906151121805,4.167425226332579,4.52186639175231,2.9428368151985027
dataset_01__primary,soh_estimation,initial,cross_cell,SOH ratio,lstm,5.0,5,4.646347906423361,0.5452348370768574,4.2064256982077906,5.124578474512779,2.911868911172652
dataset_01__primary,soh_estimation,initial,cross_cell,SOH ratio,linear,6.0,5,4.705224893712091,0.0,4.224718188735644,4.720793637424538,3.463871944619241
dataset_01__primary,soh_estimation,initial,cross_cell,SOH ratio,cnn,7.0,5,4.747210782263712,0.8072436273109314,4.489589632469611,4.802187541650904,3.123073451509417
dataset_01__primary,soh_estimation,initial,random,SOH ratio,transformer,1.0,5,0.4435601173704814,0.07395624158130354,0.3124408508737756,0.8084137158675861,0.32295950572244914
dataset_01__primary,soh_estimation,initial,random,SOH ratio,lstm,2.0,5,0.4647972102838148,0.08668486583082413,0.30563284820360426,1.2435438979049274,0.3427869027373461
dataset_01__primary,soh_estimation,initial,random,SOH ratio,cnn,3.0,5,0.5699489432540018,0.04040312727153717,0.4285529655366596,1.230697815550785,0.47465965986392994
dataset_01__primary,soh_estimation,initial,random,SOH ratio,xgboost,4.0,5,0.6433674199609302,0.0,0.3946262801699395,1.8649307730085387,0.4946339238762473
dataset_01__primary,soh_estimation,initial,random,SOH ratio,rf,5.0,5,0.8020721879500418,0.014705423142549794,0.469342254721262,1.9971960168464442,0.5210861214856923
dataset_01__primary,soh_estimation,initial,random,SOH ratio,pinn,6.0,5,1.6383793058328902,0.23263929394352376,1.228280724776497,2.5358955963059815,1.2843920635490336
dataset_01__primary,soh_estimation,initial,random,SOH ratio,linear,7.0,5,4.374121047218105,0.0,3.8192070370072018,5.4350739474210075,3.9268016009001743
dataset_01__primary,soh_estimation,initial,temporal,SOH ratio,transformer,1.0,5,0.8122166810901412,0.12904357951667766,0.79003979820982,2.6455643603657766,1.2631138502955421
dataset_01__primary,soh_estimation,initial,temporal,SOH ratio,lstm,2.0,5,0.9380259421190248,0.7029690317631448,0.9216948068739466,3.0674120395969235,1.4675031982375961
dataset_01__primary,soh_estimation,initial,temporal,SOH ratio,cnn,3.0,5,1.408149974580756,0.42307135136865553,1.392408200217546,2.9863353683466975,1.9756614658115894
dataset_01__primary,soh_estimation,initial,temporal,SOH ratio,xgboost,4.0,5,1.4128696476545293,0.0,0.983371700109166,3.798492137148248,1.5603137516691528
dataset_01__primary,soh_estimation,initial,temporal,SOH ratio,rf,5.0,5,1.5108728633085284,0.011898935759439238,1.3466042561127418,3.8993369104836297,1.8928747772284944
dataset_01__primary,soh_estimation,initial,temporal,SOH ratio,pinn,6.0,5,2.478536287369473,0.2917201098766899,2.380750078933961,4.134468468556628,2.942625289460664
dataset_01__primary,soh_estimation,initial,temporal,SOH ratio,linear,7.0,5,3.278933939379931,0.0,3.195559166291115,5.379026526662047,3.8570137819711787
dataset_03__continued,soh_estimation,baseline,cross_cell,SOH ratio,xgboost,1.0,5,0.016401050643968455,0.0,0.012109901990966409,0.017122143298491207,0.01219967818667327
dataset_03__continued,soh_estimation,baseline,cross_cell,SOH ratio,rf,2.0,5,0.022383669413085654,0.004571022065194393,0.017716422549295664,0.023887816432536006,0.018001411318260576
dataset_03__continued,soh_estimation,baseline,cross_cell,SOH ratio,lstm,3.0,5,0.025375451905666868,0.003235332130197479,0.01565070476650037,0.027604031505655637,0.015917749856613737
dataset_03__continued,soh_estimation,baseline,cross_cell,SOH ratio,cnn,4.0,5,0.04112722493262495,0.013949724294397269,0.03896604025665689,0.04370201525752818,0.039616870909123234
dataset_03__continued,soh_estimation,baseline,cross_cell,SOH ratio,transformer,5.0,5,0.04588752437424783,0.02701882920219041,0.034438508529305425,0.04816327444935321,0.03496876988941951
dataset_03__continued,soh_estimation,baseline,cross_cell,SOH ratio,pinn,6.0,5,0.04663577669226971,0.022466951090058918,0.03992094464921804,0.047788545460996014,0.039705059424174446
dataset_03__continued,soh_estimation,baseline,cross_cell,SOH ratio,linear,7.0,5,0.11529657902776769,0.0,0.11453470536741044,0.12010127262684678,0.11609335918103154
dataset_03__continued,soh_estimation,baseline,random,SOH ratio,lstm,1.0,5,0.0017005974461581784,0.0001437310992274989,0.0011694599876740247,0.002003748535041437,0.0012239451751117733
dataset_03__continued,soh_estimation,baseline,random,SOH ratio,cnn,2.0,5,0.0017691792921526873,6.782757312055419e-05,0.0011907845025729805,0.002215394959671458,0.0012935655909269632
dataset_03__continued,soh_estimation,baseline,random,SOH ratio,transformer,3.0,5,0.002168449376821078,0.00014922312794667016,0.0015833504428825976,0.0025337144452537413,0.0017197374189444048
dataset_03__continued,soh_estimation,baseline,random,SOH ratio,rf,4.0,5,0.0031628025954494343,5.1594008747491515e-05,0.00180558027895528,0.0038000516526732484,0.002016809994045657
dataset_03__continued,soh_estimation,baseline,random,SOH ratio,xgboost,5.0,5,0.003644020369845754,0.0,0.002290819924470419,0.0039893256389068954,0.00246753595369224
dataset_03__continued,soh_estimation,baseline,random,SOH ratio,pinn,6.0,5,0.006694695907341677,0.0019249991056677351,0.004779950026105621,0.006959508276872995,0.004856443209926561
dataset_03__continued,soh_estimation,baseline,random,SOH ratio,linear,7.0,5,0.00968390272537545,0.0,0.007532282835977633,0.00945282833532016,0.006929101411033313
dataset_03__continued,soh_estimation,baseline,temporal,SOH ratio,cnn,1.0,5,0.0499323116717732,0.0029384949103997676,0.0454157819912057,0.05109248001850782,0.045845935896727495
dataset_03__continued,soh_estimation,baseline,temporal,SOH ratio,linear,2.0,5,0.057099425189176226,0.0,0.05117773891010045,0.05622582499531943,0.04760156245731931
dataset_03__continued,soh_estimation,baseline,temporal,SOH ratio,transformer,3.0,5,0.07146318535597429,0.0012364281029672932,0.06549065854475429,0.07463240414186091,0.06809722642323118
dataset_03__continued,soh_estimation,baseline,temporal,SOH ratio,lstm,4.0,5,0.07270205506414418,0.0008467028031415808,0.06671928940552396,0.07624939524318537,0.0696756034414183
dataset_03__continued,soh_estimation,baseline,temporal,SOH ratio,pinn,5.0,5,0.07772573019719849,0.004384117029691967,0.07123634670013346,0.08185808152499181,0.07356143784348146
dataset_03__continued,soh_estimation,baseline,temporal,SOH ratio,xgboost,6.0,5,0.07979569886277751,0.0,0.07438615489439539,0.08207973726985082,0.0761013283841765
dataset_03__continued,soh_estimation,baseline,temporal,SOH ratio,rf,7.0,5,0.0817112626912594,0.00010021407819728677,0.0762247614714707,0.08450620971595627,0.07825030143299161
dataset_03__continued,soh_estimation,initial,cross_cell,SOH ratio,rf,1.0,5,0.017593520459274738,0.0006514995610903818,0.013122483038912497,0.018473904229114862,0.013326024367876065
dataset_03__continued,soh_estimation,initial,cross_cell,SOH ratio,xgboost,2.0,5,0.018968673043372457,0.0,0.015078316189810207,0.019424253820264685,0.015207549032536816
dataset_03__continued,soh_estimation,initial,cross_cell,SOH ratio,lstm,3.0,5,0.026855032999671347,0.0023340489636346465,0.016805942941070677,0.0291519709868239,0.017086472933741305
dataset_03__continued,soh_estimation,initial,cross_cell,SOH ratio,transformer,4.0,5,0.03249312181787503,0.004997344711930655,0.024080578265697393,0.03452464289662302,0.024467815765119673
dataset_03__continued,soh_estimation,initial,cross_cell,SOH ratio,cnn,5.0,5,0.03617562506211927,0.00912891945634456,0.03457418420068041,0.03810090738636415,0.03507048999193555
dataset_03__continued,soh_estimation,initial,cross_cell,SOH ratio,pinn,6.0,5,0.05420962255696735,0.021810983229786474,0.046860128799679004,0.05634129763820661,0.04667292797908522
dataset_03__continued,soh_estimation,initial,cross_cell,SOH ratio,linear,7.0,5,0.087089454701121,0.0,0.08587744262075042,0.09176532035510183,0.08724545747089947
dataset_03__continued,soh_estimation,initial,random,SOH ratio,lstm,1.0,5,0.0016019158901138379,5.674786744103108e-05,0.0010852656170571551,0.001936008226586439,0.0011393643349479753
dataset_03__continued,soh_estimation,initial,random,SOH ratio,cnn,2.0,5,0.0017403863537002403,0.0001132548335892132,0.0011718277496083852,0.0021811499394746242,0.001260465356790023
dataset_03__continued,soh_estimation,initial,random,SOH ratio,transformer,3.0,5,0.002266371568703109,0.0001899639969959039,0.0015603037055736927,0.0026153713159690777,0.0016530413668795318
dataset_03__continued,soh_estimation,initial,random,SOH ratio,rf,4.0,5,0.0031524167036026153,3.9006193439378704e-05,0.001689339466681612,0.0038098598260468434,0.0018526380327812085
dataset_03__continued,soh_estimation,initial,random,SOH ratio,xgboost,5.0,5,0.0036664542680159055,0.0,0.0021684123750212924,0.003828322938172293,0.0022663867222453274
dataset_03__continued,soh_estimation,initial,random,SOH ratio,pinn,6.0,5,0.007177339418820375,0.0012507120773681622,0.004993522041076041,0.007416344174749766,0.0050116397779201875
dataset_03__continued,soh_estimation,initial,random,SOH ratio,linear,7.0,5,0.009815121855680876,0.0,0.007458770658946438,0.00954965193256233,0.006820957186737682
dataset_03__continued,soh_estimation,initial,temporal,SOH ratio,cnn,1.0,5,0.050450737131478476,0.006599483142637483,0.045674290525074414,0.05192583828035489,0.04613922196473682
dataset_03__continued,soh_estimation,initial,temporal,SOH ratio,linear,2.0,5,0.06032397956315631,7.757919228897728e-18,0.05365279964673673,0.05986859449692685,0.04935464336132628
dataset_03__continued,soh_estimation,initial,temporal,SOH ratio,lstm,3.0,5,0.07107134202427526,0.0021060892182420163,0.06474543310025914,0.07488452996870958,0.06787939010505487
dataset_03__continued,soh_estimation,initial,temporal,SOH ratio,transformer,4.0,5,0.07176196751817109,0.0011801015982974485,0.06546482629862185,0.07511309177901711,0.06816806460109313
dataset_03__continued,soh_estimation,initial,temporal,SOH ratio,pinn,5.0,5,0.08055922355201042,0.014255607216563014,0.07188109633365851,0.08586841068876626,0.07545682139669499
dataset_03__continued,soh_estimation,initial,temporal,SOH ratio,xgboost,6.0,5,0.08164168004864278,0.0,0.07618737051928273,0.08368937744729474,0.07770121711591922
dataset_03__continued,soh_estimation,initial,temporal,SOH ratio,rf,7.0,5,0.08315634087567045,4.7441496357531176e-05,0.07758708203269865,0.08520483525619374,0.07895707234755703
dataset_03__primary,soh_estimation,baseline,cross_cell,SOH ratio,lstm,1.0,5,0.006621626667185118,0.0005317952453607011,0.005401068494691466,0.00675760883265387,0.005349072208572285
dataset_03__primary,soh_estimation,baseline,cross_cell,SOH ratio,transformer,2.0,5,0.0067593024413688295,0.0009274493299381442,0.005740490550816755,0.0068227341213390694,0.00560904498328828
dataset_03__primary,soh_estimation,baseline,cross_cell,SOH ratio,rf,3.0,5,0.0068237053469639404,5.021993407066015e-05,0.0055760785678632,0.007063119036352958,0.005433193740374055
dataset_03__primary,soh_estimation,baseline,cross_cell,SOH ratio,cnn,4.0,5,0.007043063903583033,0.00039558353252242505,0.005887571178243006,0.007452327862729617,0.005752526809747356
dataset_03__primary,soh_estimation,baseline,cross_cell,SOH ratio,xgboost,5.0,5,0.007305565397136335,0.0,0.005580121456054841,0.007295063494435946,0.0053208923128360746
dataset_03__primary,soh_estimation,baseline,cross_cell,SOH ratio,pinn,6.0,5,0.011552743493425287,0.006475522893820612,0.009311738529822974,0.012036593813134546,0.00929062854344933
dataset_03__primary,soh_estimation,baseline,cross_cell,SOH ratio,linear,7.0,5,0.012700218028137433,1.939479807224432e-18,0.010875678603318353,0.013036461105690655,0.010906183745915284
dataset_03__primary,soh_estimation,baseline,random,SOH ratio,lstm,1.0,5,0.002072229371901728,0.00022993389413376536,0.0011870280912970091,0.003112665865931196,0.0011629437295341
dataset_03__primary,soh_estimation,baseline,random,SOH ratio,cnn,2.0,5,0.002980242787921702,0.00023088912556775483,0.0018957036263980854,0.004600186694457787,0.0018248136045042724
dataset_03__primary,soh_estimation,baseline,random,SOH ratio,transformer,3.0,5,0.003185969517008956,0.000395695404172968,0.0023788858113967274,0.0035684562362230934,0.002264179357058618
dataset_03__primary,soh_estimation,baseline,random,SOH ratio,rf,4.0,5,0.0035841009444279133,1.1485348704730107e-05,0.002401060715376599,0.0038968976584493496,0.0022008364600536105
dataset_03__primary,soh_estimation,baseline,random,SOH ratio,xgboost,5.0,5,0.004983442526290771,0.0,0.0029586595639055657,0.00788201254847212,0.0027926166122330858
dataset_03__primary,soh_estimation,baseline,random,SOH ratio,pinn,6.0,5,0.007209808648690861,0.0005410518784636053,0.00549082805908487,0.007420517161964635,0.005274812971145489
dataset_03__primary,soh_estimation,baseline,random,SOH ratio,linear,7.0,5,0.020212527076588417,0.0,0.010396298072848304,0.054150425379969926,0.009741038796556193
dataset_03__primary,soh_estimation,baseline,temporal,SOH ratio,cnn,1.0,5,0.036643351290248344,0.009441812299375454,0.03210410445724279,0.03866747947412587,0.029353041695532482
dataset_03__primary,soh_estimation,baseline,temporal,SOH ratio,lstm,2.0,5,0.06095426322857719,0.002140438852889113,0.05450314302666916,0.06251771819408267,0.05012926719664642
dataset_03__primary,soh_estimation,baseline,temporal,SOH ratio,linear,3.0,5,0.06550704665137555,0.0,0.060465611280058854,0.06679290814210352,0.05618837257000976
dataset_03__primary,soh_estimation,baseline,temporal,SOH ratio,transformer,4.0,5,0.069523582510298,0.005245687732968564,0.06266092691001882,0.07135617505298229,0.05784369168935719
dataset_03__primary,soh_estimation,baseline,temporal,SOH ratio,pinn,5.0,5,0.07997968439277806,0.011307502265540099,0.0741906893538189,0.08143271218596142,0.06904107980865105
dataset_03__primary,soh_estimation,baseline,temporal,SOH ratio,xgboost,6.0,5,0.08585273435172323,0.0,0.0797926642699982,0.08736808663026502,0.0751205140690882
dataset_03__primary,soh_estimation,baseline,temporal,SOH ratio,rf,7.0,5,0.08687084709649356,0.00015390263759724386,0.081993858106015,0.08742359284848904,0.07665005703101603
dataset_03__primary,soh_estimation,initial,cross_cell,SOH ratio,cnn,1.0,5,0.004753601900832841,0.0004962271971385277,0.003491989423268558,0.0048929628428129295,0.0034351072955175325
dataset_03__primary,soh_estimation,initial,cross_cell,SOH ratio,transformer,2.0,5,0.0047646908750838945,0.0013356553984605148,0.003502043689799198,0.0049383409241283835,0.0034983161717653034
dataset_03__primary,soh_estimation,initial,cross_cell,SOH ratio,rf,3.0,5,0.005078311361168483,1.8239548545167178e-05,0.003289908965188901,0.005293817435063332,0.003227718551524238
dataset_03__primary,soh_estimation,initial,cross_cell,SOH ratio,lstm,4.0,5,0.005098961108095091,0.0006030268960536048,0.0035350711558498117,0.0054886488105952,0.003590898360989118
dataset_03__primary,soh_estimation,initial,cross_cell,SOH ratio,xgboost,5.0,5,0.005754683893428634,0.0,0.003570923995150401,0.006140257427717336,0.0035206680228603215
dataset_03__primary,soh_estimation,initial,cross_cell,SOH ratio,pinn,6.0,5,0.008348024867334472,0.0024866319276126017,0.006002337644383572,0.008742938928525052,0.0060230001798698375
dataset_03__primary,soh_estimation,initial,cross_cell,SOH ratio,linear,7.0,5,0.01158964796509236,0.0,0.00956912625172232,0.012384135871304535,0.009583111838326806
dataset_03__primary,soh_estimation,initial,random,SOH ratio,lstm,1.0,5,0.0019643935640900126,0.0002573539592771524,0.001028150030058778,0.0034355771225391225,0.0010250500601900335
dataset_03__primary,soh_estimation,initial,random,SOH ratio,cnn,2.0,5,0.002814561094837386,0.00017906959125108934,0.0016680097938645828,0.004527350623268905,0.0016085390987721853
dataset_03__primary,soh_estimation,initial,random,SOH ratio,transformer,3.0,5,0.003034834476253619,0.0002859985676518631,0.002062217524466584,0.0036555305787229894,0.0020111555120292494
dataset_03__primary,soh_estimation,initial,random,SOH ratio,rf,4.0,5,0.003329094479165627,2.901458313503755e-05,0.0018781271217844123,0.003710907592948391,0.0017160019302924876
dataset_03__primary,soh_estimation,initial,random,SOH ratio,xgboost,5.0,5,0.004955398362338193,0.0,0.0023075447463168255,0.010134170630187619,0.002160051327632766
dataset_03__primary,soh_estimation,initial,random,SOH ratio,pinn,6.0,5,0.006985776598901944,0.0011468906559928581,0.004816974230496712,0.007315442844042045,0.004626734482673628
dataset_03__primary,soh_estimation,initial,random,SOH ratio,linear,7.0,5,0.02075882924104389,0.0,0.010355706202830025,0.055815061642564515,0.009610381963430472
dataset_03__primary,soh_estimation,initial,temporal,SOH ratio,cnn,1.0,5,0.041453097307241435,0.006333782418692179,0.037080894136718605,0.04322120745718206,0.03402161374935919
dataset_03__primary,soh_estimation,initial,temporal,SOH ratio,lstm,2.0,5,0.060619785995326705,0.003743188341144139,0.0543442559682404,0.06220619908517879,0.05039400077243925
dataset_03__primary,soh_estimation,initial,temporal,SOH ratio,transformer,3.0,5,0.06737536210439526,0.0035094142526019916,0.060273667537414775,0.06913104971007737,0.055468898584199525
dataset_03__primary,soh_estimation,initial,temporal,SOH ratio,linear,4.0,5,0.07098620184095634,0.0,0.06591955992069908,0.07212556066497154,0.05997869892488321
dataset_03__primary,soh_estimation,initial,temporal,SOH ratio,xgboost,5.0,5,0.08320943511494226,0.0,0.07790788612697414,0.08396883513278432,0.07274225861853033
dataset_03__primary,soh_estimation,initial,temporal,SOH ratio,rf,6.0,5,0.08676000955499633,2.7268389357781497e-05,0.08170876668440291,0.08745347938883415,0.07646026135865674
dataset_03__primary,soh_estimation,initial,temporal,SOH ratio,pinn,7.0,5,0.0915830720758574,0.010764618057427011,0.0851235548486845,0.09292677812029278,0.08026382095100734
dataset_03__rul,rul_prediction,baseline,cross_cell,source_summary_cycles,linear,1.0,5,80.82216090453694,0.0,70.03488606843776,91.29595989796448,71.22554056425014
dataset_03__rul,rul_prediction,baseline,cross_cell,source_summary_cycles,transformer,2.0,5,86.39317068154979,10.689236998359249,76.81307718178911,118.4143975816816,81.72318995315052
dataset_03__rul,rul_prediction,baseline,cross_cell,source_summary_cycles,lstm,3.0,5,86.63826595299595,8.287553007272246,76.0327461402704,121.37418418456818,81.7416940341079
dataset_03__rul,rul_prediction,baseline,cross_cell,source_summary_cycles,cnn,4.0,5,90.95989165737795,3.652379740271191,80.28368968306447,118.15643816367708,84.48869139789801
dataset_03__rul,rul_prediction,baseline,cross_cell,source_summary_cycles,rf,5.0,5,101.90007304662333,1.1052147895043265,74.06744977242366,134.33818602023754,80.87527320819254
dataset_03__rul,rul_prediction,baseline,cross_cell,source_summary_cycles,pinn,6.0,5,104.06967249841196,18.38411862739596,88.66459497381915,129.93116417307442,91.43271946250545
dataset_03__rul,rul_prediction,baseline,cross_cell,source_summary_cycles,xgboost,7.0,5,104.2750099933404,0.0,78.43824476469946,126.49013112871123,83.09974998792725
dataset_03__rul,rul_prediction,baseline,random,source_summary_cycles,lstm,1.0,5,8.37470145520779,0.47107353603167584,4.673288318850174,10.504501225576613,4.733936009259231
dataset_03__rul,rul_prediction,baseline,random,source_summary_cycles,transformer,2.0,5,11.13857927184284,0.6204845644789835,7.022300115525674,13.450785230766158,7.090233773079669
dataset_03__rul,rul_prediction,baseline,random,source_summary_cycles,cnn,3.0,5,11.24747351489842,0.6420934191446861,6.605682348248438,13.14153697754818,6.589733389761278
dataset_03__rul,rul_prediction,baseline,random,source_summary_cycles,rf,4.0,5,21.40788419055412,0.12391304583032754,15.137109810435325,23.48659930961545,15.242624248188198
dataset_03__rul,rul_prediction,baseline,random,source_summary_cycles,xgboost,5.0,5,23.961690039151435,0.0,17.87113295838451,25.319990480845494,18.10743436429279
dataset_03__rul,rul_prediction,baseline,random,source_summary_cycles,pinn,6.0,5,31.635844394337262,1.4770197167873336,21.136990776957305,35.28730902794818,21.39624206204112
dataset_03__rul,rul_prediction,baseline,random,source_summary_cycles,linear,7.0,5,104.07411139407122,0.0,65.69653021262894,185.01357414805483,65.43403481085805
dataset_03__rul,rul_prediction,baseline,temporal,source_summary_cycles,cnn,1.0,5,82.80421026775545,29.667324408217866,75.98124130451319,100.73405347188157,79.8834729116734
dataset_03__rul,rul_prediction,baseline,temporal,source_summary_cycles,linear,2.0,5,85.0096911192224,0.0,74.61424485703617,88.82324025502675,75.79657276694437
dataset_03__rul,rul_prediction,baseline,temporal,source_summary_cycles,transformer,3.0,5,90.13062630187218,17.84553945951237,83.53879056029358,92.07503432363119,80.91393131717142
dataset_03__rul,rul_prediction,baseline,temporal,source_summary_cycles,lstm,4.0,5,104.14084605268053,11.533554256581253,98.62442271548066,105.79330765094065,97.53183439553824
dataset_03__rul,rul_prediction,baseline,temporal,source_summary_cycles,xgboost,5.0,5,211.6890465388587,3.1776437161565096e-14,206.4394886153119,214.07431875131138,206.83129569648628
dataset_03__rul,rul_prediction,baseline,temporal,source_summary_cycles,pinn,6.0,5,234.11150459893832,25.553572199303574,221.78794504939873,244.26055790329042,224.5332767369478
dataset_03__rul,rul_prediction,baseline,temporal,source_summary_cycles,rf,7.0,5,236.28018812981858,1.0413724707071839,231.62765576767453,236.48498668009952,230.60620167749457
dataset_04__primary,rul_prediction,baseline,cross_cell,source_aging_drive_cycles,lstm,1.0,5,821.5409832887096,48.31922726456751,675.7425966178038,1017.1730757302319,738.6340634378868
dataset_04__primary,rul_prediction,baseline,cross_cell,source_aging_drive_cycles,transformer,2.0,5,830.4529372236011,80.55905635998847,706.3496142784423,1011.1768479912068,771.7210140927012
dataset_04__primary,rul_prediction,baseline,cross_cell,source_aging_drive_cycles,rf,3.0,5,831.4427812727574,3.7765757600060526,683.1130189588546,1066.9155338407722,764.9930292844408
dataset_04__primary,rul_prediction,baseline,cross_cell,source_aging_drive_cycles,xgboost,4.0,5,852.6086244007087,0.0,723.4043610611843,1081.397137767847,806.5177129425184
dataset_04__primary,rul_prediction,baseline,cross_cell,source_aging_drive_cycles,pinn,5.0,5,903.1172859594262,77.43970624740568,767.6012687302588,1061.4709372459056,830.5598552135461
dataset_04__primary,rul_prediction,baseline,cross_cell,source_aging_drive_cycles,cnn,6.0,5,1295.5006332568169,569.3421881003493,972.852993402629,1546.2347755494334,1026.2219398033444
dataset_04__primary,rul_prediction,baseline,cross_cell,source_aging_drive_cycles,linear,7.0,5,3946.9164287484505,0.0,1948.7188738256839,5284.096709109086,2005.9520785582893
dataset_04__primary,rul_prediction,baseline,random,source_aging_drive_cycles,transformer,1.0,5,213.12229355065924,27.25789511145634,158.11357363506073,236.36947429237952,158.08903150076907
dataset_04__primary,rul_prediction,baseline,random,source_aging_drive_cycles,cnn,2.0,5,235.8628775785769,10.47736102351882,148.37316842583553,290.75316403579535,152.53340217102888
dataset_04__primary,rul_prediction,baseline,random,source_aging_drive_cycles,lstm,3.0,5,269.6103145422875,9.057993908523027,167.48712743827278,331.23317170423104,174.35150232464343
dataset_04__primary,rul_prediction,baseline,random,source_aging_drive_cycles,xgboost,4.0,5,340.15180931014197,0.0,263.29284368880747,426.4885812569357,278.8860158401323
dataset_04__primary,rul_prediction,baseline,random,source_aging_drive_cycles,rf,5.0,5,390.19604040540196,7.6693168584544615,303.41762918318153,481.16214621306574,321.77347062820905
dataset_04__primary,rul_prediction,baseline,random,source_aging_drive_cycles,pinn,6.0,5,409.8178044124399,15.566568106440094,298.54559134837206,478.1571359342487,307.7632127313737
dataset_04__primary,rul_prediction,baseline,random,source_aging_drive_cycles,linear,7.0,5,1722.708546207316,0.0,1076.3731047040249,3365.0227101748956,1104.5832913767817
dataset_04__primary,rul_prediction,threshold_070,random,source_aging_drive_cycles,cnn,1.0,5,193.67917964392842,17.752228281276786,159.372625650542,191.88455622746594,156.83203653802497
dataset_04__primary,rul_prediction,threshold_070,random,source_aging_drive_cycles,lstm,2.0,5,225.48745931990916,54.653095598724654,179.01464767533145,227.67532423324195,167.56176876485713
dataset_04__primary,rul_prediction,threshold_070,random,source_aging_drive_cycles,transformer,3.0,5,232.49680695623016,52.84728528102953,187.28130665868704,235.93576363856306,187.61488506821854
dataset_04__primary,rul_prediction,threshold_070,random,source_aging_drive_cycles,linear,4.0,5,280.0405642543543,0.0,245.22819166045934,280.54811170082394,243.71908361561333
dataset_04__primary,rul_prediction,threshold_070,random,source_aging_drive_cycles,xgboost,5.0,5,360.63410087472363,0.0,285.7539487282738,362.57968607294237,271.43738385282745
dataset_04__primary,rul_prediction,threshold_070,random,source_aging_drive_cycles,pinn,6.0,5,414.5971249735323,100.40957308215148,334.83889250542063,418.0409658756222,329.137794101816
dataset_04__primary,rul_prediction,threshold_070,random,source_aging_drive_cycles,rf,7.0,5,475.2787470867801,14.656472633411832,323.73515419501155,495.3708704606752,327.6614583333335
dataset_04__primary,soh_estimation,baseline,cross_cell,SOH ratio,lstm,1.0,5,0.012192032633361351,0.0011781537850371648,0.010076974253700905,0.012419512013112253,0.010065603465127918
dataset_04__primary,soh_estimation,baseline,cross_cell,SOH ratio,cnn,2.0,5,0.012969902961063217,0.002537327170564371,0.010398940989472057,0.013255797061435443,0.01035017465416877
dataset_04__primary,soh_estimation,baseline,cross_cell,SOH ratio,transformer,3.0,5,0.016625935716608718,0.0041218881502463845,0.011274284917342963,0.019232218774448185,0.011332164125723696
dataset_04__primary,soh_estimation,baseline,cross_cell,SOH ratio,xgboost,4.0,5,0.02250327107929558,0.0,0.01510335328407065,0.026121707233143922,0.014876594738627702
dataset_04__primary,soh_estimation,baseline,cross_cell,SOH ratio,rf,5.0,5,0.028013205046697208,0.00117145442766901,0.019032003297997018,0.03257145608105301,0.018734935566858894
dataset_04__primary,soh_estimation,baseline,cross_cell,SOH ratio,linear,6.0,5,0.03683457957487892,0.0,0.022182997122082205,0.04082488647364175,0.022320769193195738
dataset_04__primary,soh_estimation,baseline,cross_cell,SOH ratio,pinn,7.0,5,0.2010707196459512,0.0186465406374345,0.12195983866728957,0.22861503574135056,0.12220429923062959
dataset_04__primary,soh_estimation,baseline,random,SOH ratio,transformer,1.0,5,0.002846094971506679,0.00023115785821383876,0.002333627383353157,0.003056111819115381,0.0024212569232713384
dataset_04__primary,soh_estimation,baseline,random,SOH ratio,lstm,2.0,5,0.0037377399351542313,0.00022096129230822522,0.0027788763612420194,0.003967398913600262,0.002763937882720874
dataset_04__primary,soh_estimation,baseline,random,SOH ratio,xgboost,3.0,5,0.004502361993200361,0.0,0.003577132947899192,0.004745629122215629,0.0036265819761890305
dataset_04__primary,soh_estimation,baseline,random,SOH ratio,rf,4.0,5,0.0045556863362107465,0.0001070090989871369,0.0035971716825829404,0.00505375800340919,0.0036587212568671263
dataset_04__primary,soh_estimation,baseline,random,SOH ratio,cnn,5.0,5,0.005098147206650626,0.00024955264867104814,0.0037992703100736985,0.0051924403728089395,0.0036371615211993657
dataset_04__primary,soh_estimation,baseline,random,SOH ratio,linear,6.0,5,0.018416050007449343,0.0,0.011176266556406484,0.03901758362432013,0.012480381810814718
dataset_04__primary,soh_estimation,baseline,random,SOH ratio,pinn,7.0,5,0.04854996610644181,0.015756289600683107,0.033144079742799135,0.08412113346248551,0.03551412204496238
dataset_04__primary,soh_estimation,baseline,temporal,SOH ratio,cnn,1.0,5,0.015403751976448814,0.006874340370082594,0.015403751976448814,0.017118673243116035,0.015403751976448814
dataset_04__primary,soh_estimation,baseline,temporal,SOH ratio,linear,2.0,5,0.01906281275254082,0.0,0.01906281275254082,0.020358369976017178,0.01906281275254082
dataset_04__primary,soh_estimation,baseline,temporal,SOH ratio,transformer,3.0,5,0.039184030034576545,0.008578016722451733,0.039184030034576545,0.039866739150125986,0.039184030034576545
dataset_04__primary,soh_estimation,baseline,temporal,SOH ratio,lstm,4.0,5,0.04565611558829599,0.008982356155794863,0.04565611558829599,0.046406466017129624,0.04565611558829599
dataset_04__primary,soh_estimation,baseline,temporal,SOH ratio,xgboost,5.0,5,0.05890113470303728,7.757919228897728e-18,0.05890113470303728,0.05970200402288286,0.05890113470303728
dataset_04__primary,soh_estimation,baseline,temporal,SOH ratio,rf,6.0,5,0.0593859076281847,0.0003826322779953747,0.0593859076281847,0.060411209536352005,0.0593859076281847
dataset_04__primary,soh_estimation,baseline,temporal,SOH ratio,pinn,7.0,5,0.5382075841558018,0.30002042119814404,0.5382075841558018,0.6120072188369077,0.5382075841558018
dataset_04__primary,soh_estimation,initial,cross_cell,SOH ratio,lstm,1.0,5,0.00891080522220259,0.0011130096349522133,0.005898333825205529,0.009649641333219395,0.005883380869956863
dataset_04__primary,soh_estimation,initial,cross_cell,SOH ratio,cnn,2.0,5,0.012960591028302207,0.0028877475619250585,0.009400323982300365,0.014417828555607725,0.009334463236923267
dataset_04__primary,soh_estimation,initial,cross_cell,SOH ratio,transformer,3.0,5,0.0138565431186957,0.004053337148552334,0.008767862123552819,0.015887344599813707,0.008753619149432184
dataset_04__primary,soh_estimation,initial,cross_cell,SOH ratio,xgboost,4.0,5,0.027765855323028842,3.878959614448864e-18,0.018221458320058222,0.03272132205081169,0.017932568419863154
dataset_04__primary,soh_estimation,initial,cross_cell,SOH ratio,rf,5.0,5,0.02816023017807858,0.0005618347266689261,0.01859790020905732,0.033457057438860474,0.018281404435267195
dataset_04__primary,soh_estimation,initial,cross_cell,SOH ratio,linear,6.0,5,0.0378309645997248,0.0,0.02137574297011238,0.0408845557452416,0.0214073139813532
dataset_04__primary,soh_estimation,initial,cross_cell,SOH ratio,pinn,7.0,5,0.20288545230178306,0.020573539626955593,0.12634865128313058,0.23129489909563614,0.12664169587356264
dataset_04__primary,soh_estimation,initial,random,SOH ratio,transformer,1.0,5,0.0027991559737245647,0.00023011257639570673,0.002324720689300405,0.0028674516797418314,0.002254820295678647
dataset_04__primary,soh_estimation,initial,random,SOH ratio,lstm,2.0,5,0.0037190033281854036,0.00027154540467523754,0.0028291550294443817,0.0040256893674435,0.0027519723929391874
dataset_04__primary,soh_estimation,initial,random,SOH ratio,rf,3.0,5,0.004002577647332065,0.00016740513429745554,0.003133361437015631,0.004519461465735652,0.003251006543812171
dataset_04__primary,soh_estimation,initial,random,SOH ratio,xgboost,4.0,5,0.00444415602460348,0.0,0.0030930130851093136,0.004757946530643066,0.0031631508942762342
dataset_04__primary,soh_estimation,initial,random,SOH ratio,cnn,5.0,5,0.004777213215098141,0.0002548532599492573,0.003562363337686653,0.00504898227594752,0.0033943984478022027
dataset_04__primary,soh_estimation,initial,random,SOH ratio,linear,6.0,5,0.015296776352760683,0.0,0.008678075357087055,0.03039112117581948,0.009516820331717924
dataset_04__primary,soh_estimation,initial,random,SOH ratio,pinn,7.0,5,0.05130028665723559,0.014143896432719256,0.03433886605004577,0.0893842703469127,0.036687511463809976
dataset_04__primary,soh_estimation,initial,temporal,SOH ratio,linear,1.0,5,0.005848978756554352,0.0,0.005848978756554352,0.0069865771078730906,0.005848978756554352
dataset_04__primary,soh_estimation,initial,temporal,SOH ratio,cnn,2.0,5,0.012673175310283408,0.008182344301897973,0.012673175310283408,0.014091603394323873,0.012673175310283408
dataset_04__primary,soh_estimation,initial,temporal,SOH ratio,transformer,3.0,5,0.04156081507310431,0.007652705939197136,0.04156081507310431,0.041930678740576925,0.04156081507310431
dataset_04__primary,soh_estimation,initial,temporal,SOH ratio,lstm,4.0,5,0.046073812689483476,0.007019215156830916,0.046073812689483476,0.046732776598191174,0.046073812689483476
dataset_04__primary,soh_estimation,initial,temporal,SOH ratio,rf,5.0,5,0.06218721675606385,0.0003803218405274533,0.06218721675606385,0.0628709236748978,0.06218721675606385
dataset_04__primary,soh_estimation,initial,temporal,SOH ratio,xgboost,6.0,5,0.0640702809644407,0.0,0.0640702809644407,0.06444949216695127,0.0640702809644407
dataset_04__primary,soh_estimation,initial,temporal,SOH ratio,pinn,7.0,5,0.5327097948086529,0.3028358292443586,0.5327097948086529,0.6104515635599534,0.5327097948086529
dataset_05__primary,rul_prediction,baseline,cross_cell,recorded_aging_discharge_operations,rf,1.0,5,93.77878700318868,1.160861764759096,84.0733154253824,105.38107614380053,80.52031434583934
dataset_05__primary,rul_prediction,baseline,cross_cell,recorded_aging_discharge_operations,xgboost,2.0,5,101.76322497147218,0.0,87.69140020460715,113.69321523096691,84.41972115081865
dataset_05__primary,rul_prediction,baseline,cross_cell,recorded_aging_discharge_operations,transformer,3.0,5,111.76196103950977,4.051045715286564,103.0926379338526,138.94647354655928,97.46391373513472
dataset_05__primary,rul_prediction,baseline,cross_cell,recorded_aging_discharge_operations,lstm,4.0,5,119.1019514429538,7.101973577667043,108.87715641834056,145.31573743286168,101.89100918564051
dataset_05__primary,rul_prediction,baseline,cross_cell,recorded_aging_discharge_operations,cnn,5.0,5,125.53458611299534,5.805046738292592,114.82168398818071,141.24494504533746,110.95553263671768
dataset_05__primary,rul_prediction,baseline,cross_cell,recorded_aging_discharge_operations,pinn,6.0,5,131.04923837762792,15.523169793875757,115.66679076599556,150.46131600991674,109.58756023596955
dataset_05__primary,rul_prediction,baseline,cross_cell,recorded_aging_discharge_operations,linear,7.0,5,67703.3799043137,0.0,26961.211223665236,105929.49282575739,29753.171579421592
dataset_05__primary,rul_prediction,baseline,random,recorded_aging_discharge_operations,cnn,1.0,5,82.54563020414784,3.9992529786071143,77.35327189182793,101.75758054069085,77.35327189182793
dataset_05__primary,rul_prediction,baseline,random,recorded_aging_discharge_operations,lstm,2.0,5,84.39714045338967,1.4324072556298935,79.19450338215108,103.8453721441319,79.19450338215108
dataset_05__primary,rul_prediction,baseline,random,recorded_aging_discharge_operations,transformer,3.0,5,84.46536086187577,8.306327402901456,77.83019919286701,104.8788702660244,77.83019919286701
dataset_05__primary,rul_prediction,baseline,random,recorded_aging_discharge_operations,xgboost,4.0,5,101.80081106721266,0.0,91.63684684232261,124.45069535902424,91.63684684232261
dataset_05__primary,rul_prediction,baseline,random,recorded_aging_discharge_operations,rf,5.0,5,105.34927213386273,1.6551999510221813,99.20831709776333,129.27463464032238,99.20831709776333
dataset_05__primary,rul_prediction,baseline,random,recorded_aging_discharge_operations,pinn,6.0,5,120.53188635254348,15.253703384385481,114.09512391543481,144.47117482804566,114.09512391543478
dataset_05__primary,rul_prediction,baseline,random,recorded_aging_discharge_operations,linear,7.0,5,280636.4457252778,0.0,210233.83914738247,938474.5545939414,210233.8391473825
dataset_05__primary,rul_prediction,threshold_070,cross_cell,recorded_aging_discharge_operations,xgboost,1.0,5,134.53712041202587,0.0,121.50739333618617,167.58713909872884,119.44094227665286
dataset_05__primary,rul_prediction,threshold_070,cross_cell,recorded_aging_discharge_operations,rf,2.0,5,137.611220396599,1.4064869489737148,124.68355723771495,170.50867491752132,122.55561352054364
dataset_05__primary,rul_prediction,threshold_070,cross_cell,recorded_aging_discharge_operations,lstm,3.0,5,161.79138921712246,4.318323013053453,147.8170936983551,208.46346456790792,143.39099402049325
dataset_05__primary,rul_prediction,threshold_070,cross_cell,recorded_aging_discharge_operations,transformer,4.0,5,166.16372482222067,9.14306823084666,154.75166986948037,208.0988031551827,150.6620380762046
dataset_05__primary,rul_prediction,threshold_070,cross_cell,recorded_aging_discharge_operations,cnn,5.0,5,170.4440487023672,9.427920898927436,159.50405848970416,221.10178075942486,157.7435203073855
dataset_05__primary,rul_prediction,threshold_070,cross_cell,recorded_aging_discharge_operations,pinn,6.0,5,171.40926774108098,8.588941840031852,157.76187206147137,211.2077839538337,154.9370121495534
dataset_05__primary,rul_prediction,threshold_070,cross_cell,recorded_aging_discharge_operations,linear,7.0,5,5429.19983060834,0.0,2668.3697349660792,8358.301732784927,2883.9751333397967
dataset_05__primary,rul_prediction,threshold_070,random,recorded_aging_discharge_operations,lstm,1.0,5,87.11180427068443,1.9898202363811772,79.12471077108196,99.37460793087396,78.44410879020123
dataset_05__primary,rul_prediction,threshold_070,random,recorded_aging_discharge_operations,cnn,2.0,5,87.22908173543586,5.638821366774932,81.10337915416972,101.4663554794503,79.2509112003604
dataset_05__primary,rul_prediction,threshold_070,random,recorded_aging_discharge_operations,transformer,3.0,5,100.33555182699476,14.3267062593854,92.5347435921603,117.55054622153253,92.79599467366668
dataset_05__primary,rul_prediction,threshold_070,random,recorded_aging_discharge_operations,xgboost,4.0,5,101.25651125842542,0.0,91.79923760086963,119.67150056274406,92.3470837101492
dataset_05__primary,rul_prediction,threshold_070,random,recorded_aging_discharge_operations,rf,5.0,5,109.79559809012567,1.3935037375743258,100.8539733605899,128.3060719447604,99.5813031299131
dataset_05__primary,rul_prediction,threshold_070,random,recorded_aging_discharge_operations,pinn,6.0,5,148.8399586460453,12.22520715896303,136.73708704620304,166.12063158547082,133.35980596757972
dataset_05__primary,rul_prediction,threshold_070,random,recorded_aging_discharge_operations,linear,7.0,5,48875.42131988679,0.0,34744.55905392602,181047.04801755998,33242.4293577231
dataset_05__primary,soh_estimation,baseline,cross_cell,SOH ratio,xgboost,1.0,5,0.016436196325937995,0.0,0.010810029806392028,0.017024480302631536,0.0106109368093378
dataset_05__primary,soh_estimation,baseline,cross_cell,SOH ratio,rf,2.0,5,0.019375306015770005,0.0005057549837997863,0.013220498055528796,0.020818698171881627,0.013068801217039747
dataset_05__primary,soh_estimation,baseline,cross_cell,SOH ratio,transformer,3.0,5,0.019534598009424666,0.0017616266051034726,0.015365470534672687,0.0203406481226033,0.015313220924426062
dataset_05__primary,soh_estimation,baseline,cross_cell,SOH ratio,lstm,4.0,5,0.05217480551698992,0.004866674033550424,0.03701528997310246,0.05611750528949464,0.036535569401850855
dataset_05__primary,soh_estimation,baseline,cross_cell,SOH ratio,cnn,5.0,5,0.06328631736968067,0.0024857209933797303,0.042116117439180305,0.06902097314893593,0.042045175271684956
dataset_05__primary,soh_estimation,baseline,cross_cell,SOH ratio,pinn,6.0,5,0.07563147180758689,0.017193998983226877,0.05334299978727346,0.07983629843084192,0.05326194770262884
dataset_05__primary,soh_estimation,baseline,cross_cell,SOH ratio,linear,7.0,5,1.6584126774221264,0.0,0.6394034920437911,2.38164291671456,0.6713007131856702
dataset_05__primary,soh_estimation,baseline,random,SOH ratio,xgboost,1.0,5,0.01330622916957645,0.0,0.010550903233489733,0.015474067951475096,0.010668108209787818
dataset_05__primary,soh_estimation,baseline,random,SOH ratio,rf,2.0,5,0.016495927405330606,0.00024688074156385334,0.012852603066612034,0.018854607605147795,0.012922142619433464
dataset_05__primary,soh_estimation,baseline,random,SOH ratio,transformer,3.0,5,0.01685131675027112,0.0005979766960463232,0.014527916388499429,0.01890438673843768,0.014711118404467904
dataset_05__primary,soh_estimation,baseline,random,SOH ratio,lstm,4.0,5,0.026982449329585333,0.001210392186404136,0.02270693307084471,0.03401478762491674,0.022694599642645072
dataset_05__primary,soh_estimation,baseline,random,SOH ratio,cnn,5.0,5,0.037516891791188604,0.0013527322656846298,0.030378939391569798,0.04487466394850861,0.03045389826131582
dataset_05__primary,soh_estimation,baseline,random,SOH ratio,pinn,6.0,5,0.05147730971650053,0.007502575393109101,0.043508234223822814,0.06113847861482576,0.043402003448967594
dataset_05__primary,soh_estimation,baseline,random,SOH ratio,linear,7.0,5,2.6233557292918803,0.0,1.6553721464669393,7.425178189878676,1.7140965534383106
dataset_06__primary,rul_prediction,baseline,cross_cell,source_cycle_number,pinn,1.0,5,707.2046308732522,19.993268584845225,599.6860437860189,1389.2297629152392,1063.1668346610431
dataset_06__primary,rul_prediction,baseline,cross_cell,source_cycle_number,lstm,2.0,5,715.6379060222093,25.02329990458851,629.3140754483429,1462.999887290077,1159.9412608201624
dataset_06__primary,rul_prediction,baseline,cross_cell,source_cycle_number,rf,3.0,5,731.0733928352798,1.2535964359844498,629.4255277555468,1431.2860656553717,1119.1820224047758
dataset_06__primary,rul_prediction,baseline,cross_cell,source_cycle_number,transformer,4.0,5,735.5428106446707,24.377255427751816,653.638094129021,1520.1372240302367,1218.0911893409925
dataset_06__primary,rul_prediction,baseline,cross_cell,source_cycle_number,xgboost,5.0,5,749.6440705895697,0.0,649.8557616284318,1451.217678040583,1141.5747896194162
dataset_06__primary,rul_prediction,baseline,cross_cell,source_cycle_number,cnn,6.0,5,924.1964304241799,78.96845067691707,908.1944879058744,1940.7302911125182,1725.0066512883827
dataset_06__primary,rul_prediction,baseline,cross_cell,source_cycle_number,linear,7.0,5,1546.5086168178636,0.0,1536.8159982523196,3237.5335938795097,2921.550892854536
dataset_06__primary,rul_prediction,baseline,random,source_cycle_number,rf,1.0,5,14.233911311357925,0.2561456667689759,6.9150595575721425,27.622747336008405,6.230388138356067
dataset_06__primary,rul_prediction,baseline,random,source_cycle_number,lstm,2.0,5,20.072777219257247,2.454108725056577,14.71114698730434,22.886596079058886,12.643052300098226
dataset_06__primary,rul_prediction,baseline,random,source_cycle_number,xgboost,3.0,5,22.352942378310683,0.0,15.920560680113473,29.390802865275578,16.701572013654225
dataset_06__primary,rul_prediction,baseline,random,source_cycle_number,cnn,4.0,5,25.056747402300203,3.0438101199187555,19.388893140847706,28.6034742854054,16.415677950268226
dataset_06__primary,rul_prediction,baseline,random,source_cycle_number,transformer,5.0,5,27.846663976166788,3.6459589358774487,23.55271090485608,29.010595119754953,19.939130932984614
dataset_06__primary,rul_prediction,baseline,random,source_cycle_number,pinn,6.0,5,34.75306584241328,4.380979412303041,26.67081277677888,37.48332544147872,25.262377254306767
dataset_06__primary,rul_prediction,baseline,random,source_cycle_number,linear,7.0,5,213.7156447055128,0.0,155.64952784452439,277.69326936829395,153.4179166831749
dataset_06__primary,rul_prediction,baseline,temporal,source_cycle_number,transformer,1.0,5,19.85780937378166,15.592609854790785,19.210488510668768,19.85780937378166,19.210488510668768
dataset_06__primary,rul_prediction,baseline,temporal,source_cycle_number,cnn,2.0,5,34.02623389631975,15.064583405001828,31.131746112579407,34.02623389631975,31.131746112579407
dataset_06__primary,rul_prediction,baseline,temporal,source_cycle_number,pinn,3.0,5,59.5935295021412,18.351964742428336,51.511173751699786,59.5935295021412,51.511173751699786
dataset_06__primary,rul_prediction,baseline,temporal,source_cycle_number,linear,4.0,5,65.34414899748339,0.0,61.64227034454272,65.34414899748339,61.64227034454272
dataset_06__primary,rul_prediction,baseline,temporal,source_cycle_number,lstm,5.0,5,74.56662209179191,33.09232352730549,73.9181882247915,74.56662209179191,73.9181882247915
dataset_06__primary,rul_prediction,baseline,temporal,source_cycle_number,rf,6.0,5,105.44604310590383,3.8421754579963636,105.19542426232765,105.44604310590383,105.19542426232765
dataset_06__primary,rul_prediction,baseline,temporal,source_cycle_number,xgboost,7.0,5,124.41903054145364,1.5888218580782548e-14,123.90060451621657,124.41903054145364,123.90060451621657
dataset_06__primary,rul_prediction,threshold_070,random,source_cycle_number,lstm,1.0,5,6.7755411490319775,0.5063251935657483,4.894769306676023,7.608202283915345,4.931614182406098
dataset_06__primary,rul_prediction,threshold_070,random,source_cycle_number,cnn,2.0,5,7.124176807035565,0.30274401277611207,5.324645964224702,8.330707196525811,5.420905820949468
dataset_06__primary,rul_prediction,threshold_070,random,source_cycle_number,rf,3.0,5,7.7359309350857925,0.0717690124519773,5.227895668191621,8.964815630544697,5.43740842786899
dataset_06__primary,rul_prediction,threshold_070,random,source_cycle_number,xgboost,4.0,5,7.784274939573896,9.930136612989092e-16,5.682063051001046,8.66752128134521,5.844425719686535
dataset_06__primary,rul_prediction,threshold_070,random,source_cycle_number,transformer,5.0,5,8.98277945208697,1.3621354371897987,7.08012702662244,9.984574172064809,7.148279527203835
dataset_06__primary,rul_prediction,threshold_070,random,source_cycle_number,linear,6.0,5,12.84000041431619,0.0,10.381723773212626,15.477286587051902,10.81965915012235
dataset_06__primary,rul_prediction,threshold_070,random,source_cycle_number,pinn,7.0,5,13.89023699865163,1.9068704922322288,10.071437342826515,14.998195654752669,10.264206850712435
dataset_06__primary,rul_prediction,threshold_070,temporal,source_cycle_number,linear,1.0,5,3.9426321285097132,4.965068306494546e-16,3.302660753295639,3.9426321285097132,3.302660753295639
dataset_06__primary,rul_prediction,threshold_070,temporal,source_cycle_number,transformer,2.0,5,26.3498339499876,3.328967079584412,22.6495701703152,26.3498339499876,22.6495701703152
dataset_06__primary,rul_prediction,threshold_070,temporal,source_cycle_number,lstm,3.0,5,38.68253167466901,17.33909415111587,35.404847903322846,38.68253167466901,35.404847903322846
dataset_06__primary,rul_prediction,threshold_070,temporal,source_cycle_number,cnn,4.0,5,48.3301868845674,19.920510020816913,46.4640214241933,48.3301868845674,46.4640214241933
dataset_06__primary,rul_prediction,threshold_070,temporal,source_cycle_number,rf,5.0,5,66.78063579749615,1.092184660235021,65.56460339152389,66.78063579749615,65.56460339152389
dataset_06__primary,rul_prediction,threshold_070,temporal,source_cycle_number,pinn,6.0,5,69.02881429565056,13.919182902893729,66.29346286871655,69.02881429565056,66.29346286871655
dataset_06__primary,rul_prediction,threshold_070,temporal,source_cycle_number,xgboost,7.0,5,69.28784850145954,0.0,69.09571410039959,69.28784850145954,69.09571410039959
dataset_06__primary,soh_estimation,baseline,cross_cell,SOH ratio,transformer,1.0,5,0.02753014056948407,0.001507706123877384,0.023588535657315494,0.042373076113949575,0.03163065794558935
dataset_06__primary,soh_estimation,baseline,cross_cell,SOH ratio,lstm,2.0,5,0.02938601892360914,0.0026462372817688267,0.02540013163092879,0.043751447656317756,0.03308965051075964
dataset_06__primary,soh_estimation,baseline,cross_cell,SOH ratio,pinn,3.0,5,0.03306203331051577,0.006763654547728242,0.02763206462172918,0.04520735753096433,0.032485242292500445
dataset_06__primary,soh_estimation,baseline,cross_cell,SOH ratio,linear,4.0,5,0.036938311006423495,0.0,0.031997308043739396,0.03283222007651675,0.025896772571144956
dataset_06__primary,soh_estimation,baseline,cross_cell,SOH ratio,xgboost,5.0,5,0.03780808700401231,0.0,0.03161609153179845,0.046439416182806156,0.03396121790218011
dataset_06__primary,soh_estimation,baseline,cross_cell,SOH ratio,cnn,6.0,5,0.03933058027607711,0.01082795115800708,0.03300212952763425,0.06279062615857683,0.0416142149560747
dataset_06__primary,soh_estimation,baseline,cross_cell,SOH ratio,rf,7.0,5,0.04694043162906634,0.0006284707858800511,0.03824148373035409,0.05085111124264261,0.03851414479215107
dataset_06__primary,soh_estimation,baseline,random,SOH ratio,rf,1.0,5,0.00384404305829351,1.2003381368253014e-05,0.001795554737816956,0.003913491313065248,0.0010876111516646444
dataset_06__primary,soh_estimation,baseline,random,SOH ratio,lstm,2.0,5,0.0048857678970062,0.0005591378612503832,0.0035625872983710916,0.0041661328773498225,0.002428947273278789
dataset_06__primary,soh_estimation,baseline,random,SOH ratio,transformer,3.0,5,0.006101073518441152,0.0004237698734613005,0.004670209541926172,0.005451154120640634,0.0037902816436632047
dataset_06__primary,soh_estimation,baseline,random,SOH ratio,cnn,4.0,5,0.006279834813712026,0.0005879527587891665,0.004592740401112273,0.0054818371126919676,0.003289488660469672
dataset_06__primary,soh_estimation,baseline,random,SOH ratio,xgboost,5.0,5,0.007103189324724682,0.0,0.005287949623016839,0.005959561280281776,0.00369546813597508
dataset_06__primary,soh_estimation,baseline,random,SOH ratio,pinn,6.0,5,0.012787188313917558,0.0010455658799904878,0.009942283094459235,0.01070845302544612,0.007060289489874233
dataset_06__primary,soh_estimation,baseline,random,SOH ratio,linear,7.0,5,0.038462918394737824,0.0,0.02818104056791713,0.035274289556517006,0.020734758760142965
dataset_06__primary,soh_estimation,baseline,temporal,SOH ratio,cnn,1.0,5,0.03472139439547718,0.0024839076713212794,0.033123667586125415,0.03802215899478547,0.026128338875552
dataset_06__primary,soh_estimation,baseline,temporal,SOH ratio,lstm,2.0,5,0.03836453489870033,0.002598387367931738,0.036814278075848715,0.03999894967147559,0.024768132154966586
dataset_06__primary,soh_estimation,baseline,temporal,SOH ratio,transformer,3.0,5,0.040810508408480176,0.0010493184763943394,0.039391968569356194,0.043335257250505396,0.02843074138888078
dataset_06__primary,soh_estimation,baseline,temporal,SOH ratio,linear,4.0,5,0.05021552128181668,0.0,0.047995035366335904,0.04250072310721049,0.035286825509330176
dataset_06__primary,soh_estimation,baseline,temporal,SOH ratio,pinn,5.0,5,0.05530996881912449,0.0036952182099454106,0.05296906667250347,0.06386643734262884,0.046499406556424094
dataset_06__primary,soh_estimation,baseline,temporal,SOH ratio,xgboost,6.0,5,0.059321949846072405,7.757919228897728e-18,0.05792728070157223,0.06065145872475205,0.046016497945450076
dataset_06__primary,soh_estimation,baseline,temporal,SOH ratio,rf,7.0,5,0.06306348325641266,0.00020712052358585619,0.061110064144149955,0.0642372590708191,0.05167886947770058
dataset_06__primary,soh_estimation,initial,cross_cell,SOH ratio,pinn,1.0,5,0.035296197178108515,0.006004141171620216,0.03011280872242338,0.05225779321475486,0.03869806950285708
dataset_06__primary,soh_estimation,initial,cross_cell,SOH ratio,lstm,2.0,5,0.0356815190346267,0.001546786125386905,0.031809691364314545,0.0513402437719888,0.03825586165966028
dataset_06__primary,soh_estimation,initial,cross_cell,SOH ratio,transformer,3.0,5,0.03732064808678441,0.0013865764131356026,0.03363187972672368,0.05196910599600687,0.038649080519585
dataset_06__primary,soh_estimation,initial,cross_cell,SOH ratio,linear,4.0,5,0.0406507565619089,0.0,0.03524056177217253,0.03924457011887024,0.03072849733770581
dataset_06__primary,soh_estimation,initial,cross_cell,SOH ratio,xgboost,5.0,5,0.04394544152489893,0.0,0.03717751159299248,0.05358530366149401,0.03798090134023161
dataset_06__primary,soh_estimation,initial,cross_cell,SOH ratio,cnn,6.0,5,0.044483342448379246,0.0013783418685629192,0.039265009872654355,0.06271462784270729,0.045811282324417966
dataset_06__primary,soh_estimation,initial,cross_cell,SOH ratio,rf,7.0,5,0.05269270842274143,0.00024594132544045926,0.04461129443422716,0.06022637276377454,0.04439415360362544
dataset_06__primary,soh_estimation,initial,random,SOH ratio,rf,1.0,5,0.004408243300318415,4.0653502062621856e-05,0.002144060443045255,0.003854860897742192,0.0012268112770504069
dataset_06__primary,soh_estimation,initial,random,SOH ratio,lstm,2.0,5,0.005405675798685898,0.0004196718883523054,0.003915095308348992,0.0046167075299423325,0.0025533511325036688
dataset_06__primary,soh_estimation,initial,random,SOH ratio,transformer,3.0,5,0.007026911810703388,0.00029594136524851696,0.005488890450431256,0.006090827630094312,0.003993992949490995
dataset_06__primary,soh_estimation,initial,random,SOH ratio,cnn,4.0,5,0.007556233775880541,0.0006505383365710968,0.005677216556119071,0.006443833531545059,0.0037492134318681224
dataset_06__primary,soh_estimation,initial,random,SOH ratio,xgboost,5.0,5,0.007841109457940039,0.0,0.005819154200865579,0.006566337515936995,0.0040407323465187885
dataset_06__primary,soh_estimation,initial,random,SOH ratio,pinn,6.0,5,0.016468329709686987,0.0029547333049034317,0.012777857882270077,0.013752881288774568,0.009069554662313913
dataset_06__primary,soh_estimation,initial,random,SOH ratio,linear,7.0,5,0.03880323769198841,0.0,0.029083149725413527,0.03583705365836915,0.021332599483102326
dataset_06__primary,soh_estimation,initial,temporal,SOH ratio,cnn,1.0,5,0.03919337777220918,0.002301267283341441,0.03752155611588443,0.04059053525625905,0.029341497902515935
dataset_06__primary,soh_estimation,initial,temporal,SOH ratio,lstm,2.0,5,0.043203015180004585,0.002385805393316583,0.04154757420749754,0.04269953643215592,0.027310386507651552
dataset_06__primary,soh_estimation,initial,temporal,SOH ratio,transformer,3.0,5,0.04621930464957401,0.0029333847198567014,0.04469366462046413,0.047349714895241146,0.03154608603147961
dataset_06__primary,soh_estimation,initial,temporal,SOH ratio,linear,4.0,5,0.049385400228777604,0.0,0.0476452415233126,0.041614514407939125,0.03421667074324794
dataset_06__primary,soh_estimation,initial,temporal,SOH ratio,pinn,5.0,5,0.054476142435326544,0.005130297001106543,0.05189460496767116,0.06406541043482897,0.04266292166590244
dataset_06__primary,soh_estimation,initial,temporal,SOH ratio,rf,6.0,5,0.06245069160936042,0.00010832576439682546,0.0608241422173196,0.06310100327858889,0.052137183498204454
dataset_06__primary,soh_estimation,initial,temporal,SOH ratio,xgboost,7.0,5,0.0632728086356339,0.0,0.061950331204228104,0.06165569570319267,0.048851922450327295
dataset_07__primary,rul_prediction,baseline,cross_cell,source_cycle_number,rf,1.0,5,9.861837924816118,0.07175277586431464,8.59154708051074,10.320193444394109,8.646669600242594
dataset_07__primary,rul_prediction,baseline,cross_cell,source_cycle_number,xgboost,2.0,5,11.925508311373829,0.0,10.553620625556398,13.879422841235073,10.675734929517706
dataset_07__primary,rul_prediction,baseline,cross_cell,source_cycle_number,transformer,3.0,5,14.105928006197132,0.6751896975632208,13.27871599237858,14.879336235973913,13.434734966462148
dataset_07__primary,rul_prediction,baseline,cross_cell,source_cycle_number,linear,4.0,5,14.185522954128874,1.9860273225978185e-15,13.738633051371107,15.44958010230425,13.942977082892847
dataset_07__primary,rul_prediction,baseline,cross_cell,source_cycle_number,lstm,5.0,5,15.113880251254376,4.620287382488854,13.59795631539364,16.241600039127054,13.763420276785931
dataset_07__primary,rul_prediction,baseline,cross_cell,source_cycle_number,pinn,6.0,5,18.463869928661683,4.341473643881502,15.632537897635803,19.27371757933419,15.774223864306071
dataset_07__primary,rul_prediction,baseline,cross_cell,source_cycle_number,cnn,7.0,5,20.196720883233834,2.2852515761532737,17.211879453171395,21.77404241504694,17.386704736069078
dataset_07__primary,rul_prediction,baseline,random,source_cycle_number,cnn,1.0,5,2.630031196617705,0.12490434609507002,1.891148975010315,2.872259457220821,1.8994152516947747
dataset_07__primary,rul_prediction,baseline,random,source_cycle_number,lstm,2.0,5,2.670987926854304,0.22205170792031437,1.8279425261322462,2.8487009214813606,1.83480063335795
dataset_07__primary,rul_prediction,baseline,random,source_cycle_number,transformer,3.0,5,3.2442764779600344,0.2378957321458097,2.4853036693270476,3.4290785580653553,2.4839181329573625
dataset_07__primary,rul_prediction,baseline,random,source_cycle_number,xgboost,4.0,5,3.6668590768073783,0.0,2.9546012769208994,4.300720538938963,2.9188303826597366
dataset_07__primary,rul_prediction,baseline,random,source_cycle_number,rf,5.0,5,4.0687650955566905,0.02800091353409566,3.446909851515771,4.877875036622983,3.3955646772077133
dataset_07__primary,rul_prediction,baseline,random,source_cycle_number,pinn,6.0,5,5.378530775099496,1.259507606939365,4.261933379800746,5.685522716524364,4.268287429114911
dataset_07__primary,rul_prediction,baseline,random,source_cycle_number,linear,7.0,5,9.323395436597869,0.0,8.8450777471274,11.37056923106408,8.851552394588682
dataset_07__primary,rul_prediction,threshold_070,cross_cell,source_cycle_number,xgboost,1.0,5,17.296625346822136,0.0,14.254995753154677,18.528201359850588,13.987244031948412
dataset_07__primary,rul_prediction,threshold_070,cross_cell,source_cycle_number,rf,2.0,5,22.185457928017545,0.04324091356572163,18.00523120979701,25.82395060763764,18.06573649334547
dataset_07__primary,rul_prediction,threshold_070,cross_cell,source_cycle_number,cnn,3.0,5,24.920505266662694,2.292313487363593,21.321867988519344,25.93619869271914,21.485140001125433
dataset_07__primary,rul_prediction,threshold_070,cross_cell,source_cycle_number,transformer,4.0,5,24.927635662396476,3.376484825487967,21.13935094729242,25.615619428908566,21.258773353035064
dataset_07__primary,rul_prediction,threshold_070,cross_cell,source_cycle_number,lstm,5.0,5,26.509794977268513,2.846065248906484,21.70207572725321,28.16022707771582,21.800032545262226
dataset_07__primary,rul_prediction,threshold_070,cross_cell,source_cycle_number,linear,6.0,5,26.87315159190997,0.0,22.150460597744843,27.04015423028391,22.311254188203414
dataset_07__primary,rul_prediction,threshold_070,cross_cell,source_cycle_number,pinn,7.0,5,34.440040431937426,1.9464791948304039,25.12464480229177,35.38590548293489,25.23408426579249
dataset_07__primary,rul_prediction,threshold_070,random,source_cycle_number,rf,1.0,5,6.041810328343752,0.027958273512097793,4.655507641910972,6.7899234542590605,4.551605900188126
dataset_07__primary,rul_prediction,threshold_070,random,source_cycle_number,xgboost,2.0,5,6.262135828447431,0.0,4.809486032657172,6.9475721312809835,4.695188529064112
dataset_07__primary,rul_prediction,threshold_070,random,source_cycle_number,lstm,3.0,5,8.702315668276023,0.30115847288092035,6.56759140967912,9.730988699100214,6.503490329595832
dataset_07__primary,rul_prediction,threshold_070,random,source_cycle_number,cnn,4.0,5,8.876894372983486,0.4051481949639826,7.047248350775902,9.849762680736632,6.953072589350029
dataset_07__primary,rul_prediction,threshold_070,random,source_cycle_number,transformer,5.0,5,9.422706730515056,0.3943144029228304,7.17250492105449,10.594803403081988,7.051417629981148
dataset_07__primary,rul_prediction,threshold_070,random,source_cycle_number,linear,6.0,5,17.17044191747914,0.0,15.044745536216467,19.0599984263924,14.778073373521204
dataset_07__primary,rul_prediction,threshold_070,random,source_cycle_number,pinn,7.0,5,17.968604290813296,2.2448588811314063,14.335869854053666,19.189558924322448,14.171971994785281
dataset_07__primary,soh_estimation,baseline,cross_cell,SOH ratio,linear,1.0,5,0.014084295753096662,0.0,0.011110223383079177,0.014319298694354762,0.01111275959554099
dataset_07__primary,soh_estimation,baseline,cross_cell,SOH ratio,lstm,2.0,5,0.015611674541743387,0.001702863649614175,0.012381229623827015,0.01578785988262161,0.012381034700916869
dataset_07__primary,soh_estimation,baseline,cross_cell,SOH ratio,cnn,3.0,5,0.01572634168033488,0.0012946581775893518,0.012679000693963566,0.015945223521481245,0.012679108143494183
dataset_07__primary,soh_estimation,baseline,cross_cell,SOH ratio,rf,4.0,5,0.016981643007237444,5.968890376542778e-05,0.012983145027691434,0.017427710082121985,0.012983419863380533
dataset_07__primary,soh_estimation,baseline,cross_cell,SOH ratio,transformer,5.0,5,0.01699261934438368,0.0034240297539654225,0.01376251424935144,0.017374517580255787,0.013761119852112261
dataset_07__primary,soh_estimation,baseline,cross_cell,SOH ratio,xgboost,6.0,5,0.019034448422831887,0.0,0.015353528927067251,0.019383338540645334,0.015351855296476116
dataset_07__primary,soh_estimation,baseline,cross_cell,SOH ratio,pinn,7.0,5,0.023751457578039713,0.001071519546084514,0.01526854075043634,0.02395462177183555,0.015269424095096273
dataset_07__primary,soh_estimation,baseline,random,SOH ratio,rf,1.0,5,0.005628979136616023,2.3344097999352864e-05,0.003949075694581384,0.005842322679077505,0.003948140344734813
dataset_07__primary,soh_estimation,baseline,random,SOH ratio,lstm,2.0,5,0.0059511485325566185,0.0003015281118627606,0.004318558682431374,0.006031445044468948,0.0043181107663179405
dataset_07__primary,soh_estimation,baseline,random,SOH ratio,cnn,3.0,5,0.006600771264794185,0.00020014615183243568,0.004883046787464286,0.006685411447709133,0.004881859539946002
dataset_07__primary,soh_estimation,baseline,random,SOH ratio,xgboost,4.0,5,0.006938037717095141,0.0,0.005109074039064617,0.007145703208354883,0.0051058760305777474
dataset_07__primary,soh_estimation,baseline,random,SOH ratio,transformer,5.0,5,0.007104342178298172,0.00027037197686765067,0.00481999000280874,0.007778571213793513,0.004818429255494075
dataset_07__primary,soh_estimation,baseline,random,SOH ratio,pinn,6.0,5,0.01627403985609017,0.002084175436064645,0.010969762726414842,0.016943814786286638,0.010963195613065701
dataset_07__primary,soh_estimation,baseline,random,SOH ratio,linear,7.0,5,0.028102245938472138,0.0,0.011601416551898058,0.06138171333863903,0.01159674177639644
dataset_07__primary,soh_estimation,baseline,temporal,SOH ratio,linear,1.0,5,0.016333986895167733,0.0,0.015623769671553303,0.019369900504240443,0.01562749245922178
dataset_07__primary,soh_estimation,baseline,temporal,SOH ratio,cnn,2.0,5,0.025066621580509547,0.005934769156526161,0.023242775801947068,0.027581842670698554,0.023244027934028667
dataset_07__primary,soh_estimation,baseline,temporal,SOH ratio,transformer,3.0,5,0.06857578679383951,0.00816313457970005,0.06496344814959903,0.07143089106590009,0.06495929753435728
dataset_07__primary,soh_estimation,baseline,temporal,SOH ratio,lstm,4.0,5,0.07736200390270427,0.012135478411725298,0.0736728497331336,0.08042052759733806,0.07365895276221464
dataset_07__primary,soh_estimation,baseline,temporal,SOH ratio,pinn,5.0,5,0.12020411847275922,0.03785657061370526,0.11014896114019146,0.13007069943680108,0.1101274886242372
dataset_07__primary,soh_estimation,baseline,temporal,SOH ratio,xgboost,6.0,5,0.1246476000535407,0.0,0.12069287772571329,0.12961512380509554,0.12070540450079932
dataset_07__primary,soh_estimation,baseline,temporal,SOH ratio,rf,7.0,5,0.12548072276122862,0.0005395376725050383,0.12188537192956413,0.12832480766580814,0.12190213698345405
dataset_07__primary,soh_estimation,initial,cross_cell,SOH ratio,cnn,1.0,5,0.01434571313955239,0.000646879159723357,0.011081876368531678,0.014486799035925275,0.011082244549562041
dataset_07__primary,soh_estimation,initial,cross_cell,SOH ratio,linear,2.0,5,0.014549193748130901,1.939479807224432e-18,0.011728422780143181,0.014650027961115622,0.011730726808843807
dataset_07__primary,soh_estimation,initial,cross_cell,SOH ratio,lstm,3.0,5,0.015668066401635723,0.001198121634866537,0.012356557555732586,0.015892803765837384,0.012355642746005773
dataset_07__primary,soh_estimation,initial,cross_cell,SOH ratio,transformer,4.0,5,0.01580547932319872,0.001632797800000098,0.012278864995344646,0.01601876268447744,0.012276289609599282
dataset_07__primary,soh_estimation,initial,cross_cell,SOH ratio,rf,5.0,5,0.01838641756499322,8.311932663676596e-05,0.013582008340647753,0.018898353024220004,0.013583344034684548
dataset_07__primary,soh_estimation,initial,cross_cell,SOH ratio,xgboost,6.0,5,0.01850635127184052,0.0,0.013824238764819386,0.018713736824869525,0.01382192979625752
dataset_07__primary,soh_estimation,initial,cross_cell,SOH ratio,pinn,7.0,5,0.022345578704849444,0.0009396439485920934,0.014346254994814091,0.022859335728304463,0.014345611879739257
dataset_07__primary,soh_estimation,initial,random,SOH ratio,rf,1.0,5,0.005697726015827499,1.8888348448032028e-05,0.0040304286971198046,0.005863927906032946,0.004031010573992415
dataset_07__primary,soh_estimation,initial,random,SOH ratio,lstm,2.0,5,0.006619174915517674,0.00046206780362068387,0.004933702715192963,0.006695309105528888,0.00493290683521334
dataset_07__primary,soh_estimation,initial,random,SOH ratio,cnn,3.0,5,0.00694131863507533,0.00021877348395071385,0.0051496179433782995,0.007021198708255577,0.005149082897811832
dataset_07__primary,soh_estimation,initial,random,SOH ratio,xgboost,4.0,5,0.007080801315411192,0.0,0.005257699029409904,0.0072601715707964936,0.0052557058574037386
dataset_07__primary,soh_estimation,initial,random,SOH ratio,transformer,5.0,5,0.007662877384964522,0.0004088381685604326,0.005373626741287098,0.00810546391251155,0.005373097775679531
dataset_07__primary,soh_estimation,initial,random,SOH ratio,pinn,6.0,5,0.017522039704225924,0.0019127862182241838,0.011876725785456475,0.018192183915297318,0.01186965605377888
dataset_07__primary,soh_estimation,initial,random,SOH ratio,linear,7.0,5,0.031599051321264705,0.0,0.012150922046882836,0.07312140188167297,0.01214740616499487
dataset_07__primary,soh_estimation,initial,temporal,SOH ratio,linear,1.0,5,0.018799703290276117,0.0,0.01785416954502987,0.022259814326718273,0.017863740269172455
dataset_07__primary,soh_estimation,initial,temporal,SOH ratio,cnn,2.0,5,0.02328529348656778,0.006540048926816661,0.021722660536974282,0.026365820086527998,0.021735008891905057
dataset_07__primary,soh_estimation,initial,temporal,SOH ratio,transformer,3.0,5,0.0779046087856369,0.006436780143846153,0.0739538509142243,0.08093244728712859,0.07394533390845308
dataset_07__primary,soh_estimation,initial,temporal,SOH ratio,lstm,4.0,5,0.08151023230919294,0.009100787041996366,0.07734448097804789,0.08463563505610879,0.07732705837497902
dataset_07__primary,soh_estimation,initial,temporal,SOH ratio,xgboost,5.0,5,0.13217386186940525,0.0,0.12811417520276044,0.1367860277379604,0.12811826000496102
dataset_07__primary,soh_estimation,initial,temporal,SOH ratio,rf,6.0,5,0.13645028040880058,0.0008258879147431231,0.13274399827539826,0.13890878345693544,0.13274886869264774
dataset_07__primary,soh_estimation,initial,temporal,SOH ratio,pinn,7.0,5,0.14974683799787403,0.04473648375020811,0.13822004999655246,0.1563667847795788,0.13821318013099576
dataset_08__primary,rul_prediction,baseline,cross_cell,source_cycle_number,xgboost,1.0,5,37.57375559349868,0.0,30.633057526777044,40.439193194891736,31.90093896907617
dataset_08__primary,rul_prediction,baseline,cross_cell,source_cycle_number,rf,2.0,5,40.896876790202576,0.4815069529616777,32.86902546636277,46.87166022324486,35.42264117287361
dataset_08__primary,rul_prediction,baseline,cross_cell,source_cycle_number,linear,3.0,5,41.62338418889735,0.0,41.4475031347086,50.61662191487933,46.72730999132175
dataset_08__primary,rul_prediction,baseline,cross_cell,source_cycle_number,pinn,4.0,5,49.67335453288944,10.633192215854907,42.137952408109776,65.64371025280052,49.47376538610393
dataset_08__primary,rul_prediction,baseline,cross_cell,source_cycle_number,transformer,5.0,5,52.48605226894199,16.562861442886163,46.88362777943017,68.59889659516735,54.730093686977646
dataset_08__primary,rul_prediction,baseline,cross_cell,source_cycle_number,lstm,6.0,5,71.55255994755655,6.130272050941557,63.2128966959052,97.01100554505147,74.84568123467703
dataset_08__primary,rul_prediction,baseline,cross_cell,source_cycle_number,cnn,7.0,5,87.70383110723155,14.400805837539371,84.83035203983245,119.38433466278086,101.11960538112626
dataset_08__primary,rul_prediction,baseline,random,source_cycle_number,cnn,1.0,5,2.1059105603817647,0.3669276516868921,1.427002906688732,2.3948474565913425,1.4862577133164536
dataset_08__primary,rul_prediction,baseline,random,source_cycle_number,transformer,2.0,5,2.6359372142932225,0.13464710459968907,1.954211999029918,2.970535862818216,2.0288830156809237
dataset_08__primary,rul_prediction,baseline,random,source_cycle_number,lstm,3.0,5,3.3160804586188974,0.18871137656692702,1.8945845164485067,4.1256213427690955,1.9924619605439378
dataset_08__primary,rul_prediction,baseline,random,source_cycle_number,pinn,4.0,5,5.8481258274835115,0.5271721055061498,4.3244028831004515,6.8485448591892055,4.7497239853584245
dataset_08__primary,rul_prediction,baseline,random,source_cycle_number,xgboost,5.0,5,6.694592393712121,0.0,4.28176995469495,6.60257550629151,4.251303932391502
dataset_08__primary,rul_prediction,baseline,random,source_cycle_number,linear,6.0,5,7.004576184372695,0.0,4.7956195635669925,7.459681225681969,5.077822504028568
dataset_08__primary,rul_prediction,baseline,random,source_cycle_number,rf,7.0,5,7.239273533323578,0.2648783114562304,5.023449874327449,7.427346609457527,5.092627263450837
dataset_08__primary,rul_prediction,baseline,temporal,source_cycle_number,linear,1.0,5,13.969566937521886,1.9860273225978185e-15,8.87953602023923,19.331778015001966,11.061299546230233
dataset_08__primary,rul_prediction,baseline,temporal,source_cycle_number,cnn,2.0,5,26.33869371436097,6.814962117188391,25.693894588055095,24.16859200267945,20.66520491069437
dataset_08__primary,rul_prediction,baseline,temporal,source_cycle_number,lstm,3.0,5,38.896477849864176,4.846249088783117,38.27898235926533,40.94325745936369,39.387826862206495
dataset_08__primary,rul_prediction,baseline,temporal,source_cycle_number,transformer,4.0,5,39.18090219723914,7.731671916826026,36.601176762597234,39.13515377198589,36.29733279143302
dataset_08__primary,rul_prediction,baseline,temporal,source_cycle_number,xgboost,5.0,5,73.32684013038437,0.0,72.77621473444668,81.90316202469644,80.38071068803349
dataset_08__primary,rul_prediction,baseline,temporal,source_cycle_number,rf,6.0,5,73.55630455415604,2.0340389947188187,73.13540498379486,77.43042425822543,75.97458502825876
dataset_08__primary,rul_prediction,baseline,temporal,source_cycle_number,pinn,7.0,5,74.58950285908793,10.837878019831315,69.32774392375788,87.1312559754439,81.31939846734
dataset_08__primary,soh_estimation,baseline,cross_cell,SOH ratio,transformer,1.0,5,0.01582482654072395,0.0037361570286351497,0.011769020962388452,0.015972756094117628,0.011791408114373694
dataset_08__primary,soh_estimation,baseline,cross_cell,SOH ratio,lstm,2.0,5,0.016654160141562634,0.001636831670253892,0.013485577709711191,0.017318764945658077,0.013806708930056661
dataset_08__primary,soh_estimation,baseline,cross_cell,SOH ratio,xgboost,3.0,5,0.021322534218656666,0.0,0.017495324113423808,0.021612597064007654,0.01806135223235672
dataset_08__primary,soh_estimation,baseline,cross_cell,SOH ratio,rf,4.0,5,0.023005174218063786,8.858198561509327e-05,0.016915295627904982,0.022726663081786325,0.01678186726667622
dataset_08__primary,soh_estimation,baseline,cross_cell,SOH ratio,cnn,5.0,5,0.02708524017157441,0.0020231604494502075,0.021286655229386713,0.02705654549760298,0.02149883534290356
dataset_08__primary,soh_estimation,baseline,cross_cell,SOH ratio,linear,6.0,5,0.0468245636931648,0.0,0.04225991052340922,0.05949808513144152,0.04728707844311284
dataset_08__primary,soh_estimation,baseline,cross_cell,SOH ratio,pinn,7.0,5,0.06631566938424295,0.0573249035172882,0.05308043662651861,0.0810227736901157,0.05776352492996234
dataset_08__primary,soh_estimation,baseline,random,SOH ratio,lstm,1.0,5,0.002724924015042715,0.0001997778858450552,0.0019754862060448264,0.002782397544998267,0.0019623173449216037
dataset_08__primary,soh_estimation,baseline,random,SOH ratio,transformer,2.0,5,0.0031650658709508443,0.00029792027608129484,0.0025228183965697844,0.0031757981566460126,0.0024772377262316033
dataset_08__primary,soh_estimation,baseline,random,SOH ratio,xgboost,3.0,5,0.00330705604898734,0.0,0.0021988454181568347,0.003609418055744655,0.0021653360461308603
dataset_08__primary,soh_estimation,baseline,random,SOH ratio,rf,4.0,5,0.003554590695649674,6.802995348160209e-06,0.0021743112883821207,0.004199347506194741,0.0021444065717715903
dataset_08__primary,soh_estimation,baseline,random,SOH ratio,cnn,5.0,5,0.006358868768213477,0.0003432511631242993,0.0039859858207747815,0.006658058335782454,0.004007141091331186
dataset_08__primary,soh_estimation,baseline,random,SOH ratio,linear,6.0,5,0.015001015541406237,0.0,0.010231241966294555,0.019713547348559114,0.009760813974296593
dataset_08__primary,soh_estimation,baseline,random,SOH ratio,pinn,7.0,5,0.01970083407885332,0.003080549903618307,0.012966421343064352,0.022401348249493525,0.012893512587781963
dataset_08__primary,soh_estimation,baseline,temporal,SOH ratio,linear,1.0,5,0.02599547682908023,0.0,0.02417526397052574,0.034108264397756334,0.026097517578222047
dataset_08__primary,soh_estimation,baseline,temporal,SOH ratio,lstm,2.0,5,0.0419288336876242,0.0020945334671118357,0.03828387787429934,0.052472762003683796,0.040827931345791935
dataset_08__primary,soh_estimation,baseline,temporal,SOH ratio,cnn,3.0,5,0.04547496626448268,0.0008393111629719066,0.04060536276930158,0.05349946012233273,0.04157355606646101
dataset_08__primary,soh_estimation,baseline,temporal,SOH ratio,transformer,4.0,5,0.04615601256736231,0.0018348182374204073,0.04256121546136701,0.055283522836070395,0.04498053992199788
dataset_08__primary,soh_estimation,baseline,temporal,SOH ratio,rf,5.0,5,0.04875674622431418,0.00047975789202040533,0.04584736055988507,0.05782522508558957,0.04885037613043523
dataset_08__primary,soh_estimation,baseline,temporal,SOH ratio,xgboost,6.0,5,0.050100090031075115,0.0,0.04717220117309236,0.06017389930482905,0.05049903571845134
dataset_08__primary,soh_estimation,baseline,temporal,SOH ratio,pinn,7.0,5,0.07635557718360095,0.02238265881748282,0.06757572003296516,0.08587296969189609,0.06946759312677278
dataset_08__primary,soh_estimation,initial,cross_cell,SOH ratio,xgboost,1.0,5,0.02503159605781411,0.0,0.01771171745916157,0.0249844619361767,0.017638982277897702
dataset_08__primary,soh_estimation,initial,cross_cell,SOH ratio,rf,2.0,5,0.026281210097643382,0.0004040590819754798,0.016734960714235903,0.02595562738051895,0.016258556989137158
dataset_08__primary,soh_estimation,initial,cross_cell,SOH ratio,transformer,3.0,5,0.037121888217662,0.00420789194003052,0.029134163332830098,0.04015124336932373,0.030721876305457297
dataset_08__primary,soh_estimation,initial,cross_cell,SOH ratio,lstm,4.0,5,0.03895750825798851,0.005411006575723866,0.028253348886111963,0.04136007475977901,0.02928523946170373
dataset_08__primary,soh_estimation,initial,cross_cell,SOH ratio,cnn,5.0,5,0.04721068225976584,0.005655877067088118,0.037610436839220426,0.05140832467359069,0.04017817639663163
dataset_08__primary,soh_estimation,initial,cross_cell,SOH ratio,linear,6.0,5,0.051542758868047614,0.0,0.045895673774270146,0.0569937188640234,0.049140349518130795
dataset_08__primary,soh_estimation,initial,cross_cell,SOH ratio,pinn,7.0,5,0.08408338402764803,0.031997839357827795,0.06335641725873563,0.09849701281152874,0.06771321962933595
dataset_08__primary,soh_estimation,initial,random,SOH ratio,lstm,1.0,5,0.0024788915181764674,0.00016122215770139118,0.001803038428976584,0.0025374075831056777,0.0018055448074176354
dataset_08__primary,soh_estimation,initial,random,SOH ratio,transformer,2.0,5,0.0029566107308621604,0.00022363097623853624,0.002267389657328192,0.003055369752660384,0.0022394031405694333
dataset_08__primary,soh_estimation,initial,random,SOH ratio,xgboost,3.0,5,0.004530324832576627,0.0,0.003080037434670318,0.004871239137184867,0.0029130668163943607
dataset_08__primary,soh_estimation,initial,random,SOH ratio,rf,4.0,5,0.0046238479135961115,9.019450938998944e-05,0.002845506126923241,0.004837245263759227,0.0026351698025156764
dataset_08__primary,soh_estimation,initial,random,SOH ratio,cnn,5.0,5,0.007333006950505523,0.0002954890203109633,0.0045725570798999995,0.007549768404078404,0.004454677792854555
dataset_08__primary,soh_estimation,initial,random,SOH ratio,linear,6.0,5,0.01746919628051914,0.0,0.013271190919760829,0.01779239242951597,0.012593966888473715
dataset_08__primary,soh_estimation,initial,random,SOH ratio,pinn,7.0,5,0.02215035210478305,0.002759065898313277,0.014453506694812681,0.02427357064055511,0.014327392435307404
dataset_08__primary,soh_estimation,initial,temporal,SOH ratio,linear,1.0,5,0.02687975626084288,0.0,0.02498421257712907,0.03187531833226881,0.024957285526406962
dataset_08__primary,soh_estimation,initial,temporal,SOH ratio,cnn,2.0,5,0.047356808141126035,0.003722689947017415,0.04148358434657403,0.059099980344549205,0.043435054677452546
dataset_08__primary,soh_estimation,initial,temporal,SOH ratio,lstm,3.0,5,0.05114754942963007,0.0022740073095190755,0.04609365314464115,0.06416588306944519,0.049108270096437784
dataset_08__primary,soh_estimation,initial,temporal,SOH ratio,transformer,4.0,5,0.05334824788323935,0.0023239546643500585,0.04841804041499051,0.06728806697539745,0.05166409571864198
dataset_08__primary,soh_estimation,initial,temporal,SOH ratio,pinn,5.0,5,0.066722846444813,0.011386953504453946,0.060417470231747095,0.07964252801051133,0.06375320538167831
dataset_08__primary,soh_estimation,initial,temporal,SOH ratio,xgboost,6.0,5,0.07146966648526931,0.0,0.06639301893155443,0.08374220661164629,0.0706760818356074
dataset_08__primary,soh_estimation,initial,temporal,SOH ratio,rf,7.0,5,0.08035034105496028,0.0008581751242201285,0.07536975854978814,0.09099734478602307,0.07862313112704669
dataset_09__primary,rul_prediction,baseline,random,source_cycle_count,lstm,1.0,5,11.948143718067167,0.5028362332123146,7.990743582800792,13.025363737355496,8.094441361600555
dataset_09__primary,rul_prediction,baseline,random,source_cycle_count,transformer,2.0,5,15.770716504379052,0.636191324491416,11.80806088068599,16.648634258303296,11.728051970116486
dataset_09__primary,rul_prediction,baseline,random,source_cycle_count,cnn,3.0,5,17.073296062587573,1.4275139896772988,12.851385414656312,19.977030185138368,13.817736441178933
dataset_09__primary,rul_prediction,baseline,random,source_cycle_count,rf,4.0,5,22.26908365889083,0.14555256780047932,16.813923874808346,24.6195322659504,16.986504551925286
dataset_09__primary,rul_prediction,baseline,random,source_cycle_count,xgboost,5.0,5,24.61621606173162,0.0,18.948637273184303,25.478475805413733,18.886872474207735
dataset_09__primary,rul_prediction,baseline,random,source_cycle_count,pinn,6.0,5,27.572925136250955,7.0340695421960815,19.40065023287225,27.27159919979598,18.956057443487488
dataset_09__primary,rul_prediction,baseline,random,source_cycle_count,linear,7.0,5,93.12225611597272,0.0,78.40444119537781,102.39457889070569,81.2602983022742
dataset_09__primary,rul_prediction,baseline,temporal,source_cycle_count,cnn,1.0,5,78.41494070393469,28.63271108860856,69.87941138219097,86.00165439723258,63.91838628693934
dataset_09__primary,rul_prediction,baseline,temporal,source_cycle_count,transformer,2.0,5,143.20176778669872,17.675313979789422,139.33121476717938,151.19902991277337,143.75662004662132
dataset_09__primary,rul_prediction,baseline,temporal,source_cycle_count,lstm,3.0,5,157.43139969780282,1.448733346834421,151.58654043038925,154.07702210754306,145.07928859586917
dataset_09__primary,rul_prediction,baseline,temporal,source_cycle_count,linear,4.0,5,293.5489986765314,0.0,263.9856082758727,265.6641505735008,199.26894935522614
dataset_09__primary,rul_prediction,baseline,temporal,source_cycle_count,pinn,5.0,5,294.8680741057855,18.407126763658763,275.96400640635386,278.7634717468105,250.12625882678444
dataset_09__primary,rul_prediction,baseline,temporal,source_cycle_count,xgboost,6.0,5,305.43486761750114,0.0,301.47893352357113,307.1987970039896,297.2846336535282
dataset_09__primary,rul_prediction,baseline,temporal,source_cycle_count,rf,7.0,5,367.14269581812664,1.518453816930996,361.15646079963113,358.11117571068604,349.20732977984886
dataset_09__primary,soh_estimation,baseline,cross_cell,SOH ratio,xgboost,1.0,5,0.010133722946074316,0.0,0.007043233706333198,0.014680308711139373,0.009292645183184107
dataset_09__primary,soh_estimation,baseline,cross_cell,SOH ratio,cnn,2.0,5,0.015181270915218611,0.0017615764347185645,0.011316115519026374,0.026322466146413082,0.018782195646898696
dataset_09__primary,soh_estimation,baseline,cross_cell,SOH ratio,transformer,3.0,5,0.015958705969664345,0.0027506184581812154,0.011990397089303266,0.024868696801452157,0.01746685967036536
dataset_09__primary,soh_estimation,baseline,cross_cell,SOH ratio,lstm,4.0,5,0.01659987157618744,0.0014270501860530875,0.013486777757094065,0.02338068778333907,0.016494440397570993
dataset_09__primary,soh_estimation,baseline,cross_cell,SOH ratio,rf,5.0,5,0.01894980806136849,0.0004754092151748854,0.013730092984656592,0.028157209637554543,0.01658096183601157
dataset_09__primary,soh_estimation,baseline,cross_cell,SOH ratio,pinn,6.0,5,0.048023629545458434,0.0066499240748502395,0.031944396039696274,0.07557633742135113,0.04670408828932577
dataset_09__primary,soh_estimation,baseline,cross_cell,SOH ratio,linear,7.0,5,0.11315552014120085,0.0,0.046599100103742214,0.16768156564097902,0.07829965855149044
dataset_09__primary,soh_estimation,baseline,random,SOH ratio,cnn,1.0,5,0.0069785419224504585,0.0005083643289101647,0.006110754028051847,0.007880851528459146,0.004558667403842833
dataset_09__primary,soh_estimation,baseline,random,SOH ratio,xgboost,2.0,5,0.008158162537673272,0.0,0.007143569900062633,0.007788941020751101,0.00439903383236078
dataset_09__primary,soh_estimation,baseline,random,SOH ratio,transformer,3.0,5,0.008185897230776685,0.0007050631432635786,0.007453172804257976,0.0072264898295768985,0.004243009223338435
dataset_09__primary,soh_estimation,baseline,random,SOH ratio,rf,4.0,5,0.008973275748716878,0.00012991348780550937,0.0076079928678602846,0.009734335701232092,0.005288692597332091
dataset_09__primary,soh_estimation,baseline,random,SOH ratio,lstm,5.0,5,0.01077957329425522,0.0010383800719367328,0.009371581490640973,0.009830948517523091,0.005355762472543399
dataset_09__primary,soh_estimation,baseline,random,SOH ratio,pinn,6.0,5,0.021455830921883468,0.00729903242857034,0.015363339103039025,0.040077032831280925,0.015607260686955154
dataset_09__primary,soh_estimation,baseline,random,SOH ratio,linear,7.0,5,0.4201001653825741,0.0,0.17099751965637214,1.4504875227380196,0.11832870483565756
dataset_09__primary,soh_estimation,baseline,temporal,SOH ratio,linear,1.0,5,0.048792962011806114,0.0,0.03908667504124632,0.04726921830749945,0.034980888313394194
dataset_09__primary,soh_estimation,baseline,temporal,SOH ratio,cnn,2.0,5,0.07012233409659493,0.0022564214141916313,0.06309790821050076,0.05939515167608529,0.04699771708096194
dataset_09__primary,soh_estimation,baseline,temporal,SOH ratio,transformer,3.0,5,0.07848763039502561,0.0013804489674688813,0.07050962297449949,0.06654174581556446,0.0550290229552183
dataset_09__primary,soh_estimation,baseline,temporal,SOH ratio,lstm,4.0,5,0.07889448170310895,0.0014087553192502899,0.07105265745739994,0.06795601986452729,0.05656944391603441
dataset_09__primary,soh_estimation,baseline,temporal,SOH ratio,rf,5.0,5,0.09053201459904255,0.0005794362396389518,0.08302319967907015,0.0777241661637476,0.06660090508200238
dataset_09__primary,soh_estimation,baseline,temporal,SOH ratio,xgboost,6.0,5,0.09132311447260165,0.0,0.08440928323059109,0.08046337730191,0.07084935405439621
dataset_09__primary,soh_estimation,baseline,temporal,SOH ratio,pinn,7.0,5,0.12609801449007252,0.019197165814388663,0.11061141413451978,0.10178754772421558,0.08427179630909003
dataset_09__primary,soh_estimation,initial,cross_cell,SOH ratio,xgboost,1.0,5,0.012299228993365949,0.0,0.010570701165643516,0.028671306448809896,0.025757773688234325
dataset_09__primary,soh_estimation,initial,cross_cell,SOH ratio,rf,2.0,5,0.016844971937303735,0.0003308076042887549,0.014155119014522256,0.03334485684593873,0.02994536322114639
dataset_09__primary,soh_estimation,initial,cross_cell,SOH ratio,cnn,3.0,5,0.017056404257612293,0.0052089974527812595,0.01494693951244962,0.04871120266932942,0.04225999896167559
dataset_09__primary,soh_estimation,initial,cross_cell,SOH ratio,lstm,4.0,5,0.0172292545734526,0.003223331665353336,0.015421258010717495,0.04507806084352744,0.04060627998738271
dataset_09__primary,soh_estimation,initial,cross_cell,SOH ratio,transformer,5.0,5,0.01928139688785415,0.005908005081314261,0.016691656265958955,0.04307958761857082,0.03798478795935386
dataset_09__primary,soh_estimation,initial,cross_cell,SOH ratio,pinn,6.0,5,0.058977130105876886,0.00796334268460763,0.03601799371898566,0.1044934527217668,0.05860845057735079
dataset_09__primary,soh_estimation,initial,cross_cell,SOH ratio,linear,7.0,5,0.15864285579840862,0.0,0.05869296040855092,0.23966062453094,0.0736929186725585
dataset_09__primary,soh_estimation,initial,random,SOH ratio,xgboost,1.0,5,0.0036940292612963515,0.0,0.002771267350127975,0.006812644175780742,0.0038420075475629678
dataset_09__primary,soh_estimation,initial,random,SOH ratio,transformer,2.0,5,0.004604106665867007,0.0016275132148730151,0.004065222187042024,0.005703967237614902,0.0036554625086116905
dataset_09__primary,soh_estimation,initial,random,SOH ratio,rf,3.0,5,0.005479212188912166,0.0006188366027098606,0.004359798828971173,0.008234972862333786,0.004631944815012768
dataset_09__primary,soh_estimation,initial,random,SOH ratio,cnn,4.0,5,0.005917531041055981,0.0013645749767826527,0.005292506500747449,0.0070586871610662846,0.004404932501553533
dataset_09__primary,soh_estimation,initial,random,SOH ratio,lstm,5.0,5,0.00631513558983547,0.0006220266759496009,0.005496932439754047,0.007097351790505633,0.004319918683831395
dataset_09__primary,soh_estimation,initial,random,SOH ratio,pinn,6.0,5,0.021590228726071015,0.004083415626589627,0.01672436817452807,0.033113978661741275,0.016746498558875743
dataset_09__primary,soh_estimation,initial,random,SOH ratio,linear,7.0,5,1.0403027006948204,0.0,0.4325338697990423,3.6185116358861174,0.2702256987387724
dataset_09__primary,soh_estimation,initial,temporal,SOH ratio,linear,1.0,5,0.05367189935193519,7.757919228897728e-18,0.045767922879270874,0.042509883912051544,0.03069077867948588
dataset_09__primary,soh_estimation,initial,temporal,SOH ratio,cnn,2.0,5,0.0737201461672721,0.005577235543423273,0.06638967935361777,0.062250497375118966,0.04939222706476963
dataset_09__primary,soh_estimation,initial,temporal,SOH ratio,rf,3.0,5,0.07774291390802571,0.0003593310161604778,0.07055639091020893,0.07593580229830758,0.06679995803077153
dataset_09__primary,soh_estimation,initial,temporal,SOH ratio,xgboost,4.0,5,0.07788945990357189,0.0,0.07091403976163106,0.0781522018658888,0.06979027468010397
dataset_09__primary,soh_estimation,initial,temporal,SOH ratio,transformer,5.0,5,0.07882564265365558,0.001377323538598442,0.07068607430863812,0.06828699168215002,0.05647174158148256
dataset_09__primary,soh_estimation,initial,temporal,SOH ratio,lstm,6.0,5,0.08116659826199148,0.0003880780930117825,0.0734482450658592,0.06914863860729899,0.05733697853920292
dataset_09__primary,soh_estimation,initial,temporal,SOH ratio,pinn,7.0,5,0.12917632217898106,0.025492180300683957,0.11387314655031047,0.10609769622797496,0.08355755360144881
dataset_11__primary,rul_prediction,baseline,cross_cell,source_cycle_count,transformer,1.0,5,1177.1180228274673,174.30434943034987,1088.3890680096604,1185.4788061664956,942.6484564712431
dataset_11__primary,rul_prediction,baseline,cross_cell,source_cycle_count,pinn,2.0,5,1282.981262035628,53.37435460439607,1190.8687434224732,1239.6025907089595,1064.8278511355024
dataset_11__primary,rul_prediction,baseline,cross_cell,source_cycle_count,cnn,3.0,5,1310.7393119512155,96.41308656278403,1234.3341333341639,1237.3163851109962,1081.7608731820117
dataset_11__primary,rul_prediction,baseline,cross_cell,source_cycle_count,lstm,4.0,5,1364.2824404886928,93.273603079393,1295.4495247077832,1249.8781841818643,1115.1411096594095
dataset_11__primary,rul_prediction,baseline,cross_cell,source_cycle_count,xgboost,5.0,5,1442.5349012941606,0.0,1364.5276712676798,1322.274529472122,1194.6740489376537
dataset_11__primary,rul_prediction,baseline,cross_cell,source_cycle_count,rf,6.0,5,1782.572013725056,25.00884214980964,1649.3192604499607,1780.932206950542,1351.8762816091107
dataset_11__primary,rul_prediction,baseline,cross_cell,source_cycle_count,linear,7.0,5,83546.15616481502,0.0,50588.33485308533,284728.89981584303,105814.19227679798
dataset_11__primary,rul_prediction,baseline,random,source_cycle_count,transformer,1.0,5,940.9115992905924,56.98753303801465,891.3386331750613,1389.5549908628543,975.3440934168532
dataset_11__primary,rul_prediction,baseline,random,source_cycle_count,cnn,2.0,5,1183.657761695856,39.92955572948881,1136.2722878568798,1387.2049454382359,1119.952128860377
dataset_11__primary,rul_prediction,baseline,random,source_cycle_count,lstm,3.0,5,1287.3408907535438,57.04213719418281,1234.757246953668,1452.9091475532393,1179.3669788335021
dataset_11__primary,rul_prediction,baseline,random,source_cycle_count,rf,4.0,5,1328.5701131165908,28.52165516656614,1262.1744282956552,1529.308444565622,1172.6475933267743
dataset_11__primary,rul_prediction,baseline,random,source_cycle_count,xgboost,5.0,5,1389.5480200830416,0.0,1337.516673616858,1492.4657224254652,1270.341876366361
dataset_11__primary,rul_prediction,baseline,random,source_cycle_count,pinn,6.0,5,1397.237849226711,222.67536863575364,1340.0301266262427,1550.2569397934124,1220.7623832061677
dataset_11__primary,rul_prediction,baseline,random,source_cycle_count,linear,7.0,5,392228.8683311424,0.0,308164.3925940647,1770460.723108712,716119.9734709098
dataset_11__primary,rul_prediction,threshold_070,cross_cell,source_cycle_count,xgboost,1.0,5,1775.2474149452785,2.5421149729252077e-13,1672.8878896888757,1599.456452003714,1443.0156183921467
dataset_11__primary,rul_prediction,threshold_070,cross_cell,source_cycle_count,lstm,2.0,5,2044.5830346498046,271.3487621374592,1877.544293833588,2233.515576004659,1898.2969700665296
dataset_11__primary,rul_prediction,threshold_070,cross_cell,source_cycle_count,cnn,3.0,5,2168.345453996801,155.32121382814222,1984.3040921252366,2219.6286525355067,1930.5155873558876
dataset_11__primary,rul_prediction,threshold_070,cross_cell,source_cycle_count,rf,4.0,5,2196.969598087886,65.33114980830076,1753.138172345954,2080.348817206145,1374.62724104121
dataset_11__primary,rul_prediction,threshold_070,cross_cell,source_cycle_count,pinn,5.0,5,2828.692568892459,973.7875193683333,2563.0437313625694,2919.294688038168,2496.1597082369185
dataset_11__primary,rul_prediction,threshold_070,cross_cell,source_cycle_count,transformer,6.0,5,2918.470743315172,344.87719803575055,2646.0043841608194,2944.2137137533014,2148.0238565243835
dataset_11__primary,rul_prediction,threshold_070,cross_cell,source_cycle_count,linear,7.0,5,5469.878057218429,0.0,4662.7975400326295,6943.274760005845,2749.864744595169
dataset_11__primary,rul_prediction,threshold_070,random,source_cycle_count,xgboost,1.0,5,1960.8965698165835,2.5421149729252077e-13,1674.5349887456596,3635.3455074619255,2134.6844562287174
dataset_11__primary,rul_prediction,threshold_070,random,source_cycle_count,rf,2.0,5,2016.3875167625804,33.444458560867524,1697.4792343146223,3864.450662480804,2201.0292781191033
dataset_11__primary,rul_prediction,threshold_070,random,source_cycle_count,transformer,3.0,5,2024.183223682759,227.80277135690608,1830.0049562287463,3847.8897770985322,2480.3876326985733
dataset_11__primary,rul_prediction,threshold_070,random,source_cycle_count,cnn,4.0,5,2523.458573166409,248.56380491109076,2340.9871041378415,3592.391938172849,2666.5154873883957
dataset_11__primary,rul_prediction,threshold_070,random,source_cycle_count,lstm,5.0,5,2727.368877279787,444.2720964406427,2571.560866390892,4214.660005733377,3051.21320506378
dataset_11__primary,rul_prediction,threshold_070,random,source_cycle_count,pinn,6.0,5,2902.1716162482476,221.09684400470132,2603.0245747736585,4422.572452231878,3033.978697686779
dataset_11__primary,rul_prediction,threshold_070,random,source_cycle_count,linear,7.0,5,4672.7603739921615,0.0,4306.058276277019,6983.0629851684935,3710.0371072203625
dataset_11__primary,soh_estimation,baseline,cross_cell,SOH ratio,cnn,1.0,5,0.07907026224218378,0.0021843575427975665,0.053123333210926146,0.07250846430921995,0.04996601316797874
dataset_11__primary,soh_estimation,baseline,cross_cell,SOH ratio,rf,2.0,5,0.07923853949619904,0.0008771463416634329,0.0559724098923972,0.07564480687339123,0.05465677476860559
dataset_11__primary,soh_estimation,baseline,cross_cell,SOH ratio,lstm,3.0,5,0.0839524508465839,0.0068348859856721044,0.062215430334666824,0.07584426789314644,0.05483595495135511
dataset_11__primary,soh_estimation,baseline,cross_cell,SOH ratio,transformer,4.0,5,0.08488799923255716,0.0029596400097299806,0.061435859426363607,0.07634780681231548,0.05323382547940212
dataset_11__primary,soh_estimation,baseline,cross_cell,SOH ratio,xgboost,5.0,5,0.08788148640092619,0.0,0.06364731118365052,0.08214733147629255,0.058754005231297236
dataset_11__primary,soh_estimation,baseline,cross_cell,SOH ratio,pinn,6.0,5,0.09220457939632085,0.006331277476972463,0.07193685920221173,0.09035520857580617,0.07127500970040782
dataset_11__primary,soh_estimation,baseline,cross_cell,SOH ratio,linear,7.0,5,0.1054532887533743,0.0,0.08348978024563941,0.09975773503739221,0.06510152183914704
dataset_11__primary,soh_estimation,baseline,random,SOH ratio,cnn,1.0,5,0.0821213266213551,0.0021438469719649387,0.0765948870842152,0.08805871869615164,0.056617380623544246
dataset_11__primary,soh_estimation,baseline,random,SOH ratio,xgboost,2.0,5,0.08453484649027822,0.0,0.0758221143503579,0.08903128713630641,0.06696099859009857
dataset_11__primary,soh_estimation,baseline,random,SOH ratio,rf,3.0,5,0.08804628482406937,0.000623685674642251,0.08168889735198968,0.08915988869361209,0.064085858242993
dataset_11__primary,soh_estimation,baseline,random,SOH ratio,linear,4.0,5,0.09049109708457956,0.0,0.08121285666560168,0.09904911010130527,0.06796237533699372
dataset_11__primary,soh_estimation,baseline,random,SOH ratio,lstm,5.0,5,0.09060702207192045,0.0010681530984540041,0.08460593892548646,0.09391893044170475,0.05940216198563828
dataset_11__primary,soh_estimation,baseline,random,SOH ratio,transformer,6.0,5,0.09337005483532868,0.002553245083752623,0.08643644912395125,0.09697940668159391,0.06181659757859607
dataset_11__primary,soh_estimation,baseline,random,SOH ratio,pinn,7.0,5,0.0962864755230211,0.0030441338430820565,0.08877812192138672,0.09868092002933765,0.06511842263361023
dataset_11__primary,soh_estimation,initial,cross_cell,SOH ratio,cnn,1.0,5,0.0811553843044429,0.002252804257654756,0.0549414856472608,0.07456084463291451,0.05180216486596932
dataset_11__primary,soh_estimation,initial,cross_cell,SOH ratio,rf,2.0,5,0.0812281258030223,0.0009390949440358016,0.057438171727917375,0.07811511461476937,0.05668888347712445
dataset_11__primary,soh_estimation,initial,cross_cell,SOH ratio,lstm,3.0,5,0.08636079314367733,0.007077852961073418,0.06457658288112574,0.07815282495056114,0.05723285798013146
dataset_11__primary,soh_estimation,initial,cross_cell,SOH ratio,transformer,4.0,5,0.08735057216963055,0.0028914144738422286,0.0634773212737589,0.07862884969351616,0.05519052337540943
dataset_11__primary,soh_estimation,initial,cross_cell,SOH ratio,xgboost,5.0,5,0.08951164403312485,0.0,0.06492384455965178,0.08443003065232403,0.06100226171292935
dataset_11__primary,soh_estimation,initial,cross_cell,SOH ratio,pinn,6.0,5,0.10224628890849244,0.026737915500251393,0.0782545734090234,0.09821324779605427,0.07485393334783502
dataset_11__primary,soh_estimation,initial,cross_cell,SOH ratio,linear,7.0,5,0.10828364748922314,0.0,0.08572902061139963,0.10271037107597003,0.06712664453909241
dataset_11__primary,soh_estimation,initial,random,SOH ratio,cnn,1.0,5,0.08582278173325157,0.0023224408914507095,0.08018635247676405,0.09186807532795815,0.05853404688684699
dataset_11__primary,soh_estimation,initial,random,SOH ratio,xgboost,2.0,5,0.08696819005910464,0.0,0.07832583775441339,0.09183750198654958,0.06959696267937883
dataset_11__primary,soh_estimation,initial,random,SOH ratio,rf,3.0,5,0.09058767910177366,0.000607411052112112,0.0840229183675371,0.09218189932789818,0.06620942288757782
dataset_11__primary,soh_estimation,initial,random,SOH ratio,transformer,4.0,5,0.09097479645365485,0.01029354836771354,0.0838979377219237,0.09563349371986121,0.06189976794921096
dataset_11__primary,soh_estimation,initial,random,SOH ratio,lstm,5.0,5,0.09308511773720037,0.0014793243184199408,0.08676652352194933,0.09664842488612467,0.06144124793574117
dataset_11__primary,soh_estimation,initial,random,SOH ratio,linear,6.0,5,0.09330230774046577,0.0,0.08367870039398265,0.10215235191410392,0.07004357400697159
dataset_11__primary,soh_estimation,initial,random,SOH ratio,pinn,7.0,5,0.10258800024178531,0.009897191408076733,0.09549165740271459,0.10438106588172524,0.07105222821604903
dataset_17__primary,rul_prediction,baseline,cross_cell,WLTP_drive_cycle_repetitions,transformer,1.0,5,1390.4729210549551,280.40307204569643,1203.3352399981966,1390.4729210549551,1203.3352399981966
dataset_17__primary,rul_prediction,baseline,cross_cell,WLTP_drive_cycle_repetitions,xgboost,2.0,5,1577.8868241353848,0.0,1289.4791684109134,1577.8868241353848,1289.4791684109134
dataset_17__primary,rul_prediction,baseline,cross_cell,WLTP_drive_cycle_repetitions,pinn,3.0,5,1684.4470852395648,243.15157079430546,1368.9626586519375,1684.4470852395648,1368.9626586519375
dataset_17__primary,rul_prediction,baseline,cross_cell,WLTP_drive_cycle_repetitions,lstm,4.0,5,1807.3331709570768,552.9394824059224,1723.186864379712,1807.3331709570768,1723.186864379712
dataset_17__primary,rul_prediction,baseline,cross_cell,WLTP_drive_cycle_repetitions,rf,5.0,5,2174.0397177592104,42.71581788002292,2171.0102380952376,2174.0397177592104,2171.0102380952376
dataset_17__primary,rul_prediction,baseline,cross_cell,WLTP_drive_cycle_repetitions,cnn,6.0,5,4712.388513351092,3570.161426985987,3810.90013115401,4712.388513351092,3810.90013115401
dataset_17__primary,rul_prediction,baseline,cross_cell,WLTP_drive_cycle_repetitions,linear,7.0,5,32785.85280626663,0.0,17131.70624563657,32785.85280626663,17131.70624563657
dataset_17__primary,rul_prediction,baseline,random,WLTP_drive_cycle_repetitions,transformer,1.0,5,1033.3157685021717,127.70575277518898,802.9077543678277,1039.9703229116465,795.4279792979188
dataset_17__primary,rul_prediction,baseline,random,WLTP_drive_cycle_repetitions,cnn,2.0,5,1314.0947867377004,41.7370787041336,968.8208493206967,1346.8815020053912,981.5203367851818
dataset_17__primary,rul_prediction,baseline,random,WLTP_drive_cycle_repetitions,lstm,3.0,5,1374.725284290827,24.759102006588893,1009.3600546392821,1480.3809945871058,1043.0234964907866
dataset_17__primary,rul_prediction,baseline,random,WLTP_drive_cycle_repetitions,rf,4.0,5,1588.03486481978,12.65290933427612,1325.8197768157768,1644.2896523714699,1329.8267054473304
dataset_17__primary,rul_prediction,baseline,random,WLTP_drive_cycle_repetitions,xgboost,5.0,5,1629.5685801420852,0.0,1289.5211651835723,1681.55939784054,1293.7108907251957
dataset_17__primary,rul_prediction,baseline,random,WLTP_drive_cycle_repetitions,pinn,6.0,5,1766.6603937940315,167.38930699466474,1541.1522022481063,1790.6727970467414,1499.3663178162376
dataset_17__primary,rul_prediction,baseline,random,WLTP_drive_cycle_repetitions,linear,7.0,5,2157.5594186211597,0.0,1809.3850299448252,2210.044076528405,1793.5452793745026
dataset_17__primary,rul_prediction,threshold_070,cross_cell,WLTP_drive_cycle_repetitions,rf,1.0,5,1157.7047734386585,29.409351156528867,1119.5557589285713,1157.7047734386585,1119.5557589285713
dataset_17__primary,rul_prediction,threshold_070,cross_cell,WLTP_drive_cycle_repetitions,transformer,2.0,5,1425.2168055476964,437.72082450506116,1196.8400163279935,1425.2168055476964,1196.8400163279935
dataset_17__primary,rul_prediction,threshold_070,cross_cell,WLTP_drive_cycle_repetitions,lstm,3.0,5,1602.6105663233327,299.6015139489457,1419.5345163754505,1602.6105663233327,1419.5345163754505
dataset_17__primary,rul_prediction,threshold_070,cross_cell,WLTP_drive_cycle_repetitions,pinn,4.0,5,1757.8803804381448,129.7098933655126,1393.1867071801662,1757.8803804381448,1393.1867071801662
dataset_17__primary,rul_prediction,threshold_070,cross_cell,WLTP_drive_cycle_repetitions,cnn,5.0,5,2693.9901828650136,1795.164350688334,2265.6953603996712,2693.9901828650136,2265.6953603996712
dataset_17__primary,rul_prediction,threshold_070,cross_cell,WLTP_drive_cycle_repetitions,xgboost,6.0,5,2709.1648048683614,0.0,2303.5455974135484,2709.1648048683614,2303.5455974135484
dataset_17__primary,rul_prediction,threshold_070,cross_cell,WLTP_drive_cycle_repetitions,linear,7.0,5,28973.011160268576,4.067383956680332e-12,14072.152336732699,28973.011160268576,14072.152336732699
dataset_17__primary,rul_prediction,threshold_070,random,WLTP_drive_cycle_repetitions,transformer,1.0,5,1069.234448333534,56.97706509693317,891.6572163235121,1086.8645761369235,859.8473429598541
dataset_17__primary,rul_prediction,threshold_070,random,WLTP_drive_cycle_repetitions,cnn,2.0,5,1247.3388122384376,79.2517882138215,936.9361236184061,1388.2429517847982,974.1085919989152
dataset_17__primary,rul_prediction,threshold_070,random,WLTP_drive_cycle_repetitions,lstm,3.0,5,1250.9893264080595,35.814955749605716,827.0256085731274,1489.211784355502,881.5526990391409
dataset_17__primary,rul_prediction,threshold_070,random,WLTP_drive_cycle_repetitions,pinn,4.0,5,1376.9165635262138,123.315440355534,1140.7546353850062,1611.3828756131602,1212.7942641808102
dataset_17__primary,rul_prediction,threshold_070,random,WLTP_drive_cycle_repetitions,linear,5.0,5,1639.721662773838,0.0,1314.3833375693896,1924.415576656344,1386.5436574110743
dataset_17__primary,rul_prediction,threshold_070,random,WLTP_drive_cycle_repetitions,rf,6.0,5,1658.5708619499987,40.34119051984064,1416.7193536556038,1931.905802135483,1515.9143854359922
dataset_17__primary,rul_prediction,threshold_070,random,WLTP_drive_cycle_repetitions,xgboost,7.0,5,1785.075962746919,0.0,1479.0014119889058,2074.2442673781366,1585.35880240673
dataset_17__primary,soh_estimation,baseline,cross_cell,SOH ratio,transformer,1.0,5,0.19737904798404754,0.01960172043315966,0.15263161571775882,0.19737904798404754,0.15263161571775882
dataset_17__primary,soh_estimation,baseline,cross_cell,SOH ratio,lstm,2.0,5,0.21075312537063762,0.01707391358072064,0.15331489701689766,0.21075312537063762,0.15331489701689766
dataset_17__primary,soh_estimation,baseline,cross_cell,SOH ratio,rf,3.0,5,0.21265406331682168,0.007746996774638414,0.1528326203940886,0.21265406331682168,0.1528326203940886
dataset_17__primary,soh_estimation,baseline,cross_cell,SOH ratio,xgboost,4.0,5,0.22261837609922264,0.0,0.15735760955493652,0.22261837609922264,0.15735760955493652
dataset_17__primary,soh_estimation,baseline,cross_cell,SOH ratio,pinn,5.0,5,0.4080279761117592,0.23181878412770793,0.33054184971415584,0.4080279761117592,0.33054184971415584
dataset_17__primary,soh_estimation,baseline,cross_cell,SOH ratio,cnn,6.0,5,0.7997408577721707,0.6332168443391379,0.629055724216855,0.7997408577721707,0.629055724216855
dataset_17__primary,soh_estimation,baseline,cross_cell,SOH ratio,linear,7.0,5,1.1490877666052541,0.0,0.5557557737632719,1.1490877666052541,0.5557557737632719
dataset_17__primary,soh_estimation,baseline,random,SOH ratio,transformer,1.0,5,0.03042879170676923,0.011682778823870307,0.023233801097614287,0.03200522627556997,0.022189700588219407
dataset_17__primary,soh_estimation,baseline,random,SOH ratio,rf,2.0,5,0.05584667908295049,0.00241712983791916,0.033512579978461854,0.060613221410896846,0.03320349051455025
dataset_17__primary,soh_estimation,baseline,random,SOH ratio,xgboost,3.0,5,0.05776809092127675,0.0,0.03317601490641089,0.06873921590949299,0.03274977413317298
dataset_17__primary,soh_estimation,baseline,random,SOH ratio,linear,4.0,5,0.06152744466467558,0.0,0.050848716551059735,0.06914645214736452,0.04965785947821597
dataset_17__primary,soh_estimation,baseline,random,SOH ratio,lstm,5.0,5,0.06992971320234846,0.0015760375952601426,0.043608553935411826,0.08376030548258061,0.04592789656012693
dataset_17__primary,soh_estimation,baseline,random,SOH ratio,cnn,6.0,5,0.08244669932769627,0.004838578826454108,0.04859818757917208,0.09343083556399412,0.0494500903578947
dataset_17__primary,soh_estimation,baseline,random,SOH ratio,pinn,7.0,5,0.0867242814565223,0.011822373090328527,0.06370440308938205,0.08982791863204365,0.06223970301135381
dataset_17__primary,soh_estimation,initial,cross_cell,SOH ratio,transformer,1.0,5,0.20210995881208516,0.020064232468395664,0.15627089778262376,0.20210995881208516,0.15627089778262376
dataset_17__primary,soh_estimation,initial,cross_cell,SOH ratio,lstm,2.0,5,0.2158164521126235,0.017482882534846294,0.15699827370337893,0.2158164521126235,0.15699827370337893
dataset_17__primary,soh_estimation,initial,cross_cell,SOH ratio,rf,3.0,5,0.2187830015589063,0.0072143852132657465,0.15751688012133486,0.2187830015589063,0.15751688012133486
dataset_17__primary,soh_estimation,initial,cross_cell,SOH ratio,xgboost,4.0,5,0.22797275113707452,3.1031676915590914e-17,0.16118838001833932,0.22797275113707452,0.16118838001833932
dataset_17__primary,soh_estimation,initial,cross_cell,SOH ratio,pinn,5.0,5,0.41180168977663234,0.2200688081617776,0.3239725439354433,0.41180168977663234,0.3239725439354433
dataset_17__primary,soh_estimation,initial,cross_cell,SOH ratio,cnn,6.0,5,0.820079300858883,0.6471638005220961,0.6450393474107259,0.820079300858883,0.6450393474107259
dataset_17__primary,soh_estimation,initial,cross_cell,SOH ratio,linear,7.0,5,1.1764163742691094,0.0,0.5689629836369093,1.1764163742691094,0.5689629836369093
dataset_17__primary,soh_estimation,initial,random,SOH ratio,transformer,1.0,5,0.03216935879729446,0.011063554898434707,0.023884814347416218,0.033526660758947495,0.022985277958734014
dataset_17__primary,soh_estimation,initial,random,SOH ratio,xgboost,2.0,5,0.0521942816903788,0.0,0.029057120655338314,0.05790174382920586,0.028179559266113402
dataset_17__primary,soh_estimation,initial,random,SOH ratio,rf,3.0,5,0.0547918588403804,0.0014876109088244396,0.0328122342157236,0.05955907553269826,0.03244524899908914
dataset_17__primary,soh_estimation,initial,random,SOH ratio,linear,4.0,5,0.06250452264696316,0.0,0.05150173163253502,0.07038667616054099,0.050299109923900485
dataset_17__primary,soh_estimation,initial,random,SOH ratio,lstm,5.0,5,0.07098994137207147,0.001717146191878093,0.04415085242259868,0.08539815897592651,0.04660167201296424
dataset_17__primary,soh_estimation,initial,random,SOH ratio,cnn,6.0,5,0.08407081813755163,0.004957114634825847,0.04956928590222691,0.09548751061018537,0.050418970002605736
dataset_17__primary,soh_estimation,initial,random,SOH ratio,pinn,7.0,5,0.10291232629789389,0.016541020599759676,0.07759615430813145,0.1057787531709348,0.07447908663333189
dataset_18__primary,rul_prediction,baseline,cross_cell,source_charac_aging_cycles,xgboost,1.0,5,210.23977750394823,0.0,187.6334213265448,229.11036632825818,183.21032756791482
dataset_18__primary,rul_prediction,baseline,cross_cell,source_charac_aging_cycles,rf,2.0,5,225.08111680543485,1.917115504221693,204.79608809109172,241.035079862587,199.0126580204757
dataset_18__primary,rul_prediction,baseline,cross_cell,source_charac_aging_cycles,lstm,3.0,5,235.6651849550884,9.341361071961748,221.4942177488786,257.386434187505,217.66077356308264
dataset_18__primary,rul_prediction,baseline,cross_cell,source_charac_aging_cycles,transformer,4.0,5,235.67483766317523,8.996359437229934,214.94107510539212,248.24047163137553,215.8587163304349
dataset_18__primary,rul_prediction,baseline,cross_cell,source_charac_aging_cycles,cnn,5.0,5,256.9253071131453,25.477069293257387,230.0757024429074,256.8320796014417,221.23674442170523
dataset_18__primary,rul_prediction,baseline,cross_cell,source_charac_aging_cycles,pinn,6.0,5,258.1689993416704,13.653354428816819,240.76246680895048,273.84900299516573,234.1464813485856
dataset_18__primary,rul_prediction,baseline,cross_cell,source_charac_aging_cycles,linear,7.0,5,8766.726137423375,0.0,4775.013639651799,16079.319172414518,4967.714308670141
dataset_18__primary,rul_prediction,baseline,random,source_charac_aging_cycles,xgboost,1.0,5,142.13444589627244,0.0,125.95545565568179,165.4065243832175,132.24925421137436
dataset_18__primary,rul_prediction,baseline,random,source_charac_aging_cycles,rf,2.0,5,173.29668328294798,2.533710078440127,156.1119229011544,212.2328679951181,163.6021588405059
dataset_18__primary,rul_prediction,baseline,random,source_charac_aging_cycles,transformer,3.0,5,183.14940426026146,20.54618039668407,167.58505267464727,243.48821568221837,181.8838768174467
dataset_18__primary,rul_prediction,baseline,random,source_charac_aging_cycles,lstm,4.0,5,185.53239510004283,13.689852922797314,169.86445882507616,265.7852188425588,187.77446578097565
dataset_18__primary,rul_prediction,baseline,random,source_charac_aging_cycles,cnn,5.0,5,196.7968931035728,5.970718166590082,180.86122338691453,243.92243955767785,194.3127922966658
dataset_18__primary,rul_prediction,baseline,random,source_charac_aging_cycles,pinn,6.0,5,232.9722801639603,22.204874626966628,215.07240662580352,301.8229238660401,231.08066793375093
dataset_18__primary,rul_prediction,baseline,random,source_charac_aging_cycles,linear,7.0,5,127790.72984678473,0.0,90588.40785436738,341229.9419827831,90216.83647946293
dataset_18__primary,rul_prediction,threshold_070,cross_cell,source_charac_aging_cycles,cnn,1.0,5,316.36650100933974,57.46429441931761,281.23232752632094,309.18175091805654,249.33401263776506
dataset_18__primary,rul_prediction,threshold_070,cross_cell,source_charac_aging_cycles,pinn,2.0,5,331.0326638739075,29.107920668340707,294.10740474487113,333.8965177548873,280.89851929444524
dataset_18__primary,rul_prediction,threshold_070,cross_cell,source_charac_aging_cycles,lstm,3.0,5,355.75948376727223,17.915355127945965,325.5280101799688,349.9825206115784,296.0308297028242
dataset_18__primary,rul_prediction,threshold_070,cross_cell,source_charac_aging_cycles,rf,4.0,5,359.6626706053196,2.632990643395839,317.07658518052096,365.2291447739346,290.9832999951606
dataset_18__primary,rul_prediction,threshold_070,cross_cell,source_charac_aging_cycles,xgboost,5.0,5,373.77437981359947,0.0,316.1669632005761,386.36746813652644,299.45606811841327
dataset_18__primary,rul_prediction,threshold_070,cross_cell,source_charac_aging_cycles,transformer,6.0,5,388.36804180535245,25.677419898556185,356.29898349590786,382.65616659944965,327.4760442378597
dataset_18__primary,rul_prediction,threshold_070,cross_cell,source_charac_aging_cycles,linear,7.0,5,599.9419457317813,0.0,446.3018237542209,818.3261662513901,478.4176989737757
dataset_18__primary,rul_prediction,threshold_070,random,source_charac_aging_cycles,xgboost,1.0,5,199.16853227462775,0.0,159.64600372747944,231.26331542124825,165.3878660202268
dataset_18__primary,rul_prediction,threshold_070,random,source_charac_aging_cycles,rf,2.0,5,219.22815561444867,3.8312134122538026,181.70536536580943,265.55242170409457,189.09323420355153
dataset_18__primary,rul_prediction,threshold_070,random,source_charac_aging_cycles,lstm,3.0,5,239.5026652925062,9.70429663998409,209.93905239866103,305.926648797746,220.13518630790003
dataset_18__primary,rul_prediction,threshold_070,random,source_charac_aging_cycles,cnn,4.0,5,240.62330842647694,9.629815215392542,211.89552382273655,298.07178596888053,224.34407075579693
dataset_18__primary,rul_prediction,threshold_070,random,source_charac_aging_cycles,transformer,5.0,5,260.10827496708,17.929684974036913,228.7743285921169,307.14811984741146,234.41591605923844
dataset_18__primary,rul_prediction,threshold_070,random,source_charac_aging_cycles,pinn,6.0,5,297.59981553146963,14.332405302407972,261.25349531478815,357.70275333779034,270.9998432595326
dataset_18__primary,rul_prediction,threshold_070,random,source_charac_aging_cycles,linear,7.0,5,10299.661782395528,0.0,6685.433227909535,24113.790344923567,6990.029635826877
dataset_18__primary,soh_estimation,baseline,cross_cell,SOH ratio,lstm,1.0,5,0.04218650018559019,0.0009889308141870453,0.0352079040293974,0.052730548469522145,0.036061173701037716
dataset_18__primary,soh_estimation,baseline,cross_cell,SOH ratio,rf,2.0,5,0.042724873265390366,0.0003696879936223831,0.03579154462504389,0.05218949503819319,0.03690169086591631
dataset_18__primary,soh_estimation,baseline,cross_cell,SOH ratio,xgboost,3.0,5,0.0447433665037036,0.0,0.03790401333838794,0.05403675998265859,0.03829316050070463
dataset_18__primary,soh_estimation,baseline,cross_cell,SOH ratio,transformer,4.0,5,0.04580361421233925,0.008342322536635229,0.038020880552123174,0.05447265112663283,0.038112122585047106
dataset_18__primary,soh_estimation,baseline,cross_cell,SOH ratio,linear,5.0,5,0.052966084436823734,7.757919228897728e-18,0.03969567297706236,0.06026092392837022,0.03682583875684731
dataset_18__primary,soh_estimation,baseline,cross_cell,SOH ratio,cnn,6.0,5,0.0535655094954544,0.004853278798886945,0.04442519035416166,0.0598816136234714,0.04340393740956191
dataset_18__primary,soh_estimation,baseline,cross_cell,SOH ratio,pinn,7.0,5,0.05621073100095272,0.0035892000408785743,0.0472043030421816,0.06758143868453596,0.047834598303440425
dataset_18__primary,soh_estimation,baseline,random,SOH ratio,lstm,1.0,5,0.015616623140261406,0.001731387834876557,0.013011123527040818,0.017053783401274194,0.013384712602414636
dataset_18__primary,soh_estimation,baseline,random,SOH ratio,transformer,2.0,5,0.016914304688910486,0.001119276366031773,0.014092118915338164,0.018601871236222516,0.014440914660521054
dataset_18__primary,soh_estimation,baseline,random,SOH ratio,rf,3.0,5,0.02123950728199401,0.0003541377520608255,0.016670253673769803,0.025866773433915406,0.016547735723188805
dataset_18__primary,soh_estimation,baseline,random,SOH ratio,xgboost,4.0,5,0.02182903741615959,0.0,0.014837942594512737,0.027865486407145607,0.01413211975339449
dataset_18__primary,soh_estimation,baseline,random,SOH ratio,cnn,5.0,5,0.022301832305192042,0.00044583385982835253,0.019079913763902008,0.024784438295405897,0.019320961569724703
dataset_18__primary,soh_estimation,baseline,random,SOH ratio,pinn,6.0,5,0.03772768497780145,0.0026465803058453247,0.030422741996566673,0.04625822723722874,0.030223619031046655
dataset_18__primary,soh_estimation,baseline,random,SOH ratio,linear,7.0,5,0.5421623040638063,0.0,0.31118551324094,1.883119006016297,0.2522282147624612
dataset_18__primary,soh_estimation,nominal,cross_cell,SOH ratio,rf,1.0,5,0.039612961725482246,0.0003700314617989666,0.033612224480791215,0.04845055198006641,0.034022921809345526
dataset_18__primary,soh_estimation,nominal,cross_cell,SOH ratio,xgboost,2.0,5,0.042921474140278165,0.0,0.036817545723001686,0.05304817096418259,0.03651981627262841
dataset_18__primary,soh_estimation,nominal,cross_cell,SOH ratio,lstm,3.0,5,0.04340847102215509,0.002269422946876018,0.03700962697345965,0.05358453538353687,0.03743699057734293
dataset_18__primary,soh_estimation,nominal,cross_cell,SOH ratio,transformer,4.0,5,0.04412345760381891,0.002330545596264846,0.03763420563657878,0.052057991610647766,0.038317467379858486
dataset_18__primary,soh_estimation,nominal,cross_cell,SOH ratio,linear,5.0,5,0.04968181653771969,0.0,0.03661207652140151,0.05652386953673225,0.033790708246256206
dataset_18__primary,soh_estimation,nominal,cross_cell,SOH ratio,cnn,6.0,5,0.056770493188317575,0.0027664837337337727,0.048552933550299604,0.06292773883188453,0.047801253526772926
dataset_18__primary,soh_estimation,nominal,cross_cell,SOH ratio,pinn,7.0,5,0.058264964015251705,0.005884229310560153,0.048943681184607304,0.0700599822926646,0.04966990762026367
dataset_18__primary,soh_estimation,nominal,random,SOH ratio,lstm,1.0,5,0.014742043506569352,0.001319908175236601,0.012251731073470504,0.016545538648193202,0.0128037339506087
dataset_18__primary,soh_estimation,nominal,random,SOH ratio,transformer,2.0,5,0.0153115362605477,0.0006392136366234811,0.012952130030952528,0.01715247465447818,0.013393878872140077
dataset_18__primary,soh_estimation,nominal,random,SOH ratio,cnn,3.0,5,0.020545193457055896,0.0006060103057545551,0.01734760975048922,0.022898011254905405,0.017755783813370916
dataset_18__primary,soh_estimation,nominal,random,SOH ratio,xgboost,4.0,5,0.020594920845132626,0.0,0.014493645591814633,0.02487832017241713,0.014014302493944525
dataset_18__primary,soh_estimation,nominal,random,SOH ratio,rf,5.0,5,0.021052762767705575,0.00013673670651813112,0.015992348655995754,0.02594140350910386,0.015835208760098706
dataset_18__primary,soh_estimation,nominal,random,SOH ratio,pinn,6.0,5,0.034506322221811506,0.0024176045800999788,0.028827056551228164,0.04194595376209737,0.028775537988183907
dataset_18__primary,soh_estimation,nominal,random,SOH ratio,linear,7.0,5,0.5922034592965818,0.0,0.33475709532520365,2.0848903936640046,0.27100507128637125
dataset_19__primary,rul_prediction,baseline,cross_cell,recorded_aging_discharge_operations,rf,1.0,5,95.79123404736109,2.8040967635314202,87.05006009424605,95.79123404736109,87.05006009424605
dataset_19__primary,rul_prediction,baseline,cross_cell,recorded_aging_discharge_operations,transformer,2.0,5,131.91125265469083,38.73086415162173,108.9946846105403,131.91125265469083,108.9946846105403
dataset_19__primary,rul_prediction,baseline,cross_cell,recorded_aging_discharge_operations,linear,3.0,5,133.65868430572837,0.0,123.53106373246467,133.65868430572837,123.53106373246467
dataset_19__primary,rul_prediction,baseline,cross_cell,recorded_aging_discharge_operations,xgboost,4.0,5,150.09142552626892,0.0,129.2504179873015,150.09142552626892,129.2504179873015
dataset_19__primary,rul_prediction,baseline,cross_cell,recorded_aging_discharge_operations,lstm,5.0,5,176.0749783905997,10.542082744215028,151.71745705434944,176.0749783905997,151.71745705434944
dataset_19__primary,rul_prediction,baseline,cross_cell,recorded_aging_discharge_operations,pinn,6.0,5,189.20645032904832,32.48467574882029,150.0802847859049,189.20645032904832,150.0802847859049
dataset_19__primary,rul_prediction,baseline,cross_cell,recorded_aging_discharge_operations,cnn,7.0,5,190.73247816344244,25.68308428979225,166.6460772333632,190.73247816344244,166.6460772333632
dataset_19__primary,rul_prediction,baseline,random,recorded_aging_discharge_operations,transformer,1.0,5,78.82273969231397,8.86802698382024,72.7299743234742,84.38218143247221,73.87382356194706
dataset_19__primary,rul_prediction,baseline,random,recorded_aging_discharge_operations,lstm,2.0,5,91.10059537514398,22.1511357001904,81.13066966303596,99.13484257276869,83.66619289786034
dataset_19__primary,rul_prediction,baseline,random,recorded_aging_discharge_operations,cnn,3.0,5,97.48192230085581,17.571070738751537,81.55127317852534,101.29368916713011,82.07987964128968
dataset_19__primary,rul_prediction,baseline,random,recorded_aging_discharge_operations,xgboost,4.0,5,119.94310802841449,0.0,101.48910695108835,136.1424400677466,105.72367648318001
dataset_19__primary,rul_prediction,baseline,random,recorded_aging_discharge_operations,rf,5.0,5,126.34687018516529,4.89664275990159,106.30557607804231,143.3945829777371,111.29910216727717
dataset_19__primary,rul_prediction,baseline,random,recorded_aging_discharge_operations,linear,6.0,5,239.53018444761446,3.1776437161565096e-14,221.23276863458446,244.9807093044987,220.1262268754149
dataset_19__primary,rul_prediction,baseline,random,recorded_aging_discharge_operations,pinn,7.0,5,268.6030363042962,52.71888326271612,212.1836143213026,275.77828667501007,214.58780850696616
dataset_19__primary,rul_prediction,threshold_070,cross_cell,recorded_aging_discharge_operations,rf,1.0,5,136.1776663967139,2.0109833536304134,128.54183277891698,136.1776663967139,128.54183277891698
dataset_19__primary,rul_prediction,threshold_070,cross_cell,recorded_aging_discharge_operations,transformer,2.0,5,138.3125015942739,67.97314973027261,115.38462518953789,138.3125015942739,115.38462518953789
dataset_19__primary,rul_prediction,threshold_070,cross_cell,recorded_aging_discharge_operations,linear,3.0,5,144.74226204173496,0.0,135.39396685590523,144.74226204173496,135.39396685590523
dataset_19__primary,rul_prediction,threshold_070,cross_cell,recorded_aging_discharge_operations,xgboost,4.0,5,169.80935606295125,0.0,154.60765781236793,169.80935606295125,154.60765781236793
dataset_19__primary,rul_prediction,threshold_070,cross_cell,recorded_aging_discharge_operations,lstm,5.0,5,199.06101297026711,20.387347893425435,171.7018575093088,199.06101297026711,171.7018575093088
dataset_19__primary,rul_prediction,threshold_070,cross_cell,recorded_aging_discharge_operations,cnn,6.0,5,229.97060678139533,30.0818303086672,198.41446638991542,229.97060678139533,198.41446638991542
dataset_19__primary,rul_prediction,threshold_070,cross_cell,recorded_aging_discharge_operations,pinn,7.0,5,248.7453239619304,67.03815667104351,203.25565431856967,248.7453239619304,203.25565431856967
dataset_19__primary,rul_prediction,threshold_070,random,recorded_aging_discharge_operations,lstm,1.0,5,105.49249289840277,1.610025770346833,84.08732033995865,113.91055880067663,83.69106436797907
dataset_19__primary,rul_prediction,threshold_070,random,recorded_aging_discharge_operations,cnn,2.0,5,125.94498790596398,13.864968809450104,99.13273164109746,130.95904433025242,96.37241954977567
dataset_19__primary,rul_prediction,threshold_070,random,recorded_aging_discharge_operations,transformer,3.0,5,127.79127354925194,6.6947444737636035,106.72117564673609,130.9000019462111,103.42819813213157
dataset_19__primary,rul_prediction,threshold_070,random,recorded_aging_discharge_operations,xgboost,4.0,5,158.17122299599376,0.0,117.18312254035905,180.3929232057497,121.80009085565538
dataset_19__primary,rul_prediction,threshold_070,random,recorded_aging_discharge_operations,rf,5.0,5,174.64233279675005,6.748113927357406,135.3400002405002,197.3227430891267,142.49114336219333
dataset_19__primary,rul_prediction,threshold_070,random,recorded_aging_discharge_operations,pinn,6.0,5,261.8193046684458,36.10649080434896,221.8354115389621,262.2808108784591,215.08792515833767
dataset_19__primary,rul_prediction,threshold_070,random,recorded_aging_discharge_operations,linear,7.0,5,312.2465386049226,0.0,260.0856497426951,314.77595893559555,259.64566970609957
dataset_19__primary,soh_estimation,baseline,cross_cell,SOH ratio,rf,1.0,5,0.05766960878405505,0.0012425280758764144,0.05016917653587398,0.05766960878405505,0.05016917653587398
dataset_19__primary,soh_estimation,baseline,cross_cell,SOH ratio,linear,2.0,5,0.07727463306585418,0.0,0.06613776014590433,0.07727463306585418,0.06613776014590433
dataset_19__primary,soh_estimation,baseline,cross_cell,SOH ratio,xgboost,3.0,5,0.08525458317546654,0.0,0.07960979059990811,0.08525458317546654,0.07960979059990811
dataset_19__primary,soh_estimation,baseline,cross_cell,SOH ratio,pinn,4.0,5,0.12986626862733905,0.0953984490381322,0.1059999939540424,0.12986626862733905,0.1059999939540424
dataset_19__primary,soh_estimation,baseline,cross_cell,SOH ratio,transformer,5.0,5,0.1306075174770782,0.05886377259545454,0.11596136154413701,0.1306075174770782,0.11596136154413701
dataset_19__primary,soh_estimation,baseline,cross_cell,SOH ratio,lstm,6.0,5,0.18027751962333818,0.018555224336742577,0.14711882427196113,0.18027751962333818,0.14711882427196113
dataset_19__primary,soh_estimation,baseline,cross_cell,SOH ratio,cnn,7.0,5,0.18093436983855657,0.033706096512739765,0.15755012752046557,0.18093436983855657,0.15755012752046557
dataset_19__primary,soh_estimation,baseline,random,SOH ratio,transformer,1.0,5,0.024635491709599944,0.0018554134710665774,0.020027198694601994,0.025421052797865395,0.019868890667856014
dataset_19__primary,soh_estimation,baseline,random,SOH ratio,cnn,2.0,5,0.029083299803817332,0.0028548499210969197,0.023717724683788112,0.029616567159460306,0.02374312664989403
dataset_19__primary,soh_estimation,baseline,random,SOH ratio,lstm,3.0,5,0.029208977215903608,0.0008614438408264583,0.02295300778649199,0.029358370180135773,0.02300546621225711
dataset_19__primary,soh_estimation,baseline,random,SOH ratio,xgboost,4.0,5,0.034261533644518,0.0,0.019855751557058553,0.03538409488961474,0.019735892705411633
dataset_19__primary,soh_estimation,baseline,random,SOH ratio,rf,5.0,5,0.04287787515809827,0.0018616221027214193,0.02434511866540519,0.04963352999172302,0.024336433983042038
dataset_19__primary,soh_estimation,baseline,random,SOH ratio,pinn,6.0,5,0.10248286999675402,0.012790776315197967,0.0720139495099178,0.10871411782522207,0.07266218236324459
dataset_19__primary,soh_estimation,baseline,random,SOH ratio,linear,7.0,5,0.1938246845868384,0.0,0.1268340372636069,0.2033617132296744,0.12721258348317294
dataset_19__primary,soh_estimation,initial,cross_cell,SOH ratio,rf,1.0,5,0.057398758312128616,0.0011324449842153807,0.05011222006918037,0.057398758312128616,0.05011222006918037
dataset_19__primary,soh_estimation,initial,cross_cell,SOH ratio,linear,2.0,5,0.07469330952894858,0.0,0.06380969653632615,0.07469330952894858,0.06380969653632615
dataset_19__primary,soh_estimation,initial,cross_cell,SOH ratio,xgboost,3.0,5,0.08333265414893173,0.0,0.07783605474198702,0.08333265414893173,0.07783605474198702
dataset_19__primary,soh_estimation,initial,cross_cell,SOH ratio,transformer,4.0,5,0.12731916433532092,0.057361188914278285,0.11320747970808462,0.12731916433532092,0.11320747970808462
dataset_19__primary,soh_estimation,initial,cross_cell,SOH ratio,pinn,5.0,5,0.12862161286046117,0.09266891665187621,0.10387449495820385,0.12862161286046117,0.10387449495820385
dataset_19__primary,soh_estimation,initial,cross_cell,SOH ratio,lstm,6.0,5,0.17546185466669756,0.018070456000918944,0.14350981325731177,0.17546185466669756,0.14350981325731177
dataset_19__primary,soh_estimation,initial,cross_cell,SOH ratio,cnn,7.0,5,0.1762557792389578,0.03270626702903495,0.1537137543742508,0.1762557792389578,0.1537137543742508
dataset_19__primary,soh_estimation,initial,random,SOH ratio,transformer,1.0,5,0.02396356867444256,0.0018864866364153906,0.019414494991015583,0.02475228151793527,0.01926428284348892
dataset_19__primary,soh_estimation,initial,random,SOH ratio,cnn,2.0,5,0.028435379398061573,0.0027906674107140822,0.023188491911521194,0.02894726586603814,0.023213792722701073
dataset_19__primary,soh_estimation,initial,random,SOH ratio,lstm,3.0,5,0.028579463811136775,0.000840613646380701,0.022458590613677006,0.028728480945404172,0.022509637999412545
dataset_19__primary,soh_estimation,initial,random,SOH ratio,xgboost,4.0,5,0.03756089432929408,0.0,0.02101335598987659,0.03924843285515959,0.02093924657756229
dataset_19__primary,soh_estimation,initial,random,SOH ratio,rf,5.0,5,0.043994058601184625,0.002002601811026889,0.024009646701552294,0.05184387039692353,0.023991384682937492
dataset_19__primary,soh_estimation,initial,random,SOH ratio,pinn,6.0,5,0.09835663720133433,0.012174733442212468,0.06737532670498918,0.10409521569285034,0.06794625101617671
dataset_19__primary,soh_estimation,initial,random,SOH ratio,linear,7.0,5,0.18995454139523846,0.0,0.12459253841231033,0.19925165551286622,0.12495655350490038
dataset_21__primary,rul_prediction,baseline,cross_cell,recorded_flight_mission_operations,xgboost,1.0,5,62.573572385960425,0.0,50.64253527812134,62.573572385960425,50.64253527812134
dataset_21__primary,rul_prediction,baseline,cross_cell,recorded_flight_mission_operations,rf,2.0,5,82.37757576266961,1.9076766308196003,60.6732755363155,82.37757576266961,60.6732755363155
dataset_21__primary,rul_prediction,baseline,cross_cell,recorded_flight_mission_operations,lstm,3.0,5,271.3349867588334,72.18617314868901,217.06722700603956,271.3349867588334,217.06722700603956
dataset_21__primary,rul_prediction,baseline,cross_cell,recorded_flight_mission_operations,transformer,4.0,5,287.53557229908205,121.29054375813517,230.86570116746415,287.53557229908205,230.86570116746415
dataset_21__primary,rul_prediction,baseline,cross_cell,recorded_flight_mission_operations,pinn,5.0,5,393.3145939674792,78.14322909522825,340.68202020929965,393.3145939674792,340.68202020929965
dataset_21__primary,rul_prediction,baseline,cross_cell,recorded_flight_mission_operations,cnn,6.0,5,11253.46616222843,5593.345831096615,7845.53755663736,11253.46616222843,7845.53755663736
dataset_21__primary,rul_prediction,baseline,cross_cell,recorded_flight_mission_operations,linear,7.0,5,790155.3357600496,0.0,396108.61638724426,790155.3357600496,396108.61638724426
dataset_21__primary,rul_prediction,baseline,random,recorded_flight_mission_operations,cnn,1.0,5,37.61840542281504,4.28209459504665,31.29499238238543,39.27456691603474,31.034248090259958
dataset_21__primary,rul_prediction,baseline,random,recorded_flight_mission_operations,transformer,2.0,5,41.24479920941962,4.915878208758134,36.016964983672366,43.54732587375831,34.66940519747882
dataset_21__primary,rul_prediction,baseline,random,recorded_flight_mission_operations,lstm,3.0,5,58.07288506352154,18.55328121640204,50.811264532895336,61.10006783003793,49.27670013332109
dataset_21__primary,rul_prediction,baseline,random,recorded_flight_mission_operations,rf,4.0,5,74.3526373886883,1.8805881818444605,65.48556416436189,81.34127159382186,63.70974882192462
dataset_21__primary,rul_prediction,baseline,random,recorded_flight_mission_operations,xgboost,5.0,5,78.30913136337155,0.0,64.18376282324977,78.75842614257738,62.78144932056963
dataset_21__primary,rul_prediction,baseline,random,recorded_flight_mission_operations,pinn,6.0,5,116.15399453439018,37.50436319978413,98.97072373180883,119.25362295942008,98.34131164729953
dataset_21__primary,rul_prediction,baseline,random,recorded_flight_mission_operations,linear,7.0,5,617.746036835904,0.0,506.83081364258123,639.0602764527102,518.6384192626133
dataset_21__primary,soh_estimation,baseline,cross_cell,SOH ratio,lstm,1.0,5,0.013413528478476097,0.004584644013567665,0.010502385993716166,0.015214108672453402,0.01127580247265415
dataset_21__primary,soh_estimation,baseline,cross_cell,SOH ratio,xgboost,2.0,5,0.013993752634682175,0.0,0.011403756475795829,0.012539915985754015,0.009296304724384832
dataset_21__primary,soh_estimation,baseline,cross_cell,SOH ratio,rf,3.0,5,0.015331837843111484,0.00012422186531109048,0.013246366029601548,0.013378263404840541,0.00988162738116291
dataset_21__primary,soh_estimation,baseline,cross_cell,SOH ratio,cnn,4.0,5,0.01793615511029433,0.005526731441406631,0.014059272878432469,0.022078297009928152,0.015360221123191367
dataset_21__primary,soh_estimation,baseline,cross_cell,SOH ratio,transformer,5.0,5,0.019789195341381106,0.009376713017226717,0.014296638600461922,0.03134947821285995,0.019450693767614262
dataset_21__primary,soh_estimation,baseline,cross_cell,SOH ratio,pinn,6.0,5,0.08717572972361945,0.04447960215686025,0.05663999935241539,0.1662754958585793,0.08716552875358377
dataset_21__primary,soh_estimation,baseline,cross_cell,SOH ratio,linear,7.0,5,2.337158569516263,0.0,0.9921856363843042,6.5308762925538675,2.0871143063279503
dataset_21__primary,soh_estimation,baseline,random,SOH ratio,xgboost,1.0,5,0.00456777394121397,0.0,0.0038498638876594956,0.005480603944255537,0.0037335934754897716
dataset_21__primary,soh_estimation,baseline,random,SOH ratio,transformer,2.0,5,0.005924730895389105,0.00019030955273086216,0.005198547919517853,0.006365834995902972,0.005052257627591065
dataset_21__primary,soh_estimation,baseline,random,SOH ratio,lstm,3.0,5,0.006017569788836849,7.179232598968407e-05,0.005150482831824925,0.006844612918139205,0.005294041600609459
dataset_21__primary,soh_estimation,baseline,random,SOH ratio,rf,4.0,5,0.006830341893468218,7.949942774340391e-05,0.005878711491072253,0.007638040112289997,0.005414228985090484
dataset_21__primary,soh_estimation,baseline,random,SOH ratio,cnn,5.0,5,0.007602121589805564,0.0002442235167751138,0.00660013429640903,0.00819254456246118,0.006272343174890315
dataset_21__primary,soh_estimation,baseline,random,SOH ratio,pinn,6.0,5,0.03376037210006605,0.01277832168793586,0.024625572166726745,0.05952422456381938,0.027762885084392286
dataset_21__primary,soh_estimation,baseline,random,SOH ratio,linear,7.0,5,0.1329807944968728,0.0,0.05538760509314626,0.7224088487720893,0.09861870773958988
dataset_21__primary,soh_estimation,initial,cross_cell,SOH ratio,rf,1.0,5,0.005065926036790032,7.602172460581118e-05,0.004121061670925885,0.00591550122571661,0.004280520519520487
dataset_21__primary,soh_estimation,initial,cross_cell,SOH ratio,xgboost,2.0,5,0.005547654825111786,0.0,0.00427986176324996,0.0070235763857743275,0.004762435376966719
dataset_21__primary,soh_estimation,initial,cross_cell,SOH ratio,lstm,3.0,5,0.013772383595316953,0.004581161492306585,0.01091028101398626,0.015588583115660342,0.011617730517592472
dataset_21__primary,soh_estimation,initial,cross_cell,SOH ratio,cnn,4.0,5,0.01856935338649397,0.00591352230046304,0.01423201954676292,0.023535204908383144,0.015835821876240115
dataset_21__primary,soh_estimation,initial,cross_cell,SOH ratio,transformer,5.0,5,0.020650991946248688,0.011509773790277759,0.014765660074546008,0.03352980150825586,0.020357767135037737
dataset_21__primary,soh_estimation,initial,cross_cell,SOH ratio,pinn,6.0,5,0.10511975359147377,0.04918815421507474,0.0688645449662395,0.17799143843161877,0.09600080612856142
dataset_21__primary,soh_estimation,initial,cross_cell,SOH ratio,linear,7.0,5,8.210060718582456,0.0,3.4540934976293776,20.76781644127389,6.995206340370798
dataset_21__primary,soh_estimation,initial,random,SOH ratio,xgboost,1.0,5,0.00438105249267996,0.0,0.003766595532014762,0.005092781575458697,0.004080358016484697
dataset_21__primary,soh_estimation,initial,random,SOH ratio,lstm,2.0,5,0.005498369369419208,0.00017443494400952,0.004785856590177057,0.006068154012748734,0.004592280839438786
dataset_21__primary,soh_estimation,initial,random,SOH ratio,transformer,3.0,5,0.00592216314293227,0.0003695424669755369,0.00519315785887427,0.006468496646911602,0.004831083663377142
dataset_21__primary,soh_estimation,initial,random,SOH ratio,rf,4.0,5,0.006030547684206477,9.159804715319373e-05,0.005408172468221452,0.006838273514280148,0.0055134063654233385
dataset_21__primary,soh_estimation,initial,random,SOH ratio,cnn,5.0,5,0.007238450482930528,0.0003439959762652957,0.006226462299280791,0.007874427676634517,0.0057579219577278806
dataset_21__primary,soh_estimation,initial,random,SOH ratio,pinn,6.0,5,0.03180531591004824,0.011040265227780696,0.024332899689381314,0.051179675439250324,0.027066880613768197
dataset_21__primary,soh_estimation,initial,random,SOH ratio,linear,7.0,5,0.9925036501228057,0.0,0.4097649879750492,6.380074718660874,0.8095378473022017
dataset_23__operations,rul_prediction,baseline,cross_cell,completed_recorded_ageing_discharges,transformer,1.0,5,448.8529513154041,138.91517079162142,403.20448701194823,448.8529513154041,403.20448701194823
dataset_23__operations,rul_prediction,baseline,cross_cell,completed_recorded_ageing_discharges,linear,2.0,5,505.63965492902923,6.355287432313019e-14,465.644406666465,505.63965492902923,465.644406666465
dataset_23__operations,rul_prediction,baseline,cross_cell,completed_recorded_ageing_discharges,lstm,3.0,5,519.1022260207033,59.461668018303,416.7977693254546,519.1022260207033,416.7977693254546
dataset_23__operations,rul_prediction,baseline,cross_cell,completed_recorded_ageing_discharges,rf,4.0,5,547.8629088621908,23.730234993325965,447.88268316326537,547.8629088621908,447.88268316326537
dataset_23__operations,rul_prediction,baseline,cross_cell,completed_recorded_ageing_discharges,pinn,5.0,5,609.823816820143,67.89463478919261,522.5021275237294,609.823816820143,522.5021275237294
dataset_23__operations,rul_prediction,baseline,cross_cell,completed_recorded_ageing_discharges,xgboost,6.0,5,622.4155837843724,0.0,555.6600243910086,622.4155837843724,555.6600243910086
dataset_23__operations,rul_prediction,baseline,cross_cell,completed_recorded_ageing_discharges,cnn,7.0,5,837.5553553732101,55.63752529753772,697.9525145059146,837.5553553732101,697.9525145059146
dataset_23__operations,rul_prediction,baseline,random,completed_recorded_ageing_discharges,cnn,1.0,5,380.1125518231405,49.10687322169389,358.49730369204093,497.61041786278446,358.4973036920409
dataset_23__operations,rul_prediction,baseline,random,completed_recorded_ageing_discharges,transformer,2.0,5,398.2352468069694,60.906643871379906,385.0094931367302,487.58149588698404,385.0094931367302
dataset_23__operations,rul_prediction,baseline,random,completed_recorded_ageing_discharges,lstm,3.0,5,447.0174244943848,65.81192055435324,420.6446638501563,565.6349257390514,420.6446638501563
dataset_23__operations,rul_prediction,baseline,random,completed_recorded_ageing_discharges,pinn,4.0,5,535.569241021668,20.535781418938676,508.08611496888386,664.1865526908027,508.08611496888386
dataset_23__operations,rul_prediction,baseline,random,completed_recorded_ageing_discharges,rf,5.0,5,656.5512431338618,21.147285619614884,623.2330630952381,697.126303506736,623.2330630952381
dataset_23__operations,rul_prediction,baseline,random,completed_recorded_ageing_discharges,xgboost,6.0,5,857.0666554184724,0.0,760.258577965459,927.3809240755348,760.258577965459
dataset_23__operations,rul_prediction,baseline,random,completed_recorded_ageing_discharges,linear,7.0,5,2204.0444359514418,0.0,1672.8745885811998,2778.4736164284427,1672.8745885811998
dataset_23__operations,rul_prediction,threshold_070,random,completed_recorded_ageing_discharges,cnn,1.0,5,326.35490165885045,152.150353696484,266.7186636052441,359.3469706909199,266.71866360524405
dataset_23__operations,rul_prediction,threshold_070,random,completed_recorded_ageing_discharges,lstm,2.0,5,344.6178198297746,290.25916849075713,290.8980908184704,354.1675891593765,290.8980908184704
dataset_23__operations,rul_prediction,threshold_070,random,completed_recorded_ageing_discharges,linear,3.0,5,396.4105675079334,0.0,384.7124078433115,421.06948609659275,384.7124078433115
dataset_23__operations,rul_prediction,threshold_070,random,completed_recorded_ageing_discharges,rf,4.0,5,397.9584381820383,51.857028663830555,367.8538162037031,406.11104160713575,367.8538162037031
dataset_23__operations,rul_prediction,threshold_070,random,completed_recorded_ageing_discharges,transformer,5.0,5,476.1447048940756,85.91705409303663,426.9401845428815,512.8801132174192,426.9401845428815
dataset_23__operations,rul_prediction,threshold_070,random,completed_recorded_ageing_discharges,pinn,6.0,5,604.9471052127938,177.97913223565166,539.1242749516013,613.1345852617493,539.1242749516011
dataset_23__operations,rul_prediction,threshold_070,random,completed_recorded_ageing_discharges,xgboost,7.0,5,749.3445475236507,0.0,593.8794835768487,752.0118640737445,593.8794835768487
dataset_23__operations,soh_estimation,baseline,cross_cell,SOH ratio,lstm,1.0,5,0.03930302717346277,0.013844124865523874,0.035034374643437005,0.03930302717346277,0.035034374643437005
dataset_23__operations,soh_estimation,baseline,cross_cell,SOH ratio,transformer,2.0,5,0.04120106209634262,0.0052620210916883865,0.02981056519885341,0.04120106209634262,0.02981056519885341
dataset_23__operations,soh_estimation,baseline,cross_cell,SOH ratio,rf,3.0,5,0.043811597497372026,0.0012771062652189955,0.03978861068085315,0.043811597497372026,0.03978861068085315
dataset_23__operations,soh_estimation,baseline,cross_cell,SOH ratio,xgboost,4.0,5,0.04553675512378959,0.0,0.04042472672083181,0.04553675512378959,0.04042472672083181
dataset_23__operations,soh_estimation,baseline,cross_cell,SOH ratio,pinn,5.0,5,0.3327312838411479,0.14936861279363672,0.24393675320836686,0.3327312838411479,0.24393675320836686
dataset_23__operations,soh_estimation,baseline,cross_cell,SOH ratio,cnn,6.0,5,1.211320551795879,2.2817188654234974,0.35021572447101823,1.211320551795879,0.35021572447101823
dataset_23__operations,soh_estimation,baseline,cross_cell,SOH ratio,linear,7.0,5,97.97679142415359,0.0,24.520231781034425,97.97679142415359,24.520231781034425
dataset_23__operations,soh_estimation,baseline,random,SOH ratio,cnn,1.0,5,0.01301439248274724,0.00503690328729077,0.010806703987408113,0.013425013695609337,0.010806703987408113
dataset_23__operations,soh_estimation,baseline,random,SOH ratio,rf,2.0,5,0.014513638657910522,0.00045386501491619547,0.011600831096200099,0.014959818519957358,0.011600831096200099
dataset_23__operations,soh_estimation,baseline,random,SOH ratio,transformer,3.0,5,0.017207667895621587,0.01336689676855753,0.013824708621799506,0.02001263598354037,0.013824708621799506
dataset_23__operations,soh_estimation,baseline,random,SOH ratio,xgboost,4.0,5,0.022720308159899876,0.0,0.020419729147533667,0.02421403009400859,0.020419729147533667
dataset_23__operations,soh_estimation,baseline,random,SOH ratio,lstm,5.0,5,0.031859152691941374,0.0021854399608917537,0.025562762335244134,0.0351116859288709,0.025562762335244134
dataset_23__operations,soh_estimation,baseline,random,SOH ratio,linear,6.0,5,0.04129155464748547,0.0,0.032169815739491986,0.041782572009528826,0.032169815739491986
dataset_23__operations,soh_estimation,baseline,random,SOH ratio,pinn,7.0,5,0.05335590768735543,0.007876089704107532,0.044649727702349706,0.05853977697843786,0.044649727702349706
dataset_23__operations,soh_estimation,initial,cross_cell,SOH ratio,lstm,1.0,5,0.03451812388383515,0.014358010119974018,0.02858858977204537,0.03451812388383515,0.02858858977204537
dataset_23__operations,soh_estimation,initial,cross_cell,SOH ratio,rf,2.0,5,0.03635635438391575,0.0012425661015334928,0.030690585561925825,0.03635635438391575,0.030690585561925825
dataset_23__operations,soh_estimation,initial,cross_cell,SOH ratio,transformer,3.0,5,0.03760120010835712,0.009482361190587086,0.025753672738971924,0.03760120010835712,0.025753672738971924
dataset_23__operations,soh_estimation,initial,cross_cell,SOH ratio,xgboost,4.0,5,0.037790195022404355,0.0,0.030146477443249865,0.037790195022404355,0.030146477443249865
dataset_23__operations,soh_estimation,initial,cross_cell,SOH ratio,pinn,5.0,5,0.3097620994307694,0.10382027125628783,0.20882400713773733,0.3097620994307694,0.20882400713773733
dataset_23__operations,soh_estimation,initial,cross_cell,SOH ratio,cnn,6.0,5,1.276584180908405,2.403547303364411,0.36898890639698295,1.276584180908405,0.36898890639698295
dataset_23__operations,soh_estimation,initial,cross_cell,SOH ratio,linear,7.0,5,103.16795506313387,0.0,25.813639033690627,103.16795506313387,25.813639033690627
dataset_23__operations,soh_estimation,initial,random,SOH ratio,linear,1.0,5,0.008905700621615636,0.0,0.00766841608071452,0.009341339378463534,0.00766841608071452
dataset_23__operations,soh_estimation,initial,random,SOH ratio,cnn,2.0,5,0.011637406255693736,0.00243475405713744,0.010490599894314901,0.012396054828145698,0.010490599894314901
dataset_23__operations,soh_estimation,initial,random,SOH ratio,rf,3.0,5,0.012786454024014468,0.0010651069954414262,0.011032492232175912,0.013534280640030672,0.011032492232175912
dataset_23__operations,soh_estimation,initial,random,SOH ratio,transformer,4.0,5,0.013567727221819223,0.0031087885757716247,0.011460301604182006,0.014575769288537876,0.011460301604182006
dataset_23__operations,soh_estimation,initial,random,SOH ratio,lstm,5.0,5,0.020526012171207753,0.011167665585945966,0.01705270718719678,0.021576925433430115,0.01705270718719678
dataset_23__operations,soh_estimation,initial,random,SOH ratio,xgboost,6.0,5,0.029284665610462963,0.0,0.024287667491752873,0.034402807813102544,0.024287667491752873
dataset_23__operations,soh_estimation,initial,random,SOH ratio,pinn,7.0,5,0.05068169758753706,0.014441144229323516,0.04192886100257759,0.054173944947136364,0.04192886100257759
dataset_23__primary,rul_prediction,baseline,cross_cell,elapsed_calendar_days,lstm,1.0,5,118.00796260416931,2.9899618531865837,112.02417183258949,132.09851417684985,117.55240776411313
dataset_23__primary,rul_prediction,baseline,cross_cell,elapsed_calendar_days,cnn,2.0,5,120.91625126294466,2.122608178904393,109.88204822367739,136.68315985108558,115.89438096765734
dataset_23__primary,rul_prediction,baseline,cross_cell,elapsed_calendar_days,transformer,3.0,5,127.40350777350795,6.490079425914871,119.70184101571014,146.48290321069507,126.97046624077159
dataset_23__primary,rul_prediction,baseline,cross_cell,elapsed_calendar_days,xgboost,4.0,5,127.67874769547188,0.0,114.75806237668981,140.6034881876874,120.57496734805345
dataset_23__primary,rul_prediction,baseline,cross_cell,elapsed_calendar_days,pinn,5.0,5,128.11919573317817,4.10440628945328,119.40352893023748,142.1737296559056,125.45299389274938
dataset_23__primary,rul_prediction,baseline,cross_cell,elapsed_calendar_days,rf,6.0,5,130.45233497466714,0.40792020341950064,120.00841286703489,148.40414678659647,126.9818993514169
dataset_23__primary,rul_prediction,baseline,cross_cell,elapsed_calendar_days,linear,7.0,5,318299.9475781951,0.0,142431.24427235784,372491.1296851222,150558.492154365
dataset_23__primary,rul_prediction,baseline,random,elapsed_calendar_days,cnn,1.0,5,113.87476297918352,2.081416977283872,111.05772442221898,128.96181675082312,97.94665980020932
dataset_23__primary,rul_prediction,baseline,random,elapsed_calendar_days,transformer,2.0,5,115.74450026822838,4.356577378900399,111.9674773932747,136.63908138152075,101.5454260772225
dataset_23__primary,rul_prediction,baseline,random,elapsed_calendar_days,lstm,3.0,5,116.863860184154,5.584342713334714,113.77928233927987,132.57176951488364,101.46450788077307
dataset_23__primary,rul_prediction,baseline,random,elapsed_calendar_days,xgboost,4.0,5,125.71240549981201,0.0,113.98340336625719,136.36304249263156,98.86666599896402
dataset_23__primary,rul_prediction,baseline,random,elapsed_calendar_days,rf,5.0,5,126.89016537936728,0.47101347152239403,119.04316678691677,136.97195430407766,103.73691359459254
dataset_23__primary,rul_prediction,baseline,random,elapsed_calendar_days,pinn,6.0,5,147.1377825379174,20.065470735916843,139.39064038736007,161.17240057507453,123.87800364210356
dataset_23__primary,rul_prediction,baseline,random,elapsed_calendar_days,linear,7.0,5,144068.17512641815,0.0,105993.11593959364,212501.63289702925,93527.59003049444
dataset_23__primary,rul_prediction,threshold_070,cross_cell,elapsed_calendar_days,transformer,1.0,5,81.67182036409693,14.692171872391112,73.23355389976828,82.76120237828185,73.23355389976828
dataset_23__primary,rul_prediction,threshold_070,cross_cell,elapsed_calendar_days,lstm,2.0,5,104.17349747474063,14.01071221942113,90.76897468319007,105.03698475199829,90.76897468319005
dataset_23__primary,rul_prediction,threshold_070,cross_cell,elapsed_calendar_days,cnn,3.0,5,107.34353968552436,6.565931852568078,89.5226535299103,107.93110787706844,89.52265352991033
dataset_23__primary,rul_prediction,threshold_070,cross_cell,elapsed_calendar_days,pinn,4.0,5,111.98216326796492,9.661510956197382,95.89206424890492,112.73780904669891,95.89206424890492
dataset_23__primary,rul_prediction,threshold_070,cross_cell,elapsed_calendar_days,rf,5.0,5,118.49645606905217,2.6093234635981037,104.47022115164376,119.37823520701079,104.47022115164376
dataset_23__primary,rul_prediction,threshold_070,cross_cell,elapsed_calendar_days,xgboost,6.0,5,118.88739686626396,0.0,96.49431809305447,122.47852888015079,96.49431809305445
dataset_23__primary,rul_prediction,threshold_070,cross_cell,elapsed_calendar_days,linear,7.0,5,22306.934594843875,0.0,15103.350997687463,23160.22007761818,15103.350997687463
dataset_23__primary,rul_prediction,threshold_070,random,elapsed_calendar_days,rf,1.0,5,132.79478840379625,0.9768607424440372,123.688515605797,141.04291788800265,102.53833701860472
dataset_23__primary,rul_prediction,threshold_070,random,elapsed_calendar_days,lstm,2.0,5,132.8815047543689,1.6309697662514784,127.4959778880182,142.06592705163172,103.67267454151647
dataset_23__primary,rul_prediction,threshold_070,random,elapsed_calendar_days,cnn,3.0,5,133.68610885576564,1.9497165607746676,128.49950140195142,142.02158628924118,104.767343969518
dataset_23__primary,rul_prediction,threshold_070,random,elapsed_calendar_days,transformer,4.0,5,144.8974441151717,2.746584881307607,132.95177834206504,148.86292932396788,106.78068963291632
dataset_23__primary,rul_prediction,threshold_070,random,elapsed_calendar_days,xgboost,5.0,5,145.9325291804307,0.0,130.25509426180392,155.31431832650827,110.97010349179281
dataset_23__primary,rul_prediction,threshold_070,random,elapsed_calendar_days,pinn,6.0,5,153.9463132302667,5.334520934741336,145.28577289649448,159.63899804503572,119.49477613129906
dataset_23__primary,rul_prediction,threshold_070,random,elapsed_calendar_days,linear,7.0,5,26235.248750468374,0.0,17939.226616635133,42010.719976768996,19061.885828704722
dataset_23__primary,soh_estimation,baseline,cross_cell,SOH ratio,rf,1.0,5,0.02953871114328801,0.00039807201299416214,0.02431407380041695,0.030319820257095093,0.023470422961382617
dataset_23__primary,soh_estimation,baseline,cross_cell,SOH ratio,transformer,2.0,5,0.030237699040517596,0.002173059837811889,0.02627665900918774,0.03137677311464472,0.025620090184277005
dataset_23__primary,soh_estimation,baseline,cross_cell,SOH ratio,lstm,3.0,5,0.034071494738478134,0.0045246910218752654,0.029769045829490488,0.035232231439463794,0.02894614596761653
dataset_23__primary,soh_estimation,baseline,cross_cell,SOH ratio,xgboost,4.0,5,0.0344268545393874,0.0,0.028631396444192096,0.0351063298212902,0.027607048984152494
dataset_23__primary,soh_estimation,baseline,cross_cell,SOH ratio,linear,5.0,5,0.043443736819755906,0.0,0.03163244128711679,0.04589095574965958,0.03175411577275885
dataset_23__primary,soh_estimation,baseline,cross_cell,SOH ratio,cnn,6.0,5,0.04593613558647026,0.0243662980874779,0.03757170515995975,0.04702601795971254,0.03714094882422818
dataset_23__primary,soh_estimation,baseline,cross_cell,SOH ratio,pinn,7.0,5,0.04707247902598059,0.00958808483999363,0.03708948388865532,0.047479347373443934,0.03699493691450058
dataset_23__primary,soh_estimation,baseline,random,SOH ratio,rf,1.0,5,0.0197394025372458,0.0005081658923714731,0.01635444163355371,0.02456016007846394,0.016114483986327525
dataset_23__primary,soh_estimation,baseline,random,SOH ratio,transformer,2.0,5,0.02618158052006895,0.004820522419552763,0.02057576336536132,0.03056357021030091,0.02018758818559937
dataset_23__primary,soh_estimation,baseline,random,SOH ratio,lstm,3.0,5,0.027928225003568046,0.005046824836816126,0.021934091371223617,0.03570249195904296,0.022229047629193855
dataset_23__primary,soh_estimation,baseline,random,SOH ratio,xgboost,4.0,5,0.029317823073463173,0.0,0.022207032568880708,0.044705295655557455,0.02204387294890434
dataset_23__primary,soh_estimation,baseline,random,SOH ratio,cnn,5.0,5,0.035476752017745104,0.001535170194165579,0.025768024306141928,0.060934975179829695,0.0314861393526263
dataset_23__primary,soh_estimation,baseline,random,SOH ratio,pinn,6.0,5,0.04118739097116149,0.003057542427772964,0.03249588065013672,0.0590963804603743,0.03788486714058307
dataset_23__primary,soh_estimation,baseline,random,SOH ratio,linear,7.0,5,0.08855501669358594,0.0,0.06168282581548823,0.18485078314485676,0.08367903527659742
dataset_23__primary,soh_estimation,baseline,temporal,SOH ratio,xgboost,1.0,5,0.03042635692408525,3.878959614448864e-18,0.016562679989462537,0.03042635692408525,0.016562679989462537
dataset_23__primary,soh_estimation,baseline,temporal,SOH ratio,transformer,2.0,5,0.03452640444138578,0.015065689918645792,0.03055097387281252,0.03452640444138578,0.03055097387281252
dataset_23__primary,soh_estimation,baseline,temporal,SOH ratio,rf,3.0,5,0.04103945388295636,0.005224296837417866,0.02423006148327289,0.04103945388295636,0.02423006148327289
dataset_23__primary,soh_estimation,baseline,temporal,SOH ratio,lstm,4.0,5,0.11810742096425926,0.0021190710009801363,0.04739485083099671,0.11810742096425926,0.04739485083099671
dataset_23__primary,soh_estimation,baseline,temporal,SOH ratio,cnn,5.0,5,0.12656416012333302,0.01967147112105157,0.07898353264035032,0.12656416012333302,0.07898353264035032
dataset_23__primary,soh_estimation,baseline,temporal,SOH ratio,pinn,6.0,5,0.29999010939516585,0.09287124508126592,0.251268437066084,0.29999010939516585,0.251268437066084
dataset_23__primary,soh_estimation,baseline,temporal,SOH ratio,linear,7.0,5,3.2825712453277744,4.965068306494546e-16,3.2376602924630182,3.2825712453277744,3.2376602924630182
dataset_23__primary,soh_estimation,initial,cross_cell,SOH ratio,rf,1.0,5,0.030053082912000213,0.0006637850459298735,0.022364563445172635,0.030220291600802425,0.021739121438231254
dataset_23__primary,soh_estimation,initial,cross_cell,SOH ratio,transformer,2.0,5,0.03009015231277627,0.004069830520865813,0.025602332966035767,0.03058070384757009,0.02538099620968065
dataset_23__primary,soh_estimation,initial,cross_cell,SOH ratio,cnn,3.0,5,0.030431842120766668,0.002212136652152181,0.025100580505918124,0.031611755875996336,0.025228619205452357
dataset_23__primary,soh_estimation,initial,cross_cell,SOH ratio,lstm,4.0,5,0.031710883253704136,0.005465241148428609,0.026632590727836962,0.03272072190248386,0.026163640987958516
dataset_23__primary,soh_estimation,initial,cross_cell,SOH ratio,xgboost,5.0,5,0.035648631308875585,0.0,0.025949092240597764,0.035830328943445636,0.025326288476232046
dataset_23__primary,soh_estimation,initial,cross_cell,SOH ratio,pinn,6.0,5,0.04412169988836535,0.005275840506251774,0.03349472814026043,0.045925987705092375,0.03372023122788472
dataset_23__primary,soh_estimation,initial,cross_cell,SOH ratio,linear,7.0,5,0.045349942952022236,0.0,0.03171065493653292,0.05079154262174235,0.03193428316476297
dataset_23__primary,soh_estimation,initial,random,SOH ratio,rf,1.0,5,0.019837766475150797,0.0007190566935268571,0.015417180481706382,0.02526204886835868,0.015239688210019125
dataset_23__primary,soh_estimation,initial,random,SOH ratio,transformer,2.0,5,0.0257290465755017,0.0017722466414126436,0.02007039974086692,0.030668573353293316,0.01934110507325897
dataset_23__primary,soh_estimation,initial,random,SOH ratio,lstm,3.0,5,0.029149407462685406,0.005391601439085772,0.02271588789142116,0.03742633660089213,0.023100285559027274
dataset_23__primary,soh_estimation,initial,random,SOH ratio,xgboost,4.0,5,0.03092125307758429,0.0,0.021986320928018943,0.04617386279830044,0.021131296758406373
dataset_23__primary,soh_estimation,initial,random,SOH ratio,cnn,5.0,5,0.03623204891152025,0.001456065769469881,0.025795005717751035,0.065378592086503,0.032746393647332325
dataset_23__primary,soh_estimation,initial,random,SOH ratio,pinn,6.0,5,0.04477875517864837,0.005040757038006145,0.03525255169554003,0.06151535262219364,0.03896385073770923
dataset_23__primary,soh_estimation,initial,random,SOH ratio,linear,7.0,5,0.09339606161489426,0.0,0.06310886514585679,0.18847991520007853,0.08701749781383819
dataset_23__primary,soh_estimation,initial,temporal,SOH ratio,xgboost,1.0,5,0.03160502080914226,0.0,0.016633263265814744,0.03160502080914226,0.016633263265814744
dataset_23__primary,soh_estimation,initial,temporal,SOH ratio,transformer,2.0,5,0.03527476394420726,0.014779283320842102,0.03156572008301338,0.03527476394420726,0.03156572008301338
dataset_23__primary,soh_estimation,initial,temporal,SOH ratio,rf,3.0,5,0.04268581190562794,0.002956788198356577,0.024457158974775045,0.04268581190562794,0.024457158974775045
dataset_23__primary,soh_estimation,initial,temporal,SOH ratio,lstm,4.0,5,0.12404217343462612,0.0021571992315811846,0.049745582689156326,0.12404217343462612,0.049745582689156326
dataset_23__primary,soh_estimation,initial,temporal,SOH ratio,cnn,5.0,5,0.13326319382777713,0.02131225592189851,0.0816025476034013,0.13326319382777713,0.0816025476034013
dataset_23__primary,soh_estimation,initial,temporal,SOH ratio,pinn,6.0,5,0.3587026829133304,0.06099794507345697,0.2988091359150509,0.3587026829133304,0.2988091359150509
dataset_23__primary,soh_estimation,initial,temporal,SOH ratio,linear,7.0,5,2.778662554352352,0.0,2.709997064241919,2.778662554352352,2.709997064241919
dataset_27__primary,soh_estimation,baseline,cross_cell,SOH ratio,transformer,1.0,5,0.00671899267954809,0.0008702796353741219,0.00505869209654804,0.006952957942828644,0.00505869209654804
dataset_27__primary,soh_estimation,baseline,cross_cell,SOH ratio,rf,2.0,5,0.007712768183084258,0.00010442441866524436,0.0060841310998584865,0.008213859249517026,0.0060841310998584865
dataset_27__primary,soh_estimation,baseline,cross_cell,SOH ratio,xgboost,3.0,5,0.008999826273234004,0.0,0.006980754040229258,0.00923750338141581,0.006980754040229258
dataset_27__primary,soh_estimation,baseline,cross_cell,SOH ratio,cnn,4.0,5,0.009798760136158016,0.0011199969474749805,0.007539258683720749,0.010083043592156598,0.007539258683720749
dataset_27__primary,soh_estimation,baseline,cross_cell,SOH ratio,linear,5.0,5,0.010718237707945465,0.0,0.00860610747794711,0.010732605806989483,0.008606107477947109
dataset_27__primary,soh_estimation,baseline,cross_cell,SOH ratio,lstm,6.0,5,0.01341907012637788,0.0008586818786457121,0.010585482202085265,0.013731982033930421,0.010585482202085265
dataset_27__primary,soh_estimation,baseline,cross_cell,SOH ratio,pinn,7.0,5,0.059039883953025785,0.02117603520673542,0.040835911573079,0.06102468282443442,0.04083591157307901
dataset_27__primary,soh_estimation,baseline,random,SOH ratio,rf,1.0,5,0.0028598320321936645,0.0002689929440150559,0.0021849977412347053,0.0029897695645583313,0.0021866499445079802
dataset_27__primary,soh_estimation,baseline,random,SOH ratio,cnn,2.0,5,0.002971608429780088,0.0014424000602518878,0.0024597542459663534,0.0034683773457961794,0.0025182906165576195
dataset_27__primary,soh_estimation,baseline,random,SOH ratio,transformer,3.0,5,0.003705089576732467,0.0015375358350073727,0.00303273725328541,0.0040754378771521195,0.0030322871081444372
dataset_27__primary,soh_estimation,baseline,random,SOH ratio,lstm,4.0,5,0.004128313924318455,0.00024660014358221245,0.003253806229658332,0.004467592273839792,0.003247724147554338
dataset_27__primary,soh_estimation,baseline,random,SOH ratio,xgboost,5.0,5,0.0043484334655212705,0.0,0.0037444709619141653,0.004794819540028637,0.0037891502019411064
dataset_27__primary,soh_estimation,baseline,random,SOH ratio,linear,6.0,5,0.015283955161915835,0.0,0.010040072937432918,0.01924292040057992,0.01037136628793478
dataset_27__primary,soh_estimation,baseline,random,SOH ratio,pinn,7.0,5,0.17364779046119372,0.1093318926587791,0.1416492719122287,0.246993781713904,0.14607255714416295
dataset_27__primary,soh_estimation,initial,cross_cell,SOH ratio,linear,1.0,5,0.0072140471689221535,0.0,0.006439582622959035,0.008205695948326685,0.006439582622959035
dataset_27__primary,soh_estimation,initial,cross_cell,SOH ratio,lstm,2.0,5,0.007238709115846122,0.00031430722240551425,0.006448290717901163,0.007984454453097345,0.006448290717901163
dataset_27__primary,soh_estimation,initial,cross_cell,SOH ratio,rf,3.0,5,0.007560775784958497,8.650602163962205e-05,0.006457428780905422,0.008666979692383137,0.006457428780905422
dataset_27__primary,soh_estimation,initial,cross_cell,SOH ratio,transformer,4.0,5,0.008819277329913097,0.0021688560573932033,0.007841768098092892,0.009824111189353493,0.00784176809809289
dataset_27__primary,soh_estimation,initial,cross_cell,SOH ratio,xgboost,5.0,5,0.009202989671797637,0.0,0.007740020750983426,0.010584448777029958,0.007740020750983426
dataset_27__primary,soh_estimation,initial,cross_cell,SOH ratio,cnn,6.0,5,0.009237974824486374,0.0019040525411982074,0.008401107224341122,0.009793183866618533,0.008401107224341122
dataset_27__primary,soh_estimation,initial,cross_cell,SOH ratio,pinn,7.0,5,0.060400972072837344,0.022605499649701065,0.03884592919804911,0.06402762904181951,0.03884592919804912
dataset_27__primary,soh_estimation,initial,random,SOH ratio,lstm,1.0,5,0.003933353718047855,0.0004277463189456818,0.002972189945601243,0.004259585363299807,0.0029315090441276604
dataset_27__primary,soh_estimation,initial,random,SOH ratio,transformer,2.0,5,0.004062936648530238,0.0025410901697015442,0.003457799763209308,0.004819652373688719,0.0035333021708654566
dataset_27__primary,soh_estimation,initial,random,SOH ratio,rf,3.0,5,0.004206856085101115,0.0001271480757826985,0.003783692291414631,0.004772130711427972,0.0037714483469483565
dataset_27__primary,soh_estimation,initial,random,SOH ratio,linear,4.0,5,0.004626300177093573,0.0,0.0039378298317903826,0.004918605422550923,0.003916406285971732
dataset_27__primary,soh_estimation,initial,random,SOH ratio,xgboost,5.0,5,0.005353444458271717,0.0,0.0047470072362903295,0.005907196026559812,0.004739282565761113
dataset_27__primary,soh_estimation,initial,random,SOH ratio,cnn,6.0,5,0.006014022805220754,0.0007374999904136033,0.004515475805661993,0.006444035632862626,0.004511775033115309
dataset_27__primary,soh_estimation,initial,random,SOH ratio,pinn,7.0,5,0.20012670089226475,0.10105328730714516,0.16658879669452403,0.280628042545543,0.17133902648786103
dataset_36__primary,rul_prediction,baseline,cross_cell,author_ageing_cycles,rf,1.0,5,927.4563751448304,16.722616964862407,774.5495190436108,959.4082731655126,727.6599944942625
dataset_36__primary,rul_prediction,baseline,cross_cell,author_ageing_cycles,xgboost,2.0,5,1001.0184722937893,0.0,812.88364230575,1040.1268839473062,759.5850512800521
dataset_36__primary,rul_prediction,baseline,cross_cell,author_ageing_cycles,pinn,3.0,5,1042.3440819493112,119.19346460106446,910.2943295899419,1068.586594283442,860.2251624705475
dataset_36__primary,rul_prediction,baseline,cross_cell,author_ageing_cycles,transformer,4.0,5,1118.5859425000929,72.1499294277886,975.7397486543429,1154.1097352750635,920.4041963888974
dataset_36__primary,rul_prediction,baseline,cross_cell,author_ageing_cycles,cnn,5.0,5,1326.3430918656898,12.99521759206655,1079.7217942459658,1328.049653698351,1035.147964916766
dataset_36__primary,rul_prediction,baseline,cross_cell,author_ageing_cycles,lstm,6.0,5,1382.9492260698803,81.2280930298202,1120.207810901158,1382.2424245073503,1075.05525634699
dataset_36__primary,rul_prediction,baseline,cross_cell,author_ageing_cycles,linear,7.0,5,172810.43913784868,0.0,125044.78432676417,180989.55393554753,129184.93980118415
dataset_36__primary,rul_prediction,baseline,random,author_ageing_cycles,transformer,1.0,5,323.50238774093543,8.688290660380414,290.39355968263663,439.5456009946166,276.6496331451108
dataset_36__primary,rul_prediction,baseline,random,author_ageing_cycles,cnn,2.0,5,346.01575159019376,18.532703205640633,292.9098281261792,427.9147631873317,274.372307289923
dataset_36__primary,rul_prediction,baseline,random,author_ageing_cycles,lstm,3.0,5,434.3204068408123,20.18806591335252,380.9527055142004,489.5243297351095,366.5247786773915
dataset_36__primary,rul_prediction,baseline,random,author_ageing_cycles,rf,4.0,5,474.9427029072946,10.212594628630876,425.61570346002026,617.7084888644672,407.66446064643014
dataset_36__primary,rul_prediction,baseline,random,author_ageing_cycles,xgboost,5.0,5,493.64754249992,0.0,426.90924283495076,719.0665206854688,393.4225874463643
dataset_36__primary,rul_prediction,baseline,random,author_ageing_cycles,pinn,6.0,5,625.2839691785721,28.69829213653594,571.1799857403711,679.718211394985,563.4706458056123
dataset_36__primary,rul_prediction,baseline,random,author_ageing_cycles,linear,7.0,5,9088.199237455567,0.0,7700.0904798916235,10889.831287375933,7334.232771414028
dataset_36__primary,rul_prediction,threshold_070,random,author_ageing_cycles,cnn,1.0,5,176.42471722056035,38.57567054683145,154.78295492958068,191.33665381879464,153.49729270574014
dataset_36__primary,rul_prediction,threshold_070,random,author_ageing_cycles,xgboost,2.0,5,186.69002495071868,0.0,153.3948379925629,221.1543185697845,163.26109817345161
dataset_36__primary,rul_prediction,threshold_070,random,author_ageing_cycles,rf,3.0,5,193.72367195555714,9.66007639938192,166.79513574334604,242.2447497872859,172.74326892135633
dataset_36__primary,rul_prediction,threshold_070,random,author_ageing_cycles,transformer,4.0,5,198.14018754798195,26.748743342523262,177.39340008462892,210.80544035300665,167.79241465888057
dataset_36__primary,rul_prediction,threshold_070,random,author_ageing_cycles,lstm,5.0,5,236.27657494130213,46.0007455118373,211.52451396074062,246.33591567986946,204.9843987514192
dataset_36__primary,rul_prediction,threshold_070,random,author_ageing_cycles,pinn,6.0,5,341.4711358816562,83.51170221862085,293.81852390962086,354.33066896986384,282.7091246239905
dataset_36__primary,rul_prediction,threshold_070,random,author_ageing_cycles,linear,7.0,5,391.8757450699204,0.0,318.6721530830084,437.1882512513788,293.80746835293576
dataset_36__primary,soh_estimation,baseline,cross_cell,SOH ratio,xgboost,1.0,5,0.013895230156504592,1.939479807224432e-18,0.01210186911697019,0.015051184906784499,0.01241371088347481
dataset_36__primary,soh_estimation,baseline,cross_cell,SOH ratio,rf,2.0,5,0.0155117784368236,0.00010853329847677032,0.0135387852129357,0.01785305065068524,0.014147885693686583
dataset_36__primary,soh_estimation,baseline,cross_cell,SOH ratio,lstm,3.0,5,0.0229074437079304,0.005673837494106485,0.019398937005547134,0.023882607758920565,0.01952073688944992
dataset_36__primary,soh_estimation,baseline,cross_cell,SOH ratio,transformer,4.0,5,0.024161706553551078,0.006225938188731957,0.019182742095635332,0.026502937289479205,0.019562920154471163
dataset_36__primary,soh_estimation,baseline,cross_cell,SOH ratio,cnn,5.0,5,0.030676462837126987,0.004962531677105401,0.023688132932643314,0.0348009086615347,0.02455113543346302
dataset_36__primary,soh_estimation,baseline,cross_cell,SOH ratio,pinn,6.0,5,0.03353199543090351,0.005859388420144619,0.02489016559284582,0.0384283946801162,0.02555010140534094
dataset_36__primary,soh_estimation,baseline,cross_cell,SOH ratio,linear,7.0,5,4.025694583357394,0.0,1.8176815608930177,11.08758313737553,2.454383186052266
dataset_36__primary,soh_estimation,baseline,random,SOH ratio,lstm,1.0,5,0.011030070651326301,0.0009434042509114623,0.009809265907610632,0.013567926800067968,0.009839386545198472
dataset_36__primary,soh_estimation,baseline,random,SOH ratio,transformer,2.0,5,0.013496766283200744,0.0007254879003652144,0.011799216097835928,0.0175229165297607,0.011694007616646868
dataset_36__primary,soh_estimation,baseline,random,SOH ratio,xgboost,3.0,5,0.014388071028616589,1.939479807224432e-18,0.011355112965545911,0.01835441481371057,0.011903887055606601
dataset_36__primary,soh_estimation,baseline,random,SOH ratio,cnn,4.0,5,0.014561653486418935,0.0003482860657072788,0.01267644166650394,0.019078011654461276,0.012960177709342855
dataset_36__primary,soh_estimation,baseline,random,SOH ratio,rf,5.0,5,0.01707301748915732,0.0004671413783100494,0.01423387209072261,0.021642374936813258,0.01446060785261576
dataset_36__primary,soh_estimation,baseline,random,SOH ratio,pinn,6.0,5,0.03544570953287543,0.00281921173091374,0.030150370552413087,0.04325750384003395,0.030940075082220315
dataset_36__primary,soh_estimation,baseline,random,SOH ratio,linear,7.0,5,8.351707128166408,0.0,4.801065806521161,14.402670167448926,5.292718461391945
dataset_37__primary,soh_estimation,baseline,cross_cell,SOH ratio,transformer,1.0,5,0.012551774365645734,0.0007076192269115904,0.011193377253395146,0.012965134009380878,0.010007479288323698
dataset_37__primary,soh_estimation,baseline,cross_cell,SOH ratio,lstm,2.0,5,0.013231019666697718,0.00278006793487368,0.011349018899564306,0.014164504091625762,0.010056759936158993
dataset_37__primary,soh_estimation,baseline,cross_cell,SOH ratio,rf,3.0,5,0.016722961568864846,0.0002327618417980717,0.014942106778515688,0.01852545521792497,0.012186352047046215
dataset_37__primary,soh_estimation,baseline,cross_cell,SOH ratio,xgboost,4.0,5,0.0172491329858747,0.0,0.014976437469518353,0.019306666577028724,0.012328834310143342
dataset_37__primary,soh_estimation,baseline,cross_cell,SOH ratio,cnn,5.0,5,0.04571047361371531,0.007618215567650308,0.042112076106525474,0.06114314183213532,0.028659918665398364
dataset_37__primary,soh_estimation,baseline,cross_cell,SOH ratio,pinn,6.0,5,0.09679386629411897,0.028872330672762424,0.08631636258558976,0.12674667424696034,0.059304987471266925
dataset_37__primary,soh_estimation,baseline,cross_cell,SOH ratio,linear,7.0,5,0.1755869642110851,0.0,0.13216054264896956,0.18844760402679983,0.09727131711940153
dataset_37__primary,soh_estimation,baseline,random,SOH ratio,transformer,1.0,5,0.005313964067272296,0.00040280007222674746,0.004707086008165542,0.006062004633020287,0.004723226099703073
dataset_37__primary,soh_estimation,baseline,random,SOH ratio,cnn,2.0,5,0.006217949018973766,0.00029915186183956336,0.005630331360836241,0.006984652881448623,0.00546713213941831
dataset_37__primary,soh_estimation,baseline,random,SOH ratio,lstm,3.0,5,0.006229349306819904,0.0001246763789058056,0.005661331665900242,0.007016422673394117,0.005600428543764815
dataset_37__primary,soh_estimation,baseline,random,SOH ratio,rf,4.0,5,0.008668599861874926,0.00020713796471080436,0.00761132310826499,0.010462616995510998,0.006951293393494785
dataset_37__primary,soh_estimation,baseline,random,SOH ratio,xgboost,5.0,5,0.009381030104957855,0.0,0.008200730280205456,0.01271867802656558,0.007130867570650745
dataset_37__primary,soh_estimation,baseline,random,SOH ratio,pinn,6.0,5,0.02964505676137823,0.0039290800635204855,0.027064613298109864,0.039678005723346024,0.027721990738594948
dataset_37__primary,soh_estimation,baseline,random,SOH ratio,linear,7.0,5,0.23591203370640362,0.0,0.18744493687240057,0.43752649339531696,0.19549503980502805
dataset_37__primary,soh_estimation,initial,cross_cell,SOH ratio,lstm,1.0,5,0.011169382738908695,0.0013166974922764563,0.009315833382211116,0.0122939898338731,0.008362490945834647
dataset_37__primary,soh_estimation,initial,cross_cell,SOH ratio,transformer,2.0,5,0.012145943123590627,0.0007482783936085694,0.010599833929137747,0.013000558224981335,0.009079345335767824
dataset_37__primary,soh_estimation,initial,cross_cell,SOH ratio,rf,3.0,5,0.013671089601032572,0.0002966218736381428,0.011035219185107917,0.015553662384513497,0.009379449863700673
dataset_37__primary,soh_estimation,initial,cross_cell,SOH ratio,xgboost,4.0,5,0.01623541393067012,0.0,0.013680230796993442,0.0190530073082969,0.010495991584727056
dataset_37__primary,soh_estimation,initial,cross_cell,SOH ratio,cnn,5.0,5,0.06577700099301347,0.015886795430174034,0.058420034475808055,0.09921099629499683,0.03591346947088807
dataset_37__primary,soh_estimation,initial,cross_cell,SOH ratio,pinn,6.0,5,0.08752752148468332,0.017989585329623112,0.07403237404387344,0.11321585219180257,0.052042547620791524
dataset_37__primary,soh_estimation,initial,cross_cell,SOH ratio,linear,7.0,5,0.14723609170217622,0.0,0.08118681139851978,0.15844404404295295,0.06127599793298579
dataset_37__primary,soh_estimation,initial,random,SOH ratio,transformer,1.0,5,0.004736985307427509,0.0002678607386019133,0.00417613436344942,0.00606353773218493,0.004356372848364688
dataset_37__primary,soh_estimation,initial,random,SOH ratio,lstm,2.0,5,0.005459727061417246,0.00019456238957458197,0.004969278093121062,0.007391978107576702,0.005205174449224229
dataset_37__primary,soh_estimation,initial,random,SOH ratio,cnn,3.0,5,0.005656042038353936,0.00045512482345326743,0.005145603694422409,0.007247935828114763,0.005254642246530154
dataset_37__primary,soh_estimation,initial,random,SOH ratio,xgboost,4.0,5,0.0069964809065017845,9.69739903612216e-19,0.0059207373517357505,0.009706308719797939,0.005534253199642963
dataset_37__primary,soh_estimation,initial,random,SOH ratio,rf,5.0,5,0.007806343337858295,8.184223767038834e-05,0.006712500280213285,0.009888042207642311,0.006482044598749283
dataset_37__primary,soh_estimation,initial,random,SOH ratio,pinn,6.0,5,0.030803640524306314,0.009127220593360458,0.028100376931757848,0.04232818427530666,0.028314118839682025
dataset_37__primary,soh_estimation,initial,random,SOH ratio,linear,7.0,5,0.19914950686696117,0.0,0.1444172162695806,0.3849023662578877,0.15276420585666634
dataset_38__primary,soh_estimation,baseline,cross_cell,SOH ratio,xgboost,1.0,5,0.09060919546854768,0.0,0.0650675456075573,0.09347693566966107,0.06144169164706899
dataset_38__primary,soh_estimation,baseline,cross_cell,SOH ratio,rf,2.0,5,0.09642384872832208,0.0011410121941697266,0.07003754958439866,0.09850460418883203,0.06637474055844066
dataset_38__primary,soh_estimation,baseline,cross_cell,SOH ratio,transformer,3.0,5,0.10242763991027318,0.02089035468909774,0.0834698112226299,0.11442290689021092,0.08514812046047873
dataset_38__primary,soh_estimation,baseline,cross_cell,SOH ratio,pinn,4.0,5,0.13306040764403443,0.008873027638447087,0.09915831189055106,0.13893729361560125,0.09929129876783685
dataset_38__primary,soh_estimation,baseline,cross_cell,SOH ratio,lstm,5.0,5,0.14487325754101,0.01990421448492429,0.11649626943510749,0.1542921469223663,0.11926224247655766
dataset_38__primary,soh_estimation,baseline,cross_cell,SOH ratio,cnn,6.0,5,0.14595719249145295,0.014342363545779009,0.11376321941287612,0.15724699947356435,0.11835154712594051
dataset_38__primary,soh_estimation,baseline,cross_cell,SOH ratio,linear,7.0,5,0.1509603389583587,0.0,0.11982914057210892,0.17451503886989705,0.1267209526156273
dataset_38__primary,soh_estimation,baseline,random,SOH ratio,transformer,1.0,5,0.025095919652249894,0.0010654488445440069,0.01984176057686428,0.030454333642382626,0.01959687488955652
dataset_38__primary,soh_estimation,baseline,random,SOH ratio,lstm,2.0,5,0.029045953020137776,0.0014304134063147054,0.025083594547590404,0.02932832473089587,0.02172808371710825
dataset_38__primary,soh_estimation,baseline,random,SOH ratio,xgboost,3.0,5,0.035564377952299595,0.0,0.02825635740287576,0.03961559604097435,0.02728316946110538
dataset_38__primary,soh_estimation,baseline,random,SOH ratio,rf,4.0,5,0.04192290153246007,0.00033357050038367833,0.033776698590758616,0.048474184368562746,0.03121483687499644
dataset_38__primary,soh_estimation,baseline,random,SOH ratio,cnn,5.0,5,0.04626785725450722,0.002043439247016436,0.03679787763126884,0.051006871290106025,0.035640699796735356
dataset_38__primary,soh_estimation,baseline,random,SOH ratio,pinn,6.0,5,0.05448191954551018,0.0055999322912433066,0.04680539210112054,0.05622202818296992,0.04448648296874248
dataset_38__primary,soh_estimation,baseline,random,SOH ratio,linear,7.0,5,0.09759507944214524,0.0,0.07942964764832353,0.11015593856729464,0.07984908394659702
dataset_38__primary,soh_estimation,baseline,temporal,SOH ratio,linear,1.0,5,0.024569878535159018,0.0,0.024569878535159018,0.024569878535159018,0.024569878535159018
dataset_38__primary,soh_estimation,baseline,temporal,SOH ratio,cnn,2.0,5,0.07683564251738995,0.01866455361772964,0.07683564251738995,0.07683564251738995,0.07683564251738995
dataset_38__primary,soh_estimation,baseline,temporal,SOH ratio,lstm,3.0,5,0.15697976048089007,0.009259843059110325,0.15697976048089007,0.15697976048089007,0.15697976048089007
dataset_38__primary,soh_estimation,baseline,temporal,SOH ratio,pinn,4.0,5,0.15710076612215768,0.18413790228963323,0.15710076612215768,0.15710076612215768,0.15710076612215768
dataset_38__primary,soh_estimation,baseline,temporal,SOH ratio,transformer,5.0,5,0.1889209640947131,0.007997898266857033,0.1889209640947131,0.1889209640947131,0.1889209640947131
dataset_38__primary,soh_estimation,baseline,temporal,SOH ratio,rf,6.0,5,0.36989708921157904,0.005468300374889925,0.36989708921157904,0.36989708921157904,0.36989708921157904
dataset_38__primary,soh_estimation,baseline,temporal,SOH ratio,xgboost,7.0,5,0.45499445024607593,6.206335383118183e-17,0.45499445024607593,0.45499445024607593,0.45499445024607593
dataset_38__rul,rul_prediction,baseline,cross_cell,source_aging_discharge_slot,xgboost,1.0,5,1622.336702981993,0.0,854.649289003633,2782.293925103856,872.4494938191496
dataset_38__rul,rul_prediction,baseline,cross_cell,source_aging_discharge_slot,transformer,2.0,5,1631.6938493530554,1698.3036038344287,1472.7219100562088,1994.8814191244553,1486.107516722897
dataset_38__rul,rul_prediction,baseline,cross_cell,source_aging_discharge_slot,rf,3.0,5,1694.6943615709977,76.84636776364795,1391.4797132039143,2566.5994284491567,1438.682196160857
dataset_38__rul,rul_prediction,baseline,cross_cell,source_aging_discharge_slot,cnn,4.0,5,2661.8739122911115,225.67155432158654,2623.632322139566,2894.106984172896,2629.016452347155
dataset_38__rul,rul_prediction,baseline,cross_cell,source_aging_discharge_slot,lstm,5.0,5,3139.1307748656013,711.0155201125779,3034.595675627108,3806.3389157455326,3060.9979081290176
dataset_38__rul,rul_prediction,baseline,cross_cell,source_aging_discharge_slot,pinn,6.0,5,3711.6595121298196,957.965794207546,3233.8988757765947,4271.989232060538,3305.6760140059355
dataset_38__rul,rul_prediction,baseline,cross_cell,source_aging_discharge_slot,linear,7.0,5,28532.006116028402,4.067383956680332e-12,20980.062043600006,45495.394474125125,21925.173486083204
dataset_38__rul,rul_prediction,baseline,random,source_aging_discharge_slot,transformer,1.0,5,1258.0365175801835,283.44849729431667,1028.4604443271705,2114.077777701316,1066.9912985406631
dataset_38__rul,rul_prediction,baseline,random,source_aging_discharge_slot,cnn,2.0,5,1381.4539023805107,177.00387844976223,1116.8876375588875,2130.756482197898,1092.805305866821
dataset_38__rul,rul_prediction,baseline,random,source_aging_discharge_slot,lstm,3.0,5,1609.1382954399228,84.93058743366531,1331.6566615969011,2951.028275000749,1366.8299319641415
dataset_38__rul,rul_prediction,baseline,random,source_aging_discharge_slot,xgboost,4.0,5,1871.3558934159523,2.5421149729252077e-13,1380.455408806873,5153.912300394496,1302.4096613095865
dataset_38__rul,rul_prediction,baseline,random,source_aging_discharge_slot,rf,5.0,5,2128.5607184205733,158.98691740237112,1728.2927580230178,4306.2246117444265,1695.9400381088665
dataset_38__rul,rul_prediction,baseline,random,source_aging_discharge_slot,pinn,6.0,5,2458.350093005704,494.5023237279452,1993.3187158782584,4007.670829794811,2112.966959574815
dataset_38__rul,rul_prediction,baseline,random,source_aging_discharge_slot,linear,7.0,5,14630.87253870587,0.0,11366.856371450975,33582.993076895036,14823.745242681985
dataset_38__rul,rul_prediction,threshold_070,cross_cell,source_aging_discharge_slot,transformer,1.0,5,822.3726215554683,148.96514586451292,665.903095048601,847.7301201440757,655.9711634905595
dataset_38__rul,rul_prediction,threshold_070,cross_cell,source_aging_discharge_slot,xgboost,2.0,5,1719.6764576324726,2.5421149729252077e-13,1041.7670047953752,2444.3782181437964,1012.2521228047756
dataset_38__rul,rul_prediction,threshold_070,cross_cell,source_aging_discharge_slot,rf,3.0,5,1806.544041778941,79.99907633071327,1307.4241521863091,2426.563914145264,1253.432590830707
dataset_38__rul,rul_prediction,threshold_070,cross_cell,source_aging_discharge_slot,cnn,4.0,5,2652.6981031524197,458.3475522827486,2601.6167336058356,2824.4327806710435,2531.5035110157505
dataset_38__rul,rul_prediction,threshold_070,cross_cell,source_aging_discharge_slot,lstm,5.0,5,3108.9383895528968,1434.4583440364922,2905.1543925454453,3562.404202971412,2819.3970536740744
dataset_38__rul,rul_prediction,threshold_070,cross_cell,source_aging_discharge_slot,pinn,6.0,5,4610.744820219363,515.9300343318436,3853.0512005797777,5117.057549143861,3829.2120143079273
dataset_38__rul,rul_prediction,threshold_070,cross_cell,source_aging_discharge_slot,linear,7.0,5,14349.333853012207,2.033691978340166e-12,11193.958789233411,19924.8122581183,11880.080344405898
dataset_38__rul,rul_prediction,threshold_070,random,source_aging_discharge_slot,transformer,1.0,5,1072.8659593913555,100.12992075766411,890.2907779258721,1805.8890464745612,1024.25180952428
dataset_38__rul,rul_prediction,threshold_070,random,source_aging_discharge_slot,cnn,2.0,5,1675.092028083917,569.9263960825679,1379.91353052027,3639.559302849239,1567.6508871024248
dataset_38__rul,rul_prediction,threshold_070,random,source_aging_discharge_slot,xgboost,3.0,5,1754.3368165201941,2.5421149729252077e-13,1308.8858740393546,4576.572578019048,1525.2726745732837
dataset_38__rul,rul_prediction,threshold_070,random,source_aging_discharge_slot,lstm,4.0,5,1930.3098540280957,82.61934718658445,1571.5942678984502,4303.6393835975705,1754.7819426565952
dataset_38__rul,rul_prediction,threshold_070,random,source_aging_discharge_slot,rf,5.0,5,2115.8586959923837,28.484435751965087,1759.6683587503333,5085.9719066710395,2111.8923122305628
dataset_38__rul,rul_prediction,threshold_070,random,source_aging_discharge_slot,pinn,6.0,5,2643.5581210913106,547.9441420654657,2084.497561968828,5053.4956060872455,2354.3809009296265
dataset_38__rul,rul_prediction,threshold_070,random,source_aging_discharge_slot,linear,7.0,5,7293.1927281812805,0.0,6031.587236821563,20786.6361481513,7515.9430400850615
dataset_41__primary,soh_estimation,baseline,cross_cell,SOH ratio,cnn,1.0,5,0.01785665733768802,0.0020092880601406656,0.014985650354153252,0.020056903975925532,0.015462020743484786
dataset_41__primary,soh_estimation,baseline,cross_cell,SOH ratio,transformer,2.0,5,0.018027527354697252,0.0018465120503484195,0.014330117153917982,0.02035971444863646,0.01449799649274816
dataset_41__primary,soh_estimation,baseline,cross_cell,SOH ratio,xgboost,3.0,5,0.0197356550503134,0.0,0.014122440068557781,0.02204044234602889,0.014588068232476731
dataset_41__primary,soh_estimation,baseline,cross_cell,SOH ratio,linear,4.0,5,0.020732364369199757,0.0,0.016632001907277014,0.020734691173487124,0.01643229229829095
dataset_41__primary,soh_estimation,baseline,cross_cell,SOH ratio,lstm,5.0,5,0.02081610557201988,0.0025667931670107077,0.016236667548593924,0.023231362683454056,0.016778594885626802
dataset_41__primary,soh_estimation,baseline,cross_cell,SOH ratio,pinn,6.0,5,0.02655059683591534,0.003196932566437223,0.022067027383027453,0.027997608978885598,0.021465972408441013
dataset_41__primary,soh_estimation,baseline,cross_cell,SOH ratio,rf,7.0,5,0.026563504948913297,0.00013019658347062304,0.01637606933682098,0.027596292459013176,0.01644134406268457
dataset_41__primary,soh_estimation,baseline,random,SOH ratio,lstm,1.0,5,0.0006899370658934974,6.25598441865342e-05,0.0005206526070518551,0.000706351635160412,0.00051726747877325
dataset_41__primary,soh_estimation,baseline,random,SOH ratio,cnn,2.0,5,0.0015410303627625822,0.00012989166161825604,0.0011419426941437058,0.0015963897944171895,0.0011415954047599307
dataset_41__primary,soh_estimation,baseline,random,SOH ratio,rf,3.0,5,0.0015417107095112965,9.124403645191606e-06,0.000823338057417049,0.0016193279342416136,0.0008041956159325128
dataset_41__primary,soh_estimation,baseline,random,SOH ratio,transformer,4.0,5,0.002006940968471818,0.0003013853026317211,0.0015235249685472923,0.0020757130993290856,0.0015120801013180983
dataset_41__primary,soh_estimation,baseline,random,SOH ratio,xgboost,5.0,5,0.0062481944105906885,0.0,0.004370393404459291,0.006693717900523482,0.004336692271545995
dataset_41__primary,soh_estimation,baseline,random,SOH ratio,pinn,6.0,5,0.01006442835701971,0.00215720598030257,0.007746881559570998,0.01049265220822636,0.007718507210376204
dataset_41__primary,soh_estimation,baseline,random,SOH ratio,linear,7.0,5,0.023184712486749432,0.0,0.017668324769259728,0.023556774077468586,0.017291026584247783
dataset_41__primary,soh_estimation,baseline,temporal,SOH ratio,cnn,1.0,5,0.06663299736929844,0.004905645473535512,0.06354298567146968,0.06860756094833814,0.06095666439404142
dataset_41__primary,soh_estimation,baseline,temporal,SOH ratio,lstm,2.0,5,0.08504048785441423,0.0013907684182996231,0.08129415237419432,0.08490176984970349,0.08028124584758187
dataset_41__primary,soh_estimation,baseline,temporal,SOH ratio,pinn,3.0,5,0.0895752245202179,0.014619513080939119,0.08577933924929372,0.090840006856267,0.08546816988973513
dataset_41__primary,soh_estimation,baseline,temporal,SOH ratio,linear,4.0,5,0.09546584672784729,0.0,0.0931883107702899,0.09409411787492478,0.08985427215903692
dataset_41__primary,soh_estimation,baseline,temporal,SOH ratio,transformer,5.0,5,0.09974195096663156,0.002930865806891108,0.09621692011049714,0.09982690052769856,0.09578889301097177
dataset_41__primary,soh_estimation,baseline,temporal,SOH ratio,xgboost,6.0,5,0.10437008833375513,1.5515838457795457e-17,0.10098961402549018,0.10556729266389561,0.10137797093807685
dataset_41__primary,soh_estimation,baseline,temporal,SOH ratio,rf,7.0,5,0.121981461670049,7.653187045994255e-05,0.11903387505115093,0.12338835036695792,0.1197074253305039
dataset_41__primary,soh_estimation,nominal,cross_cell,SOH ratio,cnn,1.0,5,0.021648337019951978,0.0024549867096594702,0.0183216625134054,0.023176454560787697,0.018205999448443
dataset_41__primary,soh_estimation,nominal,cross_cell,SOH ratio,transformer,2.0,5,0.022093892780595613,0.004213562259483757,0.01809274291331866,0.024824644854028008,0.01813590936159313
dataset_41__primary,soh_estimation,nominal,cross_cell,SOH ratio,lstm,3.0,5,0.023059242740104395,0.0018864777808907916,0.018600764678305494,0.024834769011911097,0.01905066020764106
dataset_41__primary,soh_estimation,nominal,cross_cell,SOH ratio,xgboost,4.0,5,0.026304228848444237,3.878959614448864e-18,0.022234628935531353,0.030425445384283538,0.02366239518561925
dataset_41__primary,soh_estimation,nominal,cross_cell,SOH ratio,linear,5.0,5,0.02924382593344687,3.878959614448864e-18,0.024987156112340207,0.03223622332815567,0.026363760810718794
dataset_41__primary,soh_estimation,nominal,cross_cell,SOH ratio,pinn,6.0,5,0.030465968466266,0.003296973806344208,0.02614224903549068,0.03317441678840351,0.02651282196286518
dataset_41__primary,soh_estimation,nominal,cross_cell,SOH ratio,rf,7.0,5,0.03602322219469986,0.00014896829785080264,0.0260394928378877,0.03743390872189299,0.02686776846114387
dataset_41__primary,soh_estimation,nominal,random,SOH ratio,lstm,1.0,5,0.0009047752797308936,6.50203317456052e-05,0.0006433524538833217,0.000940840153488941,0.000632117928241658
dataset_41__primary,soh_estimation,nominal,random,SOH ratio,rf,2.0,5,0.001943481304295954,1.222981936822536e-05,0.0010091223361512359,0.0020633663654302985,0.0009965956323271811
dataset_41__primary,soh_estimation,nominal,random,SOH ratio,cnn,3.0,5,0.001954201491824755,0.00026994475860262325,0.001417112589765358,0.0020506566538046928,0.001425597595486073
dataset_41__primary,soh_estimation,nominal,random,SOH ratio,transformer,4.0,5,0.002194079829942128,0.0003878893450046375,0.0016362100978262815,0.002239283775794646,0.0016131644792647959
dataset_41__primary,soh_estimation,nominal,random,SOH ratio,xgboost,5.0,5,0.00733695954585283,0.0,0.005341975750368955,0.00782103494248768,0.00531866580662903
dataset_41__primary,soh_estimation,nominal,random,SOH ratio,pinn,6.0,5,0.010743144941110954,0.0027874199581555,0.008491863710193285,0.011450025632470683,0.00847293701834714
dataset_41__primary,soh_estimation,nominal,random,SOH ratio,linear,7.0,5,0.028291248017476834,0.0,0.022661954579264922,0.029097141659809967,0.022378575078887783
dataset_41__primary,soh_estimation,nominal,temporal,SOH ratio,cnn,1.0,5,0.06346799012721319,0.002585552566774169,0.06045918601132054,0.06725874752432684,0.05756466181084498
dataset_41__primary,soh_estimation,nominal,temporal,SOH ratio,lstm,2.0,5,0.0958783636682741,0.0013698102737820567,0.091667136641333,0.09555316578754382,0.09053564329116418
dataset_41__primary,soh_estimation,nominal,temporal,SOH ratio,pinn,3.0,5,0.09622231615336334,0.013075873844004984,0.09213516925011284,0.09742055182232931,0.09132452096085131
dataset_41__primary,soh_estimation,nominal,temporal,SOH ratio,linear,4.0,5,0.10211566320417158,1.5515838457795457e-17,0.09967070946367215,0.10062816732632025,0.09522648639002862
dataset_41__primary,soh_estimation,nominal,temporal,SOH ratio,transformer,5.0,5,0.105831239149674,0.005204319623014144,0.102075003737226,0.10535768668447201,0.10105457790451855
dataset_41__primary,soh_estimation,nominal,temporal,SOH ratio,xgboost,6.0,5,0.11611688518246291,0.0,0.1124594998754949,0.11673856694974191,0.1121506814539048
dataset_41__primary,soh_estimation,nominal,temporal,SOH ratio,rf,7.0,5,0.132210217284631,0.00016321958873971874,0.12893607718170355,0.1323588003375195,0.12848803154417648
dataset_41__rul,rul_prediction,baseline,cross_cell,source_cycle_key,lstm,1.0,5,207.46978799321445,6.217149675100119,184.09744247966844,238.45322786606874,193.57057663335746
dataset_41__rul,rul_prediction,baseline,cross_cell,source_cycle_key,transformer,2.0,5,228.80884534674655,23.91743360657558,206.37950814211072,265.03247176335714,214.67579164793682
dataset_41__rul,rul_prediction,baseline,cross_cell,source_cycle_key,cnn,3.0,5,232.6844176814215,33.55680096227543,211.30197315548267,262.3987931465842,216.5511505926695
dataset_41__rul,rul_prediction,baseline,cross_cell,source_cycle_key,linear,4.0,5,258.06077478134284,0.0,240.43199900071068,364.82983617254075,268.4101648320905
dataset_41__rul,rul_prediction,baseline,cross_cell,source_cycle_key,xgboost,5.0,5,258.2778739036102,0.0,227.67121823393413,309.12198606522315,241.69356138588267
dataset_41__rul,rul_prediction,baseline,cross_cell,source_cycle_key,pinn,6.0,5,263.4738158983854,38.178804681570064,227.58490521527392,298.6204826265096,238.52410578380756
dataset_41__rul,rul_prediction,baseline,cross_cell,source_cycle_key,rf,7.0,5,280.0594387357932,2.2933394478720017,242.03711465734983,314.03372027320364,249.5808110920244
dataset_41__rul,rul_prediction,baseline,random,source_cycle_key,lstm,1.0,5,10.167249649043494,0.5173339903128221,5.252441033854923,11.857852144628279,5.231824381605398
dataset_41__rul,rul_prediction,baseline,random,source_cycle_key,transformer,2.0,5,17.786503825125088,1.520848273525331,14.014604053680918,18.52774470550082,13.911644329447629
dataset_41__rul,rul_prediction,baseline,random,source_cycle_key,cnn,3.0,5,19.678975668892583,1.8894290595010943,14.132289673918871,20.912060983839083,14.187759793098255
dataset_41__rul,rul_prediction,baseline,random,source_cycle_key,rf,4.0,5,21.362761242860415,0.314998834231495,8.984361337163199,24.52840744373685,8.8187888046245
dataset_41__rul,rul_prediction,baseline,random,source_cycle_key,pinn,5.0,5,57.29511595580916,3.6584406473319553,43.81353132615489,59.872804242391666,44.36541385654214
dataset_41__rul,rul_prediction,baseline,random,source_cycle_key,xgboost,6.0,5,65.756870888717,0.0,49.87822482346557,70.2308864324077,49.93618692719117
dataset_41__rul,rul_prediction,baseline,random,source_cycle_key,linear,7.0,5,259.3889573540206,0.0,242.52851733867527,306.2195674100227,241.62166517551606
dataset_41__rul,rul_prediction,baseline,temporal,source_cycle_key,cnn,1.0,5,256.92302730991025,24.126883138079638,242.67151954854793,303.7588191710306,238.1448425460335
dataset_41__rul,rul_prediction,baseline,temporal,source_cycle_key,linear,2.0,5,289.09459959859413,0.0,281.40132532182673,337.24977903853164,262.350775459744
dataset_41__rul,rul_prediction,baseline,temporal,source_cycle_key,lstm,3.0,5,365.36364889866957,40.289479669733375,350.4867424753842,376.38159213956607,341.6555969526013
dataset_41__rul,rul_prediction,baseline,temporal,source_cycle_key,transformer,4.0,5,425.50425883739683,54.52906778436238,413.6529735101923,428.0053793456651,399.21356729378044
dataset_41__rul,rul_prediction,baseline,temporal,source_cycle_key,xgboost,5.0,5,590.8854251611855,0.0,579.4303227050366,607.9273400508469,582.211884873895
dataset_41__rul,rul_prediction,baseline,temporal,source_cycle_key,rf,6.0,5,613.2867388388424,3.12290006718063,601.9241828009684,617.6821120789552,598.1235301284406
dataset_41__rul,rul_prediction,baseline,temporal,source_cycle_key,pinn,7.0,5,801.9337351904135,110.65847338196807,776.3033095283308,854.4955073168964,797.6237050878862
transfer__dataset_06__to__dataset_07,soh_estimation,nominal_transfer,cross_cell,SOH ratio,transformer,1.0,5,0.1626829479203853,0.019715831672161052,0.1367604072557687,0.16354960597497495,0.1367616672021056
transfer__dataset_06__to__dataset_07,soh_estimation,nominal_transfer,cross_cell,SOH ratio,xgboost,2.0,5,0.17559147860585375,0.0,0.13856024321467147,0.17708650572934842,0.13856142038981534
transfer__dataset_06__to__dataset_07,soh_estimation,nominal_transfer,cross_cell,SOH ratio,rf,3.0,5,0.21106508818703978,0.0008891597263569482,0.16994187903153574,0.2123048102248435,0.16994518144744206
transfer__dataset_06__to__dataset_07,soh_estimation,nominal_transfer,cross_cell,SOH ratio,lstm,4.0,5,0.21977639228271398,0.017170566534346777,0.1802847801262252,0.2206628083719433,0.18028812135486283
transfer__dataset_06__to__dataset_07,soh_estimation,nominal_transfer,cross_cell,SOH ratio,pinn,5.0,5,0.23178527894855755,0.04170085159217196,0.1981877646066184,0.23234031049959172,0.19819065178561077
transfer__dataset_06__to__dataset_07,soh_estimation,nominal_transfer,cross_cell,SOH ratio,cnn,6.0,5,0.31881062512684294,0.21694876514881098,0.29221746788550573,0.3189685318214187,0.2922190461430428
transfer__dataset_06__to__dataset_07,soh_estimation,nominal_transfer,cross_cell,SOH ratio,linear,7.0,5,1.4135595942692845,0.0,1.4043550988977547,1.4136297289363489,1.404354176710184
transfer__dataset_06__to__dataset_08,soh_estimation,nominal_transfer,cross_cell,SOH ratio,rf,1.0,5,0.04485869642964003,0.0004699808416526577,0.036923053554282756,0.04430355437903604,0.03558299958295321
transfer__dataset_06__to__dataset_08,soh_estimation,nominal_transfer,cross_cell,SOH ratio,cnn,2.0,5,0.08488527559175603,0.0151272537402606,0.07235948373874847,0.08536643958051822,0.07235556351879875
transfer__dataset_06__to__dataset_08,soh_estimation,nominal_transfer,cross_cell,SOH ratio,transformer,3.0,5,0.0871957274568126,0.023151812584226425,0.07872099905459143,0.09213406727171948,0.08153308240606807
transfer__dataset_06__to__dataset_08,soh_estimation,nominal_transfer,cross_cell,SOH ratio,xgboost,4.0,5,0.09206642320939598,0.0,0.08852834716427407,0.09143538415763126,0.0880516678347999
transfer__dataset_06__to__dataset_08,soh_estimation,nominal_transfer,cross_cell,SOH ratio,lstm,5.0,5,0.10206203493328248,0.017467259775149433,0.09440594073338446,0.1028550434656917,0.0954933808313639
transfer__dataset_06__to__dataset_08,soh_estimation,nominal_transfer,cross_cell,SOH ratio,pinn,6.0,5,0.11603242283487733,0.05408732180364807,0.10937541639684263,0.11662744478635596,0.10988521257129316
transfer__dataset_06__to__dataset_08,soh_estimation,nominal_transfer,cross_cell,SOH ratio,linear,7.0,5,0.15350811418775442,0.0,0.12775027254784327,0.15567080805638658,0.13120792068784523
transfer__dataset_07__to__dataset_06,soh_estimation,nominal_transfer,cross_cell,SOH ratio,xgboost,1.0,5,0.1528746195319014,0.0,0.14748885996450295,0.2228901183039645,0.2075634330676281
transfer__dataset_07__to__dataset_06,soh_estimation,nominal_transfer,cross_cell,SOH ratio,transformer,2.0,5,0.20607964836246057,0.05691678499710799,0.19950918714687832,0.2021597904805279,0.19428758250629657
transfer__dataset_07__to__dataset_06,soh_estimation,nominal_transfer,cross_cell,SOH ratio,pinn,3.0,5,0.21258400617038203,0.020446398505005528,0.19810888176597724,0.23590561927287962,0.21567018338184824
transfer__dataset_07__to__dataset_06,soh_estimation,nominal_transfer,cross_cell,SOH ratio,rf,4.0,5,0.2139725808555064,0.003013736075007317,0.20632960418268786,0.32549865410566703,0.30467499565042006
transfer__dataset_07__to__dataset_06,soh_estimation,nominal_transfer,cross_cell,SOH ratio,lstm,5.0,5,0.2761519549581,0.009308793292538368,0.2710226652522841,0.2773909390942798,0.2696058590385892
transfer__dataset_07__to__dataset_06,soh_estimation,nominal_transfer,cross_cell,SOH ratio,cnn,6.0,5,0.8862584013478095,0.516527126457617,0.876918931772452,1.1330374214753054,1.0508503380625243
transfer__dataset_07__to__dataset_06,soh_estimation,nominal_transfer,cross_cell,SOH ratio,linear,7.0,5,3.2073104647296047,4.965068306494546e-16,3.152012541335981,3.913333959035529,3.7151744471649777
transfer__dataset_07__to__dataset_08,soh_estimation,nominal_transfer,cross_cell,SOH ratio,transformer,1.0,5,0.09836169395049424,0.03612373633551965,0.08499495436686416,0.09740422472769865,0.08379573903571105
transfer__dataset_07__to__dataset_08,soh_estimation,nominal_transfer,cross_cell,SOH ratio,xgboost,2.0,5,0.18667041096517945,0.0,0.17849676524869185,0.18667972490169296,0.17918161130076604
transfer__dataset_07__to__dataset_08,soh_estimation,nominal_transfer,cross_cell,SOH ratio,lstm,3.0,5,0.20986581764608525,0.057676624895405496,0.19877502954611176,0.2094272998093492,0.1991101566737117
transfer__dataset_07__to__dataset_08,soh_estimation,nominal_transfer,cross_cell,SOH ratio,pinn,4.0,5,0.29105914872315514,0.03817008658187551,0.27570343177581846,0.2927783866071967,0.27718555693462926
transfer__dataset_07__to__dataset_08,soh_estimation,nominal_transfer,cross_cell,SOH ratio,cnn,5.0,5,0.3240092169690325,0.26077913099757766,0.31496737541174086,0.3219535218844119,0.30679104844634647
transfer__dataset_07__to__dataset_08,soh_estimation,nominal_transfer,cross_cell,SOH ratio,rf,6.0,5,0.34071268206875455,0.007791701396528969,0.33483411281495457,0.3405599170732261,0.3350804201241874
transfer__dataset_07__to__dataset_08,soh_estimation,nominal_transfer,cross_cell,SOH ratio,linear,7.0,5,3.8321946971474987,4.965068306494546e-16,3.830434655979107,3.827783917924505,3.825970144360447
transfer__dataset_08__to__dataset_06,soh_estimation,nominal_transfer,cross_cell,SOH ratio,xgboost,1.0,5,0.06788965818165939,0.0,0.0574995699982533,0.07143994995836299,0.05373791084854949
transfer__dataset_08__to__dataset_06,soh_estimation,nominal_transfer,cross_cell,SOH ratio,rf,2.0,5,0.07124307323267061,0.0007176136950669121,0.0613043215991403,0.07742344626731976,0.059363110868830435
transfer__dataset_08__to__dataset_06,soh_estimation,nominal_transfer,cross_cell,SOH ratio,lstm,3.0,5,0.1029995170063454,0.01563063158797334,0.09408573786594335,0.1067274820339967,0.09114802922181477
transfer__dataset_08__to__dataset_06,soh_estimation,nominal_transfer,cross_cell,SOH ratio,transformer,4.0,5,0.11515971007437323,0.009416947875877352,0.10609952417028139,0.10823891035975422,0.09185609582529644
transfer__dataset_08__to__dataset_06,soh_estimation,nominal_transfer,cross_cell,SOH ratio,pinn,5.0,5,0.13911434979841447,0.07904892314521443,0.11360414667273042,0.14293795265585899,0.10944559764040356
transfer__dataset_08__to__dataset_06,soh_estimation,nominal_transfer,cross_cell,SOH ratio,linear,6.0,5,1.1684826136726059,0.0,1.1613415884561837,0.9520294698689952,0.8922942011296431
transfer__dataset_08__to__dataset_06,soh_estimation,nominal_transfer,cross_cell,SOH ratio,cnn,7.0,5,4.396753865325327,0.8312274286639699,4.394969417223764,7.654827829457074,7.095438349922503
transfer__dataset_08__to__dataset_07,soh_estimation,nominal_transfer,cross_cell,SOH ratio,pinn,1.0,5,0.27321730149623963,0.02977801884231644,0.22433154308266406,0.2757010594141397,0.2243403342514089
transfer__dataset_08__to__dataset_07,soh_estimation,nominal_transfer,cross_cell,SOH ratio,xgboost,2.0,5,0.28473966681915863,0.0,0.23587609000783177,0.2856636038966295,0.23587972852430278
transfer__dataset_08__to__dataset_07,soh_estimation,nominal_transfer,cross_cell,SOH ratio,rf,3.0,5,0.28823727156073575,0.0007995359298462331,0.23921336098662405,0.2891501514924769,0.2392169369173554
transfer__dataset_08__to__dataset_07,soh_estimation,nominal_transfer,cross_cell,SOH ratio,transformer,4.0,5,0.2909847656972372,0.01070579786222591,0.24477526369730893,0.2918236600574742,0.24477789398733485
transfer__dataset_08__to__dataset_07,soh_estimation,nominal_transfer,cross_cell,SOH ratio,lstm,5.0,5,0.3161747352495769,0.01837282637596001,0.27059757292509923,0.31703412116980306,0.2706012941190853
transfer__dataset_08__to__dataset_07,soh_estimation,nominal_transfer,cross_cell,SOH ratio,cnn,6.0,5,0.36470273755853044,0.24162046110070615,0.3597917487428792,0.3647909365533569,0.35979426223922384
transfer__dataset_08__to__dataset_07,soh_estimation,nominal_transfer,cross_cell,SOH ratio,linear,7.0,5,0.6144073076805118,0.0,0.6107070952001579,0.6145117737289602,0.6107098531330707
